timestamp,dhtTemp,dhthum,LDR value,rainValue,aqi value,bmpTemp,pressure,altitude,rainStatusNum,weather_condition,AQI_Category
2024-11-04T12:37:31-05:00,30.2,79,687,999,396,30.72,1008.62531,28.16959,No Rain,Rainy,Hazardous
2024-11-04T12:38:33-05:00,29.8,77,688,404,397,30.72,1008.61737,28.23564,Moderate Rain,Hazy,Hazardous
2024-11-04T12:39:35-05:00,29.9,78,715,506,413,30.72,1008.62201,28.19682,Moderate Rain,Rainy,Hazardous
2024-11-04T12:40:37-05:00,30.8,80,708,585,345,30.72,1008.61108,28.28807,Moderate Rain,Rainy,Hazardous
2024-11-04T12:41:39-05:00,31.3,81,753,584,366,30.71,1008.59741,28.40253,Moderate Rain,Rainy,Hazardous
2024-11-04T12:42:40-05:00,32.3,82,758,566,357,30.71,1008.58484,28.5074,Moderate Rain,Rainy,Hazardous
2024-11-04T12:43:42-05:00,29.3,75,747,562,354,30.73,1008.59003,28.46404,Moderate Rain,Rainy,Hazardous
2024-11-04T12:44:44-05:00,28.9,76,754,564,373,30.74,1008.58875,28.47513,Moderate Rain,Rainy,Hazardous
2024-11-04T12:45:46-05:00,25.3,73,750,568,348,30.76,1008.57733,28.57043,Moderate Rain,Rainy,Hazardous
2024-11-04T12:46:48-05:00,22.9,74,692,578,384,30.75,1008.57971,28.55026,Moderate Rain,Rainy,Hazardous
2024-11-04T12:47:50-05:00,23,72,763,586,423,30.75,1008.56232,28.69597,Moderate Rain,Rainy,Hazardous
2024-11-04T12:48:52-05:00,23.4,73,702,595,412,30.77,1008.5639,28.68287,Moderate Rain,Rainy,Hazardous
2024-11-04T12:49:54-05:00,60.1,71,691,427,411,30.77,1008.54663,28.82707,Moderate Rain,Hazy,Hazardous
2024-11-04T12:50:56-05:00,23.8,70,705,510,414,30.73,1008.52075,29.04338,Moderate Rain,Rainy,Hazardous
2024-11-04T12:51:58-05:00,24.1,69,696,534,415,30.75,1008.53204,28.94909,Moderate Rain,Rainy,Hazardous
2024-11-04T12:53:00-05:00,24.5,83,721,590,425,30.75,1008.52344,29.02069,Moderate Rain,Rainy,Hazardous
2024-11-04T12:54:02-05:00,24.8,84,720,632,420,30.74,1008.51331,29.1054,Light Rain,Rainy,Hazardous
2024-11-04T12:55:03-05:00,24.2,66,729,615,407,30.74,1008.48407,29.34996,Light Rain,Rainy,Hazardous
2024-11-04T12:56:05-05:00,22.6,11,700,665,409,30.73,1008.4422,29.69991,Light Rain,Rainy,Hazardous
2024-11-04T12:57:07-05:00,23.7,98,732,702,417,30.76,1008.43628,29.74933,Light Rain,Rainy,Hazardous
2024-11-04T12:58:09-05:00,23.5,68,765,750,419,30.76,1008.40369,30.02214,Light Rain,Rainy,Hazardous
2024-11-04T12:59:11-05:00,21,67,709,785,403,30.77,1008.39502,30.09425,Light Rain,Rainy,Hazardous
2024-11-04T13:00:13-05:00,21.4,65,752,801,402,30.79,1008.367,30.32874,Light Rain,Rainy,Hazardous
2024-11-04T13:01:15-05:00,20.6,64,760,813,401,30.81,1008.34564,30.50726,Light Rain,Rainy,Hazardous
2024-11-04T13:02:16-05:00,20.2,63,770,833,408,30.91,1008.34924,30.477,Light Rain,Rainy,Hazardous
2024-11-04T13:03:45-05:00,18.2,59,718,852,399,31,1008.34985,30.47196,Light Rain,Rainy,Hazardous
2024-11-04T13:04:46-05:00,18.6,58,726,868,355,31.02,1008.32843,30.65099,Light Rain,Rainy,Hazardous
2024-11-04T13:05:48-05:00,19.4,86,739,871,406,31.08,1008.26202,31.20624,Light Rain,Rainy,Hazardous
2024-11-04T13:06:50-05:00,19.8,87,728,453,400,31.11,1008.27045,31.13614,Moderate Rain,Hazy,Hazardous
2024-11-04T13:07:52-05:00,20.3,88,759,694,404,31.07,1008.23248,31.45337,Light Rain,Rainy,Hazardous
2024-11-04T13:08:53-05:00,18.3,85,766,756,405,31.04,1008.23279,31.45085,Light Rain,Rainy,Hazardous
2024-11-04T13:09:56-05:00,21.8,89,764,830,416,31.01,1008.22162,31.54415,Light Rain,Rainy,Hazardous
2024-11-04T13:10:57-05:00,22.2,38,775,856,372,30.99,1008.21075,31.63494,Light Rain,Rainy,Hazardous
2024-11-04T13:11:59-05:00,22.7,37,782,874,362,30.95,1008.18701,31.83365,Light Rain,Rainy,Hazardous
2024-11-04T13:13:01-05:00,26.2,45,769,880,364,30.93,1008.16656,32.00463,Light Rain,Rainy,Hazardous
2024-11-04T13:14:03-05:00,22.3,53,768,895,378,30.93,1008.14709,32.16755,Light Rain,Rainy,Hazardous
2024-11-04T13:15:05-05:00,21.1,62,776,898,351,30.91,1008.12872,32.32088,Light Rain,Rainy,Hazardous
2024-11-04T13:16:07-05:00,21.9,60,742,885,353,30.94,1008.11938,32.39906,Light Rain,Rainy,Hazardous
2024-11-04T13:17:09-05:00,22.8,57,717,907,360,30.99,1008.10596,32.51154,No Rain,Rainy,Hazardous
2024-11-04T13:18:10-05:00,24.6,56,714,924,371,31.03,1008.06525,32.85151,No Rain,Rainy,Hazardous
2024-11-04T13:19:12-05:00,25.8,93,741,932,352,31.05,1008.04498,33.021,No Rain,Rainy,Hazardous
2024-11-04T13:20:14-05:00,23.3,91,698,945,361,31.06,1008.02704,33.17131,No Rain,Rainy,Hazardous
2024-11-04T13:21:16-05:00,24,52,751,952,356,31.06,1008.0094,33.31861,No Rain,Rainy,Hazardous
2024-11-04T13:22:18-05:00,19,46,1024,960,363,31.04,1007.96381,33.69997,No Rain,Rainy,Hazardous
2024-11-04T13:23:20-05:00,18.8,41,0,473,359,31.02,1007.93976,33.90125,Moderate Rain,Cloudy,Hazardous
2024-11-04T13:24:21-05:00,33.8,51,5,476,358,30.96,1007.90393,34.2009,Moderate Rain,Cloudy,Hazardous
2024-11-04T13:25:23-05:00,33.2,49,4,597,374,30.93,1007.8764,34.43095,Moderate Rain,Rainy,Hazardous
2024-11-04T13:26:25-05:00,28.5,48,10,773,367,30.94,1007.86133,34.55707,Light Rain,Rainy,Hazardous
2024-11-04T13:27:27-05:00,19.5,50,6,740,350,30.92,1007.84265,34.71347,Light Rain,Rainy,Hazardous
2024-11-04T13:28:29-05:00,27.6,47,45,832,375,30.99,1007.82935,34.82446,Light Rain,Rainy,Hazardous
2024-11-04T13:29:30-05:00,28,48,748,882,365,30.92,1007.80951,34.99044,Light Rain,Rainy,Hazardous
2024-11-04T13:30:32-05:00,27.1,61,793,896,346,30.93,1007.76477,35.3648,Light Rain,Rainy,Hazardous
2024-11-04T13:31:34-05:00,26.7,54,738,913,385,30.92,1007.74341,35.54341,No Rain,Rainy,Hazardous
2024-11-04T13:32:36-05:00,28.4,55,745,914,389,30.91,1007.70685,35.84917,No Rain,Rainy,Hazardous
2024-11-04T13:33:37-05:00,29.4,56,792,921,391,30.91,1007.6864,36.02021,No Rain,Rainy,Hazardous
2024-11-04T13:34:39-05:00,29.6,57,735,926,329,30.97,1007.6933,35.96269,No Rain,Rainy,Hazardous
2024-11-04T13:35:41-05:00,26.4,82,798,940,332,30.98,1007.65845,36.25383,No Rain,Rainy,Hazardous
2024-11-04T13:36:43-05:00,27.7,76,794,951,326,31.03,1007.64081,36.40167,No Rain,Rainy,Hazardous
2024-11-04T13:37:44-05:00,33.3,73,762,963,340,31.06,1007.59717,36.76649,No Rain,Rainy,Hazardous
2024-11-04T13:38:46-05:00,32.8,72,797,805,343,31.05,1007.56409,37.04353,Light Rain,Rainy,Hazardous
2024-11-04T13:39:48-05:00,33.8,71,799,948,349,31.05,1007.54749,37.1823,No Rain,Rainy,Hazardous
2024-11-04T13:40:49-05:00,32.3,68,725,968,390,31.03,1007.52576,37.36396,No Rain,Rainy,Hazardous
2024-11-04T13:41:51-05:00,31.8,69,757,975,394,31.02,1007.53674,37.27212,No Rain,Rainy,Hazardous
2024-11-04T13:42:53-05:00,31.9,70,756,987,380,31.07,1007.52075,37.40585,No Rain,Rainy,Hazardous
2024-11-04T13:43:55-05:00,34.2,71,796,997,395,31.06,1007.4986,37.59155,No Rain,Rainy,Hazardous
2024-11-04T13:44:57-05:00,33.9,72,761,1004,334,31.05,1007.47931,37.75253,No Rain,Rainy,Hazardous
2024-11-04T13:45:59-05:00,35.2,73,788,1013,335,31.04,1007.46173,37.89989,No Rain,Rainy,Hazardous
2024-11-04T13:47:00-05:00,35.6,61,801,1022,336,31.02,1007.42578,38.20068,No Rain,Rainy,Hazardous
2024-11-04T13:48:03-05:00,34.7,58,780,1024,347,31.05,1007.39526,38.45604,No Rain,Rainy,Hazardous
2024-11-04T13:49:05-05:00,38.5,54,774,682,369,31.04,1007.39642,38.44595,Light Rain,Rainy,Hazardous
2024-11-04T13:50:07-05:00,38.6,60,841,867,376,31.05,1007.37622,38.61502,Light Rain,Rainy,Hazardous
2024-11-04T13:51:08-05:00,39,63,835,879,370,31.04,1007.35864,38.76239,Light Rain,Rainy,Hazardous
2024-11-04T13:52:10-05:00,39.2,65,837,897,368,31.03,1007.31189,39.15354,Light Rain,Rainy,Hazardous
2024-11-04T13:53:12-05:00,39.5,63,842,942,379,31.04,1007.26593,39.53814,No Rain,Rainy,Hazardous
2024-11-04T13:54:14-05:00,28.7,64,840,451,388,31.04,1007.23273,39.81575,Moderate Rain,Hazy,Hazardous
2024-11-04T13:55:16-05:00,35.5,62,860,941,382,31.04,1007.22015,39.92125,No Rain,Rainy,Hazardous
2024-11-04T13:56:18-05:00,35.4,63,869,262,430,31.04,1007.19843,40.10296,Heavy Rain,Hazy,Hazardous
2024-11-04T13:57:20-05:00,34,62,831,807,424,31.05,1007.18237,40.23723,Light Rain,Rainy,Hazardous
2024-11-04T13:58:21-05:00,32.6,64,826,825,418,31.05,1007.1358,40.62692,Light Rain,Rainy,Hazardous
2024-11-04T13:59:23-05:00,31.4,65,847,843,426,31.09,1007.12061,40.75413,Light Rain,Rainy,Hazardous
2024-11-04T14:00:26-05:00,30.1,66,737,949,427,31.09,1007.11725,40.78239,No Rain,Rainy,Hazardous
2024-11-04T14:01:29-05:00,29.7,67,787,956,410,31.1,1007.07928,41.09992,No Rain,Rainy,Hazardous
2024-11-04T14:02:33-05:00,30.3,68,838,972,330,31.15,1007.05725,41.28418,No Rain,Rainy,Hazardous
2024-11-04T14:04:01-05:00,30.6,69,836,988,392,31.16,1007.01111,41.67037,No Rain,Rainy,Hazardous
2024-11-04T14:05:02-05:00,32.7,70,866,1003,422,31.13,1007.01208,41.66229,No Rain,Rainy,Hazardous
2024-11-04T14:06:05-05:00,31.07,73.7,833,1009,421,31.14,1006.96295,42.07375,No Rain,Rainy,Hazardous
2024-11-04T14:07:07-05:00,31.04,67.61,825,1014,383,31.14,1006.92584,42.38424,No Rain,Rainy,Hazardous
2024-11-04T14:08:08-05:00,31.01,68.08,834,1017,431,31.15,1006.76154,43.75961,No Rain,Rainy,Hazardous
2024-11-04T14:09:10-05:00,30.99,67.17,855,1018,446,31.39,1006.73767,43.95907,No Rain,Rainy,Hazardous
2024-11-04T14:10:12-05:00,30.95,62.98,848,1021,428,31.34,1006.70349,44.24538,No Rain,Rainy,Hazardous
2024-11-04T14:11:14-05:00,30.93,62.64,861,1020,387,31.31,1006.69562,44.31153,No Rain,Rainy,Hazardous
2024-11-04T14:12:15-05:00,30.94,59.2,857,905,377,31.24,1006.65967,44.6125,No Rain,Rainy,Hazardous
2024-11-04T14:13:17-05:00,31.03,60.31,829,810,429,31.23,1006.64056,44.77207,Light Rain,Rainy,Hazardous
2024-11-04T14:14:19-05:00,31.05,68.99,845,550,437,31.14,1010.32983,13.93152,Moderate Rain,Rainy,Hazardous
2024-11-04T14:15:20-05:00,31.06,65.34,846,558,433,30.82,1010.35876,13.69035,Moderate Rain,Rainy,Hazardous
2024-11-04T14:16:22-05:00,30.96,61.83,823,569,434,30.73,1010.35846,13.69287,Moderate Rain,Rainy,Hazardous
2024-11-04T14:17:24-05:00,30.92,66,859,625,436,30.69,1010.38031,13.51061,Light Rain,Rainy,Hazardous
2024-11-04T14:18:25-05:00,30.97,65.74,805,624,435,30.69,1010.39227,13.41041,Light Rain,Rainy,Hazardous
2024-11-04T14:19:27-05:00,30.98,61.97,813,622,438,30.69,1010.38794,13.44666,Light Rain,Rainy,Hazardous
2024-11-04T14:20:29-05:00,31.09,59.85,749,627,444,30.7,1010.38721,13.45271,Light Rain,Rainy,Hazardous
2024-11-04T14:21:31-05:00,31.1,65.81,722,640,432,30.71,1010.37872,13.5237,Light Rain,Rainy,Hazardous
2024-11-04T14:22:32-05:00,31.15,69.58,711,657,303,30.7,1010.35687,13.70596,Light Rain,Rainy,Hazardous
2024-11-04T14:23:34-05:00,31.16,75.61,786,689,331,30.71,1010.3689,13.60576,Light Rain,Rainy,Hazardous
2024-11-04T14:25:44-05:00,31.13,75.79,730,519,291,30.74,1010.3855,13.46731,Moderate Rain,Rainy,Very Unhealthy
2024-11-04T14:26:48-05:00,31.14,73.93,865,582,255,30.74,1010.39612,13.3787,Moderate Rain,Rainy,Very Unhealthy
2024-11-04T14:27:50-05:00,31.39,74.3,843,741,233,30.77,1010.37036,13.59368,Light Rain,Rainy,Very Unhealthy
2024-11-04T14:28:52-05:00,31.34,57.27,868,748,440,30.77,1010.36639,13.62641,Light Rain,Rainy,Hazardous
2024-11-04T14:29:54-05:00,31.31,46.36,862,774,338,30.77,1010.35205,13.74624,Light Rain,Rainy,Hazardous
2024-11-04T14:30:56-05:00,31.24,48.12,849,806,339,30.77,1010.34467,13.80817,Light Rain,Rainy,Hazardous
2024-11-04T14:31:59-05:00,31.23,47.86,864,841,325,30.79,1010.82892,9.76692,Light Rain,Rainy,Hazardous
2024-11-04T14:33:01-05:00,30.82,54.38,850,853,465,31.74,1010.81,9.92445,Light Rain,Rainy,Hazardous
2024-11-04T14:34:03-05:00,30.69,51.18,858,861,307,31.74,1010.823,9.81624,Light Rain,Rainy,Hazardous
2024-11-04T14:35:05-05:00,30.7,56.29,824,878,283,31.73,1010.83954,9.67784,Light Rain,Rainy,Very Unhealthy
2024-11-04T14:36:07-05:00,31.74,62.94,822,883,289,31.71,1010.85919,9.51427,Light Rain,Rainy,Very Unhealthy
2024-11-04T14:37:09-05:00,31.73,51.84,821,886,232,31.72,1010.87463,9.38543,Light Rain,Rainy,Very Unhealthy
2024-11-04T14:38:10-05:00,31.71,69.23,814,892,250,31.72,1010.88336,9.31245,Light Rain,Rainy,Very Unhealthy
2024-11-04T14:39:12-05:00,31.72,73.69,723,901,279,31.74,1010.89954,9.17758,No Rain,Rainy,Very Unhealthy
2024-11-04T14:40:14-05:00,31.75,60.43,816,936,269,31.75,1010.91205,9.0729,No Rain,Rainy,Very Unhealthy
2024-11-05T12:24:33-05:00,31.76,56.58,820,943,294,31.76,1010.9339,8.89072,No Rain,Rainy,Very Unhealthy
2024-11-05T12:25:35-05:00,31.77,83.72,706,944,267,31.77,1010.9342,8.8882,No Rain,Rainy,Very Unhealthy
2024-11-05T12:26:37-05:00,31.79,89.92,828,916,276,31.79,1010.95032,8.75383,No Rain,Rainy,Very Unhealthy
2024-11-05T12:27:39-05:00,31.81,84.21,818,955,263,31.81,1010.96906,8.59732,No Rain,Rainy,Very Unhealthy
2024-11-05T12:28:41-05:00,31.82,81.81,811,962,262,31.82,1010.97516,8.5465,No Rain,Rainy,Very Unhealthy
2024-11-05T12:29:42-05:00,31.84,69.92,810,966,272,31.84,1010.96997,8.58978,No Rain,Rainy,Very Unhealthy
2024-11-05T12:30:45-05:00,31.87,52.24,853,973,235,31.87,1010.96124,8.66275,No Rain,Rainy,Very Unhealthy
2024-11-05T12:31:47-05:00,31.9,56.26,727,976,253,31.87,1010.96857,8.60135,No Rain,Rainy,Very Unhealthy
2024-11-05T12:32:49-05:00,31.92,54.94,734,980,268,31.9,1010.96234,8.65369,No Rain,Rainy,Very Unhealthy
2024-11-05T12:33:50-05:00,31.93,52.22,740,978,381,31.92,1010.96167,8.65922,No Rain,Rainy,Hazardous
2024-11-05T12:34:52-05:00,31.95,64.82,733,981,398,31.93,1010.97797,8.52335,No Rain,Rainy,Hazardous
2024-11-05T12:35:53-05:00,31.97,69.39,712,985,460,31.93,1010.98608,8.45541,No Rain,Rainy,Hazardous
2024-11-05T12:36:55-05:00,31.98,63.57,773,993,393,31.95,1011.01642,8.20229,No Rain,Rainy,Hazardous
2024-11-05T12:37:57-05:00,32,77.15,716,996,327,31.97,1011.03406,8.05535,No Rain,Rainy,Hazardous
2024-11-05T12:38:59-05:00,32.02,67.14,789,1002,344,31.98,1011.03467,8.05032,No Rain,Rainy,Hazardous
2024-11-05T12:40:01-05:00,32.03,69.91,800,1005,386,32,1011.0415,7.99295,No Rain,Rainy,Hazardous
2024-11-05T12:41:03-05:00,32.06,66.33,674,1008,477,32.02,1011.05719,7.86212,No Rain,Rainy,Hazardous
2024-11-05T12:42:04-05:00,32.05,63.61,680,1012,337,32.03,1011.05487,7.88174,No Rain,Rainy,Hazardous
2024-11-05T12:43:06-05:00,32.07,72.03,668,1016,306,32.03,1011.02905,8.09712,No Rain,Rainy,Hazardous
2024-11-05T12:44:08-05:00,32.08,74.93,746,1023,209,32.06,1011.03296,8.06441,No Rain,Rainy,Very Unhealthy
2024-11-05T12:45:09-05:00,32.09,73.55,807,708,174,32.05,1011.00842,8.26922,Light Rain,Rainy,Unhealthy
2024-11-05T12:46:11-05:00,32.12,76.15,812,709,178,32.05,1011.0094,8.26066,Light Rain,Rainy,Unhealthy
2024-11-05T12:47:13-05:00,32.1,73.11,744,710,173,32.06,1010.9906,8.41767,Light Rain,Rainy,Unhealthy
2024-11-05T12:48:15-05:00,32.04,74.87,806,701,476,32.07,1010.97974,8.50825,Light Rain,Rainy,Hazardous
2024-11-05T12:49:17-05:00,32.01,76.2,713,749,56,32.08,1010.9903,8.42019,Light Rain,Rainy,Moderate
2024-11-05T12:50:19-05:00,31.96,73.83,685,758,155,32.08,1010.98138,8.49466,Light Rain,Rainy,Unhealthy
2024-11-05T12:51:21-05:00,31.94,76.55,686,753,500,32.09,1010.99731,8.36181,Light Rain,Rainy,Hazardous
2024-11-05T12:52:22-05:00,31.91,64.99,675,762,161,32.12,1011.00537,8.29438,Light Rain,Rainy,Unhealthy
2024-11-05T12:53:24-05:00,31.44,74.36,736,696,453,32.1,1011.04669,7.94967,Light Rain,Rainy,Hazardous
2024-11-05T12:54:26-05:00,31.36,77.63,772,693,164,32.08,1011.03705,8.03019,Light Rain,Rainy,Unhealthy
2024-11-05T12:55:27-05:00,31.35,81.54,879,706,172,32.06,1011.04346,7.97685,Light Rain,Rainy,Unhealthy
2024-11-05T12:56:30-05:00,31.33,78.07,844,716,265,32.06,1011.0647,7.79972,Light Rain,Rainy,Very Unhealthy
2024-11-05T12:57:31-05:00,31.38,78.02,867,722,238,32.06,1011.06116,7.82891,Light Rain,Rainy,Very Unhealthy
2024-11-05T12:58:33-05:00,31.37,75.25,871,726,236,32.05,1011.04846,7.93508,Light Rain,Rainy,Very Unhealthy
2024-11-05T12:59:35-05:00,31.45,64.41,873,703,245,32.04,1011.04749,7.94313,Light Rain,Rainy,Very Unhealthy
2024-11-05T13:00:37-05:00,31.46,53.54,870,727,184,32.05,1011.03534,8.04428,Light Rain,Rainy,Unhealthy
2024-11-05T13:01:38-05:00,31.47,61.87,808,764,206,32.06,1011.04919,7.92904,Light Rain,Rainy,Very Unhealthy
2024-11-05T13:02:40-05:00,31.48,62.28,778,757,188,32.06,1011.04108,7.99647,Light Rain,Rainy,Unhealthy
2024-11-05T13:03:42-05:00,31.5,64.51,676,770,190,32.07,1011.03796,8.02264,Light Rain,Rainy,Unhealthy
2024-11-05T13:04:43-05:00,31.51,67.49,830,729,187,32.08,1011.01221,8.23751,Light Rain,Rainy,Unhealthy
2024-11-05T13:05:45-05:00,31.52,70.72,802,735,439,32.07,1011.0022,8.32105,Light Rain,Rainy,Hazardous
2024-11-05T13:06:47-05:00,31.54,64.16,852,715,464,32.07,1010.98718,8.44635,Light Rain,Rainy,Hazardous
2024-11-05T13:07:49-05:00,31.56,72.16,832,730,456,32.09,1010.9881,8.4388,Light Rain,Rainy,Hazardous
2024-11-05T13:08:50-05:00,31.57,74.93,856,759,320,32.09,1010.98132,8.49517,Light Rain,Rainy,Hazardous
2024-11-05T13:09:52-05:00,31.59,69.8,819,763,305,32.09,1010.99188,8.4071,Light Rain,Rainy,Hazardous
2024-11-05T13:10:54-05:00,31.61,73.2,783,765,300,32.09,1010.96765,8.6094,Light Rain,Rainy,Very Unhealthy
2024-11-05T13:11:56-05:00,31.63,74.73,781,776,317,32.09,1010.97339,8.56109,Light Rain,Rainy,Hazardous
2024-11-05T13:12:57-05:00,31.64,78.37,817,777,315,32.09,1010.97266,8.56763,Light Rain,Rainy,Hazardous
2024-11-05T13:13:59-05:00,31.65,74.08,881,709,310,32.08,1010.99408,8.38848,Light Rain,Rainy,Hazardous
2024-11-05T13:15:01-05:00,31.66,72.45,912,769,323,32.07,1011.01233,8.23651,Light Rain,Rainy,Hazardous
2024-11-05T13:16:03-05:00,31.67,69.72,876,728,282,32.06,1010.99469,8.38345,Light Rain,Rainy,Very Unhealthy
2024-11-05T13:17:04-05:00,31.68,71.36,785,746,485,32.06,1011.01141,8.24406,Light Rain,Rainy,Hazardous
2024-11-05T13:18:06-05:00,31.69,73.51,784,691,301,32.06,1011.05609,7.87117,Light Rain,Rainy,Hazardous
2024-11-05T13:19:08-05:00,31.78,72.96,771,720,292,32.05,1011.05658,7.86715,Light Rain,Rainy,Very Unhealthy
2024-11-05T13:20:10-05:00,31.8,72.96,854,761,443,32.04,1011.07422,7.72021,Light Rain,Rainy,Hazardous
2024-11-05T13:21:11-05:00,31.83,71.85,880,751,457,32.05,1011.09595,7.53906,Light Rain,Rainy,Hazardous
2024-11-05T13:22:13-05:00,31.85,66.67,877,692,447,32.04,1011.11047,7.4178,Light Rain,Rainy,Hazardous
2024-11-05T13:23:15-05:00,30.56,69.16,895,754,481,32.04,1011.12811,7.27036,Light Rain,Rainy,Hazardous
2024-11-05T13:24:17-05:00,30.58,71.89,885,755,150,32.04,1011.13141,7.24319,Light Rain,Rainy,Unhealthy for Sensitive Groups
2024-11-05T13:25:18-05:00,30.63,72.82,886,41,442,32.02,1011.15161,7.07463,Heavy Rain,Hazy,Hazardous
2024-11-05T13:26:20-05:00,30.65,72.23,888,165,239,32.03,1011.16022,7.00268,Heavy Rain,Hazy,Very Unhealthy
2024-11-05T13:27:22-05:00,30.86,65.32,893,31,450,32.03,1011.15735,7.02683,Heavy Rain,Hazy,Hazardous
2024-11-05T13:28:24-05:00,31.12,69.17,890,32,128,32.02,1011.14648,7.1174,Heavy Rain,Hazy,Unhealthy for Sensitive Groups
2024-11-05T13:29:25-05:00,31.17,72.46,896,147,462,32.01,1011.16248,6.98406,Heavy Rain,Hazy,Hazardous
2024-11-05T13:30:27-05:00,31.22,69.29,908,34,311,32,1011.15405,7.054,Heavy Rain,Hazy,Hazardous
2024-11-05T13:31:32-05:00,31.25,71.66,892,107,298,32,1011.17999,6.83764,Heavy Rain,Hazy,Very Unhealthy
2024-11-05T13:32:34-05:00,31.27,61.26,883,804,324,31.98,1011.16327,6.97752,Light Rain,Rainy,Hazardous
2024-11-06T05:48:40-05:00,31.29,73.04,618,448,302,31.96,1011.15002,7.08771,Moderate Rain,Hazy,Hazardous
2024-11-06T05:49:42-05:00,31.4,69.24,678,272,318,31.96,1011.15747,7.02582,Heavy Rain,Hazy,Hazardous
2024-11-06T05:50:44-05:00,31.41,72.54,596,745,304,31.95,1011.15283,7.06457,Light Rain,Rainy,Hazardous
2024-11-06T05:51:42-05:00,31.53,69.45,522,788,153,31.96,1011.14771,7.10734,Light Rain,Rainy,Unhealthy
2024-11-06T05:52:43-05:00,29.13,71.72,475,736,183,31.96,1011.15851,7.01677,Light Rain,Rainy,Unhealthy
2024-11-06T05:53:45-05:00,29.09,72.35,900,787,296,31.95,1011.16528,6.96041,Light Rain,Rainy,Very Unhealthy
2024-11-06T05:54:47-05:00,29.11,63.09,889,797,479,31.95,1011.17236,6.90154,Light Rain,Rainy,Hazardous
2024-11-06T05:55:48-05:00,29.14,67.03,878,796,297,31.95,1011.16034,7.00167,Light Rain,Rainy,Very Unhealthy
2024-11-06T05:56:50-05:00,29.16,63.15,684,760,293,31.97,1011.1283,7.26886,Light Rain,Rainy,Very Unhealthy
2024-11-06T05:57:52-05:00,29.17,70.62,693,798,313,31.98,1011.12781,7.27288,Light Rain,Rainy,Hazardous
2024-11-06T05:58:54-05:00,29.15,67.4,663,721,295,31.98,1011.14917,7.09476,Light Rain,Rainy,Very Unhealthy
2024-11-06T05:59:56-05:00,29.12,67.49,694,766,328,31.98,1011.15796,7.0218,Light Rain,Rainy,Hazardous
2024-11-06T06:00:58-05:00,29.18,65.4,667,794,309,31.96,1011.15845,7.01727,Light Rain,Rainy,Hazardous
2024-11-06T06:01:59-05:00,29.2,68.86,951,747,341,31.96,1011.1543,7.05199,Light Rain,Rainy,Hazardous
2024-11-06T06:03:01-05:00,29.22,69.67,701,790,333,31.94,1011.18188,6.82204,Light Rain,Rainy,Hazardous
2024-11-06T06:04:03-05:00,29.21,71.59,664,800,141,31.94,1011.53632,3.86593,Light Rain,Rainy,Unhealthy for Sensitive Groups
2024-11-06T06:05:05-05:00,29.23,78.76,627,836,130,31.93,1011.52112,3.99269,Light Rain,Rainy,Unhealthy for Sensitive Groups
2024-11-06T06:06:06-05:00,29.25,77.43,580,840,321,31.91,1011.54407,3.80155,Light Rain,Rainy,Hazardous
2024-11-06T06:07:08-05:00,29.27,80.7,591,835,316,31.92,1011.54437,3.79903,Light Rain,Rainy,Hazardous
2024-11-06T06:08:10-05:00,29.29,76.28,512,865,319,31.93,1011.54541,3.78998,Light Rain,Rainy,Hazardous
2024-11-06T06:09:12-05:00,29.39,75.31,569,870,322,31.93,1011.53455,3.88052,Light Rain,Rainy,Hazardous
2024-11-06T06:10:13-05:00,26.46,72.78,552,849,237,31.44,1011.52533,3.95748,Light Rain,Rainy,Very Unhealthy
2024-11-06T06:11:15-05:00,26.49,71.61,601,859,216,31.39,1011.52814,3.93434,Light Rain,Rainy,Very Unhealthy
2024-11-06T06:12:17-05:00,26.5,73.24,546,784,249,31.36,1011.54718,3.77539,Light Rain,Rainy,Very Unhealthy
2024-11-06T06:15:30-05:00,26.53,72.48,564,802,278,31.35,1011.53485,3.878,Light Rain,Rainy,Very Unhealthy
2024-11-06T06:16:34-05:00,26.55,69.03,541,842,266,31.34,1011.55078,3.74521,Light Rain,Rainy,Very Unhealthy
2024-11-06T06:18:42-05:00,26.56,71.94,536,838,271,31.33,1011.54596,3.78545,Light Rain,Rainy,Very Unhealthy
2024-11-06T06:19:43-05:00,26.58,80.33,555,834,227,31.31,1011.52753,3.93937,Light Rain,Rainy,Very Unhealthy
2024-11-06T06:20:46-05:00,26.61,76.21,480,828,220,31.31,1011.51257,4.06412,Light Rain,Rainy,Very Unhealthy
2024-11-06T06:21:48-05:00,26.63,84.39,517,858,224,31.38,1011.51154,4.07267,Light Rain,Rainy,Very Unhealthy
2024-11-06T06:22:50-05:00,26.65,81.05,550,829,105,31.37,1011.50531,4.12448,Light Rain,Rainy,Unhealthy for Sensitive Groups
2024-11-06T06:23:52-05:00,26.66,73.57,777,846,146,31.37,1011.50232,4.14963,Light Rain,Rainy,Unhealthy for Sensitive Groups
2024-11-06T06:24:54-05:00,26.67,77.13,941,837,143,31.45,1011.5047,4.12951,Light Rain,Rainy,Unhealthy for Sensitive Groups
2024-11-06T06:25:55-05:00,26.68,76.39,795,824,134,31.46,1011.47986,4.33676,Light Rain,Rainy,Unhealthy for Sensitive Groups
2024-11-06T06:26:57-05:00,26.69,76.36,804,823,145,31.46,1011.46857,4.43083,Light Rain,Rainy,Unhealthy for Sensitive Groups
2024-11-06T06:27:59-05:00,26.7,72.6,809,826,196,31.47,1011.44983,4.58727,Light Rain,Rainy,Unhealthy
2024-11-06T06:29:01-05:00,32.93,76.43,710,845,198,31.48,1011.44366,4.63859,Light Rain,Rainy,Unhealthy
2024-11-06T06:30:02-05:00,32.89,80.19,703,814,199,31.5,1011.4458,4.62098,Light Rain,Rainy,Unhealthy
2024-11-06T06:31:04-05:00,32.91,88.98,976,744,166,31.51,1011.44135,4.6582,Light Rain,Rainy,Unhealthy
2024-11-06T06:32:06-05:00,32.83,78.43,428,712,169,31.51,1011.44116,4.65971,Light Rain,Rainy,Unhealthy
2024-11-06T06:33:08-05:00,32.95,80.69,355,786,138,31.52,1011.44708,4.60991,Light Rain,Rainy,Unhealthy for Sensitive Groups
2024-11-06T06:34:09-05:00,32.61,88.73,364,732,185,31.54,1011.43073,4.74674,Light Rain,Rainy,Unhealthy
2024-11-06T06:35:11-05:00,32.88,86.5,352,844,180,31.54,1011.42487,4.79554,Light Rain,Rainy,Unhealthy
2024-11-06T06:36:13-05:00,32.9,84.12,974,848,182,31.56,1011.42877,4.76284,Light Rain,Rainy,Unhealthy
2024-11-06T06:37:15-05:00,32.92,81.37,113,869,189,31.57,1011.40607,4.95199,Light Rain,Rainy,Unhealthy
2024-11-06T06:38:16-05:00,32.71,81.83,316,847,176,31.59,1011.40033,5.00028,Light Rain,Rainy,Unhealthy
2024-11-06T06:39:18-05:00,32.73,85.59,329,855,200,31.61,1011.37671,5.19698,Light Rain,Rainy,Unhealthy
2024-11-06T06:40:20-05:00,32.74,83.6,927,822,201,31.63,1011.36487,5.29559,Light Rain,Rainy,Very Unhealthy
2024-11-06T06:41:22-05:00,32.75,83.3,874,821,194,31.63,1011.34186,5.48777,Light Rain,Rainy,Unhealthy
2024-11-06T06:42:24-05:00,33.79,86.85,336,831,191,31.64,1011.32617,5.61857,Light Rain,Rainy,Unhealthy
2024-11-06T06:43:26-05:00,33.81,88.86,351,816,186,31.65,1011.323,5.64523,Light Rain,Rainy,Unhealthy
2024-11-06T06:44:29-05:00,34.01,86.51,704,708,195,31.66,1011.29187,5.90484,Light Rain,Rainy,Unhealthy
2024-11-06T06:45:30-05:00,34.03,87,543,820,193,31.66,1011.27966,6.00646,Light Rain,Rainy,Unhealthy
2024-11-06T06:46:32-05:00,34.04,83.35,487,812,192,31.67,1011.24921,6.26054,Light Rain,Rainy,Unhealthy
2024-11-06T06:47:34-05:00,34.08,90.71,482,811,225,31.68,1011.25079,6.24746,Light Rain,Rainy,Very Unhealthy
2024-11-06T06:48:36-05:00,34.14,89.2,502,818,223,31.69,1011.26001,6.17048,Light Rain,Rainy,Very Unhealthy
2024-11-06T06:49:39-05:00,33.55,88.99,379,817,177,31.69,1011.2807,5.99791,Light Rain,Rainy,Unhealthy
2024-11-06T06:50:41-05:00,33.01,78.46,421,772,162,31.69,1011.29687,5.86308,Light Rain,Rainy,Unhealthy
2024-11-06T06:51:43-05:00,33.3,80.09,377,717,137,31.71,1011.29486,5.87968,Light Rain,Rainy,Unhealthy for Sensitive Groups
2024-11-06T06:52:45-05:00,32.79,94.16,376,718,129,31.73,1011.27325,6.05979,Light Rain,Rainy,Unhealthy for Sensitive Groups
2024-11-06T06:53:47-05:00,33.24,90.13,384,738,126,31.74,1011.26984,6.08847,Light Rain,Rainy,Unhealthy for Sensitive Groups
2024-11-06T06:54:49-05:00,33.11,86.47,388,713,131,31.77,1011.22321,6.47739,Light Rain,Rainy,Unhealthy for Sensitive Groups
2024-11-06T06:55:51-05:00,33.1,82.67,389,739,133,31.78,1011.20673,6.61475,Light Rain,Rainy,Unhealthy for Sensitive Groups
2024-11-06T06:56:53-05:00,33.05,76.43,382,792,125,31.76,1011.20953,6.5916,Light Rain,Rainy,Unhealthy for Sensitive Groups
2024-11-06T06:57:55-05:00,33.14,73.4,884,793,124,31.75,1011.22314,6.47789,Light Rain,Rainy,Unhealthy for Sensitive Groups
2024-11-06T06:58:57-05:00,33.02,75.6,933,675,123,31.74,1011.22778,6.43915,Light Rain,Rainy,Unhealthy for Sensitive Groups
2024-11-06T06:59:59-05:00,33.07,78.29,689,680,50,31.74,1011.22736,6.44267,Light Rain,Rainy,Good
2024-11-06T07:01:01-05:00,33.19,88.63,653,674,49,31.75,1011.20667,6.61525,Light Rain,Rainy,Good
2024-11-06T07:02:03-05:00,33.16,92.81,624,725,53,31.75,1011.16174,6.9901,Light Rain,Rainy,Moderate
2024-11-06T07:03:05-05:00,33.13,89.61,614,705,57,31.75,1011.16296,6.98004,Light Rain,Rainy,Moderate
2024-11-06T07:04:07-05:00,33.17,94.48,649,685,51,31.79,1011.1756,6.87437,Light Rain,Rainy,Moderate
2024-11-06T07:05:09-05:00,33.33,94.91,644,686,60,31.8,1011.15326,7.06105,Light Rain,Rainy,Moderate
2024-11-06T07:06:11-05:00,33.37,96.01,636,684,55,31.8,1011.14825,7.10231,Light Rain,Rainy,Moderate
2024-11-06T07:07:13-05:00,33.44,89.13,662,676,77,31.81,1011.12585,7.28949,Light Rain,Rainy,Moderate
2024-11-13T07:47:31-05:00,33.49,86.69,578,688,109,31.83,1011.1189,7.34735,Light Rain,Rainy,Unhealthy for Sensitive Groups
2024-11-13T07:48:33-05:00,33.52,87.31,992,723,81,31.85,1011.11438,7.38509,Light Rain,Rainy,Moderate
2024-11-13T09:21:15-05:00,33.57,87.24,629,768,65,31.87,1011.12061,7.33326,Light Rain,Rainy,Moderate
2024-11-13T09:22:17-05:00,33.58,80.64,615,734,99,31.82,1011.12231,7.31917,Light Rain,Rainy,Moderate
2024-11-13T09:23:16-05:00,33.61,83.12,598,724,98,31.79,1011.11139,7.41025,Light Rain,Rainy,Moderate
2024-11-13T09:24:18-05:00,33.62,83.38,907,742,94,31.79,1011.13892,7.1803,Light Rain,Rainy,Moderate
2024-11-13T09:25:20-05:00,33.64,81.21,913,778,92,31.81,1011.14081,7.1647,Light Rain,Rainy,Moderate
2024-11-13T09:26:22-05:00,33.63,87.28,982,873,87,31.79,1011.11768,7.35741,Light Rain,Rainy,Moderate
2024-11-13T09:27:24-05:00,33.67,90.29,307,775,88,31.77,1011.117,7.36345,Light Rain,Rainy,Moderate
2024-11-13T09:28:27-05:00,33.68,85.55,904,673,86,31.76,1011.09985,7.50636,Light Rain,Rainy,Moderate
2024-11-13T09:29:29-05:00,33.7,88.47,488,808,84,31.76,1011.10626,7.45302,Light Rain,Rainy,Moderate
2024-11-13T09:30:31-05:00,33.69,88.42,917,864,82,31.78,1011.13049,7.25074,Light Rain,Rainy,Moderate
2024-11-13T09:31:21-05:00,33.71,88.31,261,854,79,31.78,1011.12518,7.29502,Light Rain,Rainy,Moderate
2024-11-13T09:32:27-05:00,34.2,84.07,944,862,75,31.82,1011.12128,7.32773,Light Rain,Rainy,Moderate
2024-11-13T09:33:29-05:00,34.37,86.02,931,857,80,31.83,1011.11389,7.38911,Light Rain,Rainy,Moderate
2024-11-13T09:34:31-05:00,34.23,83.45,898,783,78,31.83,1011.11096,7.41377,Light Rain,Rainy,Moderate
2024-11-13T09:35:34-05:00,34.17,84.04,637,782,63,31.84,1011.1214,7.32672,Light Rain,Rainy,Moderate
2024-11-13T09:36:35-05:00,34.09,92.66,634,780,46,31.81,1011.12408,7.30408,Light Rain,Rainy,Good
2024-11-13T09:37:37-05:00,33.97,91.48,724,819,38,31.8,1011.10803,7.43792,Light Rain,Rainy,Good
2024-11-13T09:38:39-05:00,33.96,90.63,317,881,42,31.8,1011.12439,7.30156,Light Rain,Rainy,Good
2024-11-13T09:39:41-05:00,33.94,81.16,619,860,40,31.79,1011.11938,7.34333,Light Rain,Rainy,Good
2024-11-13T09:40:43-05:00,33.95,80.68,665,876,36,31.78,1011.10278,7.4817,Light Rain,Rainy,Good
2024-11-13T09:41:45-05:00,33.99,83.7,652,894,39,31.79,1011.09186,7.57278,Light Rain,Rainy,Good
2024-11-13T09:42:47-05:00,34,82.93,642,884,35,31.78,1011.09875,7.51541,Light Rain,Rainy,Good
2024-11-13T09:43:49-05:00,34.02,85.63,628,893,33,31.77,1011.11658,7.36697,Light Rain,Rainy,Good
2024-11-13T09:44:51-05:00,33.98,85.43,682,909,30,31.78,1011.11523,7.37805,No Rain,Rainy,Good
2024-11-13T09:45:54-05:00,33.93,81.56,673,888,32,31.77,1011.1156,7.37503,Light Rain,Rainy,Good
2024-11-13T09:46:56-05:00,33.89,83.24,625,908,19,31.76,1011.11993,7.3388,No Rain,Rainy,Good
2024-11-13T09:47:57-05:00,33.85,88.55,313,781,37,31.76,1011.10577,7.45704,Light Rain,Rainy,Good
2024-11-13T09:48:59-05:00,33.87,79.54,374,614,34,31.73,1011.10016,7.50384,Light Rain,Rainy,Good
2024-11-13T09:50:01-05:00,33.9,78.24,602,598,27,31.73,1011.10565,7.45805,Moderate Rain,Rainy,Good
2024-11-13T09:51:03-05:00,33.92,78.84,620,525,31,31.72,1011.09839,7.51843,Moderate Rain,Rainy,Good
2024-11-13T09:52:05-05:00,33.91,85.61,980,470,18,31.72,1011.09534,7.5441,Moderate Rain,Clear,Good
2024-11-13T10:11:08-05:00,30.66,86.53,607,890,58,31.73,1011.08221,7.65329,Light Rain,Rainy,Moderate
2024-11-13T10:12:10-05:00,30.64,92.01,600,889,85,31.72,1011.06268,7.81632,Light Rain,Rainy,Moderate
2024-11-13T10:13:12-05:00,30.61,83.89,610,679,74,31.73,1011.07751,7.69254,Light Rain,Rainy,Moderate
2024-11-13T10:14:14-05:00,30.55,88.1,640,690,76,31.75,1011.07062,7.75041,Light Rain,Rainy,Moderate
2024-11-13T10:15:18-05:00,30.54,92.24,604,677,68,31.79,1011.06158,7.82538,Light Rain,Rainy,Moderate
2024-11-13T10:16:20-05:00,30.57,90.9,670,666,71,31.78,1013.41296,-11.77151,Light Rain,Rainy,Moderate
2024-11-13T10:17:23-05:00,30.52,79.18,648,670,69,31.77,1013.44122,-12.00657,Light Rain,Rainy,Moderate
2024-11-13T10:18:25-05:00,30.49,77.46,622,866,72,31.79,1013.43298,-11.93826,Light Rain,Rainy,Moderate
2024-11-13T10:19:27-05:00,30.47,84.14,633,662,20,31.8,1013.38562,-11.54449,Light Rain,Rainy,Good
2024-11-13T10:20:29-05:00,30.5,74.42,616,626,23,31.82,1013.39471,-11.61983,Light Rain,Rainy,Good
2024-11-13T10:21:30-05:00,30.51,77.45,613,580,44,31.8,1013.28345,-10.69361,Moderate Rain,Rainy,Good
2024-11-13T10:22:33-05:00,30.41,81.01,645,592,64,31.82,1013.26154,-10.51077,Moderate Rain,Rainy,Moderate
2024-11-13T10:25:24-05:00,30.44,77.82,646,514,59,31.8,1013.26086,-10.50475,Moderate Rain,Rainy,Moderate
2024-11-13T10:26:26-05:00,30.46,76.76,687,567,41,31.8,1013.29065,-10.75289,Moderate Rain,Rainy,Good
2024-11-13T10:27:55-05:00,30.48,77.44,790,554,48,31.79,1013.29889,-10.82221,Moderate Rain,Rainy,Good
2024-11-13T10:28:56-05:00,30.45,82.76,681,600,10,30.56,1013.27374,-10.61224,Light Rain,Rainy,Good
2024-11-13T10:29:58-05:00,30.53,82.52,289,809,26,30.58,1013.25665,-10.47059,Light Rain,Rainy,Good
2024-11-13T10:31:00-05:00,30.43,79.97,267,547,24,30.63,1013.22455,-10.20235,Moderate Rain,Rainy,Good
2024-11-13T10:32:02-05:00,30.42,76.09,654,543,9,30.65,1013.18341,-9.85975,Moderate Rain,Rainy,Good
2024-11-23T09:18:20-05:00,30.4,72.17,690,535,28,30.69,1013.17084,-9.75526,Moderate Rain,Rainy,Good
2024-11-23T09:19:21-05:00,30.6,83.05,661,556,22,30.86,1013.15997,-9.66484,Moderate Rain,Rainy,Good
2024-11-23T09:28:56-05:00,30.62,85.24,657,480,25,30.94,1013.07281,-8.9394,Moderate Rain,Clear,Good
2024-11-23T09:29:59-05:00,30.59,90.4,655,518,21,31.14,1013.04248,-8.6862,Moderate Rain,Rainy,Good
2024-11-23T09:31:01-05:00,30.68,87.38,658,552,29,31.24,1013.00073,-8.33852,Moderate Rain,Rainy,Good
2024-11-23T09:32:03-05:00,31.86,82.48,666,714,16,31.1,1012.97888,-8.15665,Light Rain,Rainy,Good
2024-11-23T09:33:04-05:00,31.88,80.4,973,737,17,31.1,1012.97144,-8.09434,Light Rain,Rainy,Good
2024-11-23T09:34:06-05:00,31.89,74.02,484,795,11,31.09,1012.95422,-7.95165,Light Rain,Rainy,Good
2024-11-23T11:47:21-05:00,29.37,72.69,442,799,4,31.08,1012.90967,-7.57984,Light Rain,Rainy,Good
2024-11-23T11:48:22-05:00,29.38,74.53,542,711,62,31.09,1012.88452,-7.37081,Light Rain,Rainy,Moderate
2024-11-23T11:49:24-05:00,34.38,72.27,606,733,52,31.12,1012.85883,-7.15676,Light Rain,Rainy,Moderate
2024-11-23T11:50:25-05:00,34.52,82.56,608,697,54,31.12,1012.87604,-7.30047,Light Rain,Rainy,Moderate
2024-11-23T11:51:27-05:00,34.91,87.46,574,979,43,31.11,1012.87183,-7.2653,No Rain,Rainy,Good
2024-11-23T11:52:28-05:00,34.95,90.87,567,704,14,31.13,1012.86139,-7.17786,Light Rain,Rainy,Good
2024-11-23T11:53:29-05:00,34.93,90.16,556,628,8,31.17,1013.86139,-6.17786,Light Rain,Rainy,Good
2024-11-23T11:54:31-05:00,35.93,93.37,557,355,184,31.17,1012.81281,-6.77286,Moderate Rain,Hazy,Unhealthy
2024-11-23T11:55:32-05:00,34.72,83.14,558,365,197,31.22,1012.79272,-6.60603,Moderate Rain,Hazy,Unhealthy
2024-11-23T11:56:34-05:00,34.9,82.74,465,351,198,31.25,1012.77612,-6.46734,Moderate Rain,Hazy,Unhealthy
2024-11-23T11:57:50-05:00,34.87,76.02,452,113,188,31.27,1012.76843,-6.40402,Heavy Rain,Hazy,Unhealthy
2024-11-23T11:58:52-05:00,34.81,82.61,461,315,173,31.29,1017.36719,-44.64458,Moderate Rain,Hazy,Unhealthy
2024-11-23T12:00:22-05:00,34.78,79.09,583,328,165,31.35,1017.34564,-44.46634,Moderate Rain,Hazy,Unhealthy
2024-11-23T12:01:23-05:00,34.8,87.55,554,927,191,31.34,1017.30109,-44.09583,No Rain,Rainy,Unhealthy
2024-11-23T12:01:48-05:00,34.82,87.99,214,336,191,31.34,1017.27533,-43.88253,Moderate Rain,Cloudy,Unhealthy
2024-11-23T12:02:50-05:00,34.74,97.23,356,487,227,31.4,1017.26208,-43.77237,Moderate Rain,Hazy,Very Unhealthy
2024-11-23T12:03:51-05:00,34.79,88.28,293,482,168,31.41,1017.24451,-43.62616,Moderate Rain,Cloudy,Unhealthy
2024-11-23T12:04:52-05:00,34.77,82.4,288,502,198,31.44,1017.20612,-43.30769,Moderate Rain,Rainy,Unhealthy
2024-11-23T12:05:54-05:00,34.71,79.21,277,379,201,31.47,1017.18158,-43.10439,Moderate Rain,Cloudy,Very Unhealthy
2024-11-23T12:06:55-05:00,34.69,84.71,302,420,252,31.53,1017.18048,-43.09538,Moderate Rain,Hazy,Very Unhealthy
2024-11-23T12:07:57-05:00,34.33,78.53,401,377,310,31.54,1017.19226,-43.19252,Moderate Rain,Hazy,Hazardous
2024-11-23T12:08:58-05:00,34.49,78,406,384,196,31.56,1017.245,-43.63016,Moderate Rain,Hazy,Unhealthy
2024-11-23T12:10:00-05:00,34.5,74.94,412,389,132,29.13,1017.27966,-43.91858,Moderate Rain,Hazy,Unhealthy for Sensitive Groups
2024-11-23T12:11:01-05:00,34.54,69.61,340,387,147,29.09,1017.3078,-44.15191,Moderate Rain,Hazy,Unhealthy for Sensitive Groups
2024-11-23T12:12:03-05:00,34.55,78.78,358,902,179,29.09,1017.28424,-43.95663,No Rain,Rainy,Unhealthy
2024-11-23T12:13:04-05:00,34.57,87.18,381,872,145,29.11,1017.26532,-43.79941,Light Rain,Rainy,Unhealthy for Sensitive Groups
2024-11-23T12:14:06-05:00,34.58,94.26,346,687,115,29.13,1017.26202,-43.7273,Light Rain,Rainy,Unhealthy for Sensitive Groups
2024-11-23T12:18:21-05:00,34.61,92.98,365,645,140,29.14,1017.25659,-43.78839,Light Rain,Rainy,Unhealthy for Sensitive Groups
2024-11-23T12:19:22-05:00,34.6,78.18,283,620,156,29.16,1017.26398,-43.85849,Light Rain,Rainy,Unhealthy
2024-11-23T12:20:24-05:00,34.59,78.6,373,681,225,29.17,1017.2724,-44.08081,Light Rain,Rainy,Very Unhealthy
2024-11-23T12:21:25-05:00,34.43,77.04,370,638,251,29.17,1017.29919,-44.27708,Light Rain,Rainy,Very Unhealthy
2024-11-23T12:22:27-05:00,33.2,85.08,375,663,228,29.15,1017.32281,-44.41227,Light Rain,Rainy,Very Unhealthy
2024-11-23T12:23:29-05:00,33.18,84.47,361,992,223,29.14,1017.33911,-44.35118,No Rain,Rainy,Very Unhealthy
2024-11-23T12:24:30-05:00,33.15,77.43,409,616,170,29.12,1017.33185,-44.56948,Light Rain,Rainy,Unhealthy
2024-11-23T12:25:31-05:00,23,72.59,393,648,165,29.14,1017.35815,-49.8363,Light Rain,Rainy,Unhealthy
2024-11-23T12:37:57-05:00,23,78.13,391,906,159,29.15,1017.9928,-49.67116,No Rain,Rainy,Unhealthy
2024-11-23T12:38:58-05:00,24,82.32,392,934,232,29.18,1017.97284,-49.70419,No Rain,Rainy,Very Unhealthy
2024-11-23T12:40:00-05:00,23,82.72,385,308,242,29.2,1017.97687,-49.69518,Moderate Rain,Hazy,Very Unhealthy
2024-11-23T12:41:01-05:00,24,77.2,386,390,274,29.22,1017.97577,-50.09452,Moderate Rain,Hazy,Very Unhealthy
2024-11-23T12:42:03-05:00,25,74.34,387,488,259,29.22,1018.02393,-50.02946,Moderate Rain,Hazy,Very Unhealthy
2024-11-23T12:43:04-05:00,26,71.46,400,919,225,29.21,1018.01611,-50.10252,No Rain,Rainy,Very Unhealthy
2024-11-23T12:44:06-05:00,27,69.3,399,261,177,29.23,1018.02484,-50.08851,Heavy Rain,Hazy,Unhealthy
2024-11-23T12:45:07-05:00,27,72.46,394,931,120,29.25,1018.02313,-50.28667,No Rain,Rainy,Unhealthy for Sensitive Groups
2024-11-23T12:46:09-05:00,26.7,68.39,408,639,120,29.27,1018.04706,-50.80107,Light Rain,Rainy,Unhealthy for Sensitive Groups
2024-11-23T12:47:09-05:00,27,67.69,460,634,120,29.29,1018.10907,-50.85312,Light Rain,Rainy,Unhealthy for Sensitive Groups
2024-11-23T12:48:11-05:00,22,69.14,456,317,132,29.39,1018.1153,-51.05627,Moderate Rain,Hazy,Unhealthy for Sensitive Groups
2024-11-23T12:49:12-05:00,25,69.44,266,618,136,26.46,1018.13983,-51.42854,Light Rain,Rainy,Unhealthy for Sensitive Groups
2024-11-23T13:05:08-05:00,20.6,65.26,264,656,182,26.46,1018.18475,-51.70472,Light Rain,Rainy,Unhealthy
2024-11-23T13:06:10-05:00,23.2,69.05,262,621,222,26.49,1018.21796,-51.9789,Light Rain,Rainy,Very Unhealthy
2024-11-23T13:07:12-05:00,22.2,65.22,257,672,230,26.49,1018.25104,-52.71235,Light Rain,Rainy,Very Unhealthy
2024-11-30T12:52:31-05:00,23,60.44,273,619,224,26.5,1018.33954,-53.33369,Light Rain,Rainy,Very Unhealthy
2024-11-30T12:53:33-05:00,23,67.5,269,655,217,26.53,1018.41437,-53.76991,Light Rain,Rainy,Very Unhealthy
2024-11-30T12:54:36-05:00,23,90.13,256,699,230,26.55,1018.46704,-53.98401,Light Rain,Rainy,Very Unhealthy
2024-11-30T13:48:49-05:00,23,90.16,255,637,229,26.55,1018.4928,-54.24012,Light Rain,Rainy,Very Unhealthy
2024-11-30T13:49:51-05:00,24.6,90.17,253,667,229,26.56,1018.52368,-54.38618,Light Rain,Rainy,Very Unhealthy
2024-11-30T13:50:53-05:00,23.1,87.2,102,629,235,26.58,1018.54138,-54.22612,Light Rain,Rainy,Very Unhealthy
2024-11-30T13:51:55-05:00,22.1,79.44,100,313,214,26.61,1018.52203,-54.34217,Moderate Rain,Cloudy,Very Unhealthy
2024-11-30T13:53:12-05:00,22,74.34,109,374,186,26.61,1018.53607,-54.44621,Moderate Rain,Cloudy,Unhealthy
2024-11-30T13:54:13-05:00,25,63.59,116,596,172,26.63,1018.54852,83.84582,Moderate Rain,Rainy,Unhealthy
2024-11-30T13:55:16-05:00,24.8,56.3,114,608,138,26.65,1001.98206,84.32383,Light Rain,Rainy,Unhealthy for Sensitive Groups
2024-11-30T13:56:54-05:00,23,61.95,115,602,125,26.66,1001.92517,84.40392,Light Rain,Rainy,Unhealthy for Sensitive Groups
2024-11-30T13:57:56-05:00,21,65.17,104,607,132,26.66,1001.91565,81.02332,Light Rain,Rainy,Unhealthy for Sensitive Groups
2024-11-30T13:58:58-05:00,21.1,66.88,123,658,111,26.67,1002.31799,80.82772,Light Rain,Rainy,Unhealthy for Sensitive Groups
2024-11-30T13:59:59-05:00,23,67.16,118,604,137,26.68,1002.34125,22.58067,Light Rain,Rainy,Unhealthy for Sensitive Groups
2024-11-30T14:01:01-05:00,26,69.57,117,642,172,26.69,1009.29413,22.03394,Light Rain,Rainy,Unhealthy
2024-11-30T14:02:03-05:00,27,71.68,157,669,160,26.7,1009.35956,21.93769,Light Rain,Rainy,Unhealthy
2024-11-30T14:03:06-05:00,27.7,66.73,222,668,163,26.7,1009.37109,18.05498,Light Rain,Rainy,Unhealthy
2024-11-30T14:04:11-05:00,27.2,68.39,166,606,165,26.7,1009.83594,18.11844,Light Rain,Rainy,Unhealthy
2024-11-30T14:05:13-05:00,24,72.98,133,636,139,26.69,1009.82837,18.14715,Light Rain,Rainy,Unhealthy for Sensitive Groups
2024-11-30T14:08:09-05:00,23,72.43,204,617,176,26.69,1009.82495,18.32798,Light Rain,Rainy,Unhealthy
2024-11-30T14:09:09-05:00,23,71.3,200,652,162,32.93,1009.80328,18.48414,Light Rain,Rainy,Unhealthy
2024-11-30T14:10:11-05:00,25,69.43,192,601,160,32.89,1009.78455,18.55919,Light Rain,Rainy,Unhealthy
2024-11-30T14:11:14-05:00,26,70.15,188,698,142,32.91,1009.77557,18.50932,Light Rain,Rainy,Unhealthy for Sensitive Groups
2024-11-30T14:12:26-05:00,26.1,73.51,177,771,172,32.83,1009.78156,18.68411,Light Rain,Rainy,Unhealthy
2024-11-30T14:13:27-05:00,22.8,72.49,181,289,134,32.95,1009.76062,18.76572,Heavy Rain,Cloudy,Unhealthy for Sensitive Groups
2024-11-30T14:14:29-05:00,24,75.32,176,267,136,32.61,1009.75085,18.81962,Heavy Rain,Cloudy,Unhealthy for Sensitive Groups
2024-11-30T14:15:31-05:00,24,87.47,173,649,130,32.61,1009.74438,18.80803,Light Rain,Rainy,Unhealthy for Sensitive Groups
2024-11-30T14:16:32-05:00,25,92.13,168,646,111,32.61,1009.74579,18.65893,Light Rain,Rainy,Unhealthy for Sensitive Groups
2024-11-30T14:17:34-05:00,25.3,83.73,162,653,117,32.88,1009.76361,18.36929,Light Rain,Rainy,Unhealthy for Sensitive Groups
2024-11-30T14:26:26-05:00,26,80.14,154,661,102,32.88,1009.79834,18.19249,Light Rain,Rainy,Unhealthy for Sensitive Groups
2024-11-30T14:27:28-05:00,26,73.99,163,484,108,32.88,1009.81952,18.15824,Moderate Rain,Cloudy,Unhealthy for Sensitive Groups
2024-11-30T14:28:29-05:00,27,75,161,442,99,32.89,1009.82361,18.06455,Moderate Rain,Cloudy,Moderate
2024-11-30T14:29:31-05:00,27,71.93,160,391,121,32.9,1009.83484,18.21163,Moderate Rain,Cloudy,Unhealthy for Sensitive Groups
2024-11-30T14:30:32-05:00,28,67.12,159,678,86,32.89,1009.8172,18.4514,Light Rain,Rainy,Moderate
2024-11-30T23:08:28-05:00,27,66.38,158,679,57,32.91,1009.78851,18.49874,Light Rain,Rainy,Moderate
2024-11-30T23:09:30-05:00,29,78.69,156,752,107,32.92,1009.78284,18.65137,Light Rain,Rainy,Unhealthy for Sensitive Groups
2024-11-30T23:10:31-05:00,28.1,86.65,557,743,118,32.93,1009.76453,18.72089,Light Rain,Rainy,Unhealthy for Sensitive Groups
2024-11-30T23:11:33-05:00,29,81.01,547,755,110,32.9,1009.75623,53.18661,Light Rain,Rainy,Unhealthy for Sensitive Groups
2024-11-30T23:12:36-05:00,29.2,81.5,530,791,114,32.89,1005.63586,52.94553,Light Rain,Rainy,Unhealthy for Sensitive Groups
2024-11-30T23:13:38-05:00,26,78.6,570,767,111,32.89,1005.66467,51.16066,Light Rain,Rainy,Unhealthy for Sensitive Groups
2024-11-30T23:14:39-05:00,30.3,76.78,538,731,117,32.71,1005.87769,51.10608,Light Rain,Rainy,Unhealthy for Sensitive Groups
2024-11-30T23:15:41-05:00,31,71.92,559,732,107,32.73,1005.88422,50.98734,Light Rain,Rainy,Unhealthy for Sensitive Groups
2024-11-30T23:16:43-05:00,30.4,72.56,568,733,87,32.74,1005.89838,36.30126,Light Rain,Rainy,Moderate
2024-11-30T23:17:45-05:00,30.1,63.76,562,734,89,32.75,1007.65283,37.07531,Light Rain,Rainy,Moderate
2024-11-30T23:18:47-05:00,30.7,67.71,563,735,97,32.75,1007.5603,36.66053,Light Rain,Rainy,Moderate
2024-11-30T23:19:49-05:00,30.9,71.27,582,736,100,32.74,1007.60986,41.96621,Light Rain,Rainy,Moderate
2024-11-30T23:20:52-05:00,31.2,71.55,560,737,105,32.74,1006.97577,36.63429,Light Rain,Rainy,Unhealthy for Sensitive Groups
2024-11-30T23:21:53-05:00,32,75.38,532,738,114,32.74,1007.61298,43.11381,Light Rain,Rainy,Unhealthy for Sensitive Groups
2024-11-30T23:22:58-05:00,31.6,70.02,548,739,116,32.75,1006.83868,36.86086,Light Rain,Rainy,Unhealthy for Sensitive Groups
2024-11-30T23:24:00-05:00,30.8,74.36,531,740,116,33.79,1007.58594,36.68222,Light Rain,Rainy,Unhealthy for Sensitive Groups
2024-11-30T23:25:02-05:00,32,75.35,603,741,98,33.81,1007.60724,36.2392,Light Rain,Rainy,Moderate
2024-11-30T23:26:06-05:00,32.3,68.78,592,742,116,34.01,1007.66022,36.43144,Light Rain,Rainy,Unhealthy for Sensitive Groups
2024-11-30T23:27:08-05:00,33,74.06,573,743,108,34.03,1007.63727,35.79568,Light Rain,Rainy,Unhealthy for Sensitive Groups
2024-11-30T23:28:10-05:00,32.1,74.85,576,744,100,34.04,1007.71326,36.88407,Light Rain,Rainy,Moderate
2024-11-30T23:29:11-05:00,32.3,65.84,590,745,92,34.08,1007.58313,36.11154,Light Rain,Rainy,Moderate
2024-11-30T23:30:13-05:00,32.3,66.12,581,746,80,34.14,1007.67548,36.23768,Light Rain,Rainy,Moderate
2024-11-30T23:31:15-05:00,33,74.54,594,747,88,33.55,1007.6604,36.25282,Light Rain,Rainy,Moderate
2024-11-30T23:32:17-05:00,35.1,69.73,553,748,83,33.01,1007.65857,36.23466,Light Rain,Rainy,Moderate
2024-11-30T23:33:19-05:00,35.6,69.5,571,749,100,33.3,1007.66077,36.04796,Light Rain,Rainy,Moderate
2024-11-30T23:34:21-05:00,35.5,73.55,523,750,81,32.79,1007.68311,36.05402,Light Rain,Rainy,Moderate
2024-11-30T23:35:23-05:00,35.2,77.78,529,751,112,33.24,1007.68237,36.51823,Light Rain,Rainy,Unhealthy for Sensitive Groups
2024-11-30T23:36:26-05:00,35,75.61,525,752,113,33.11,1007.62689,35.91325,Light Rain,Rainy,Unhealthy for Sensitive Groups
2024-11-30T23:37:28-05:00,34.3,82.13,513,753,105,33.1,1007.69922,35.8754,Light Rain,Rainy,Unhealthy for Sensitive Groups
2024-11-30T23:38:29-05:00,34.6,75.21,527,754,88,33.05,1007.70374,36.43346,Light Rain,Rainy,Moderate
2024-11-30T23:39:31-05:00,34.2,73.3,499,755,78,33.14,1007.63702,36.22154,Light Rain,Rainy,Moderate
2024-11-30T23:40:33-05:00,35,68.36,534,756,78,33.02,1007.66235,36.58585,Light Rain,Rainy,Moderate
2024-11-30T23:41:35-05:00,34,66.63,496,757,69,33.07,1007.61877,36.40066,Light Rain,Rainy,Moderate
2024-11-30T23:42:36-05:00,33,66.54,528,758,60,33.19,1007.64093,36.8003,Light Rain,Rainy,Moderate
2024-11-30T23:43:38-05:00,32.2,65.76,521,759,51,33.1,1007.59314,36.91939,Light Rain,Rainy,Moderate
2024-11-30T23:44:40-05:00,34,66.97,545,760,61,33.11,1007.57892,37.03141,Light Rain,Rainy,Moderate
2024-11-30T23:45:42-05:00,37,66.28,533,761,90,33.16,1007.56555,36.73672,Light Rain,Rainy,Moderate
2024-11-30T23:46:44-05:00,35.2,63.17,524,762,74,33.13,1007.60077,36.6908,Light Rain,Rainy,Moderate
2024-12-02T09:09:08-05:00,33.4,70.21,549,763,76,33.11,1007.60626,36.69232,Light Rain,Rainy,Moderate
2024-12-02T09:10:10-05:00,33,61.1,535,764,77,33.17,1007.60608,36.49401,Light Rain,Rainy,Moderate
2024-12-02T09:11:13-05:00,33,60.54,503,765,92,33.33,1007.62976,36.81796,Light Rain,Rainy,Moderate
2024-12-02T09:12:15-05:00,33,62.81,505,766,93,33.37,1007.59106,36.72764,Light Rain,Rainy,Moderate
2024-12-02T09:13:17-05:00,33.4,64.92,518,767,88,33.44,1007.60181,36.83058,Light Rain,Rainy,Moderate
2024-12-02T09:14:19-05:00,33,63.05,454,768,75,33.49,1007.58954,37.01224,Light Rain,Rainy,Moderate
2024-12-02T09:15:21-05:00,33,63.22,434,769,79,33.52,1007.56781,37.03444,Light Rain,Rainy,Moderate
2024-12-02T09:16:22-05:00,33,63.49,448,770,74,33.57,1007.56519,36.78769,Light Rain,Rainy,Moderate
2024-12-02T09:17:24-05:00,34,66.05,441,500,62,33.58,1007.59467,36.95219,Moderate Rain,Rainy,Moderate
2024-12-02T09:18:27-05:00,34,67.51,435,501,53,33.57,1007.57501,36.49603,Moderate Rain,Rainy,Moderate
2024-12-02T09:19:28-05:00,34,64.89,424,502,53,33.61,1007.62952,36.30782,Moderate Rain,Rainy,Moderate
2024-12-02T09:20:30-05:00,34,66.79,445,503,55,33.62,1007.65204,36.06512,Moderate Rain,Rainy,Moderate
2024-12-02T09:21:32-05:00,34.2,77.73,470,504,52,33.64,1007.68103,36.19782,Moderate Rain,Rainy,Moderate
2024-12-02T09:22:33-05:00,33.6,62.9,447,505,55,33.64,1007.66516,36.02122,Moderate Rain,Rainy,Moderate
2024-12-02T09:23:35-05:00,34,53.55,438,506,56,33.64,1007.68628,36.08126,Moderate Rain,Rainy,Moderate
2024-12-02T09:24:38-05:00,34.6,53.95,467,507,56,33.62,1007.67908,36.14585,Moderate Rain,Rainy,Moderate
2024-12-02T09:25:40-05:00,37,62.71,519,508,52,33.63,1007.67139,36.37291,Moderate Rain,Rainy,Moderate
2024-12-02T09:26:42-05:00,35.2,57.37,520,509,53,33.67,1007.64423,36.50864,Moderate Rain,Rainy,Moderate
2024-12-02T09:27:44-05:00,35,50.95,537,510,76,33.68,1007.62799,36.54699,Moderate Rain,Rainy,Moderate
2024-12-02T09:28:45-05:00,35.6,53.57,497,511,76,33.67,1007.62341,36.53236,Moderate Rain,Rainy,Moderate
2024-12-02T09:29:47-05:00,34,59.05,540,512,81,33.68,1007.62518,36.71957,Moderate Rain,Rainy,Moderate
2024-12-02T09:30:49-05:00,35,58.96,551,513,59,33.7,1007.60278,33.50323,Moderate Rain,Rainy,Moderate
2024-12-02T09:31:51-05:00,35,60.08,425,525,60,33.7,1007.98737,33.06135,Moderate Rain,Rainy,Moderate
2024-12-02T09:32:53-05:00,36.2,55.31,449,526,61,33.69,1008.04016,32.89691,Moderate Rain,Rainy,Moderate
2024-12-02T09:33:55-05:00,39,64.88,413,527,46,33.71,1008.05981,32.68405,Moderate Rain,Rainy,Good
2024-12-02T09:34:57-05:00,41,55.27,455,528,40,33.71,1008.08533,32.6326,Moderate Rain,Rainy,Good
2024-12-02T09:35:59-05:00,39,62.33,422,529,33,33.7,1008.09143,32.33752,Moderate Rain,Rainy,Good
2024-12-02T09:37:04-05:00,38.1,65.6,426,530,49,33.69,1008.12671,32.50196,Moderate Rain,Rainy,Good
2024-12-02T09:38:06-05:00,37,67.2,418,531,32,33.67,1008.10706,32.27801,Moderate Rain,Rainy,Good
2024-12-02T09:39:08-05:00,37,65.44,429,532,33,33.68,1008.13385,32.32946,Moderate Rain,Rainy,Good
2024-12-02T09:40:10-05:00,37,61.5,451,533,42,33.67,1008.12769,32.60032,Moderate Rain,Rainy,Good
2024-12-02T09:41:12-05:00,35,61.14,481,534,43,33.67,1008.09534,32.29869,Moderate Rain,Rainy,Good
2024-12-02T09:42:14-05:00,34.5,56.06,450,535,53,33.67,1008.13141,32.03439,Moderate Rain,Rainy,Moderate
2024-12-02T09:43:16-05:00,34,53.12,474,536,47,34.2,1008.16296,32.10198,Moderate Rain,Rainy,Good
2024-12-02T09:44:18-05:00,30,70.95,436,537,48,34.37,1008.15491,32.11863,Moderate Rain,Rainy,Good
2024-12-02T09:45:20-05:00,33,64.5,431,538,49,34.23,1008.15289,31.86694,Moderate Rain,Rainy,Good
2024-12-02T09:46:22-05:00,36,67.94,471,980,79,34.17,1008.18304,31.60266,No Rain,Rainy,Moderate
2024-12-02T09:47:24-05:00,35.7,60.36,457,981,80,34.14,1008.2146,31.14119,No Rain,Rainy,Moderate
2024-12-02T09:48:26-05:00,36,58.6,458,982,81,34.09,1008.26984,30.6641,No Rain,Rainy,Moderate
2024-12-02T09:49:31-05:00,35,60.48,432,983,51,34.04,1008.3269,30.57635,No Rain,Rainy,Moderate
2024-12-02T09:50:33-05:00,32,62.85,446,984,52,34.03,1008.3374,30.28285,No Rain,Rainy,Moderate
2024-12-02T09:51:35-05:00,33,46.95,479,985,53,33.97,1008.3725,29.85371,No Rain,Rainy,Moderate
2024-12-02T09:52:37-05:00,31,44.01,433,805,88,33.96,1008.42383,29.89355,Light Rain,Rainy,Moderate
2024-12-02T09:53:39-05:00,34,45.5,472,806,78,33.94,1008.41907,29.5804,Light Rain,Rainy,Moderate
2024-12-02T09:54:41-05:00,34,52.89,463,807,90,33.94,1008.45648,29.11902,Light Rain,Rainy,Moderate
2024-12-02T09:55:46-05:00,34.5,48.65,437,808,43,33.95,1008.51172,28.75345,Light Rain,Rainy,Good
2024-12-02T09:56:49-05:00,35,42.86,483,809,44,33.99,1008.55542,28.79228,Light Rain,Rainy,Good
2024-12-02T09:57:51-05:00,35,60.79,439,810,45,34,1008.55078,28.34404,Light Rain,Rainy,Good
2024-12-02T09:58:53-05:00,35,60.66,490,811,46,34.02,1008.60443,28.03245,Light Rain,Rainy,Good
2024-12-02T09:59:55-05:00,36,47.7,743,812,47,34.04,1008.64166,28.02792,Light Rain,Rainy,Good
2024-12-02T10:01:03-05:00,34,71.07,707,813,55,34.02,1008.64221,28.14589,Light Rain,Rainy,Moderate
2024-12-02T10:02:06-05:00,36,66.25,466,814,56,33.98,1008.62811,28.20589,Light Rain,Rainy,Moderate
2024-12-02T10:03:08-05:00,36,49.62,202,815,52,33.96,1008.62091,28.22808,Light Rain,Rainy,Moderate
2024-12-02T10:04:10-05:00,32,60.05,165,816,53,33.94,1008.61829,28.04002,Light Rain,Rainy,Moderate
2024-12-02T10:05:12-05:00,34.1,49.33,241,817,84,33.96,1008.64081,27.9291,Light Rain,Rainy,Moderate
2024-12-02T10:07:23-05:00,34.3,57.61,258,818,95,33.93,1008.65405,27.69264,Light Rain,Rainy,Moderate
2024-12-02T10:08:38-05:00,36,59.5,231,819,58,33.93,1008.68237,50.32745,Light Rain,Rainy,Moderate
2024-12-02T10:09:37-05:00,36.5,67.16,249,820,59,33.93,1005.97717,50.29966,Light Rain,Rainy,Moderate
2024-12-02T10:50:56-05:00,36.6,70.89,515,821,60,33.94,1005.98047,50.51692,Light Rain,Rainy,Moderate
2024-12-02T10:51:58-05:00,37.4,73.52,462,822,192,33.89,1005.95453,50.34968,Light Rain,Rainy,Unhealthy
2024-12-02T10:53:17-05:00,33.7,73.07,516,823,193,33.85,1005.97455,50.40324,Light Rain,Rainy,Unhealthy
2024-12-02T10:58:59-05:00,35,79.87,504,824,81,33.87,1005.96814,50.20568,Light Rain,Rainy,Moderate
2024-12-02T11:00:01-05:00,34,64.26,511,825,82,33.89,1005.9917,50.10614,Light Rain,Rainy,Moderate
2024-12-02T11:01:03-05:00,33.2,70.27,492,826,65,33.9,1006.0036,50.22033,Light Rain,Rainy,Moderate
2024-12-02T11:02:05-05:00,35,75.13,500,827,66,33.9,1005.98999,50.34008,Light Rain,Rainy,Moderate
2024-12-02T11:03:07-05:00,34,73.47,477,828,86,33.89,1005.97565,50.37848,Light Rain,Rainy,Moderate
2024-12-02T11:04:09-05:00,35,74.57,501,829,62,33.89,1005.97107,50.54067,Light Rain,Rainy,Moderate
2024-12-02T11:04:41-05:00,36,67.85,509,830,78,33.92,1005.95172,50.27035,Light Rain,Rainy,Moderate
2024-12-02T11:05:16-05:00,36,66.91,476,831,114,33.91,1005.98401,50.26227,Light Rain,Rainy,Unhealthy for Sensitive Groups
2024-12-02T11:06:17-05:00,36,63.44,477,832,103,33.9,1005.98499,50.09857,Light Rain,Rainy,Unhealthy for Sensitive Groups
2024-12-02T11:07:19-05:00,36,66.46,478,833,134,30.66,1006.00452,50.16829,Light Rain,Rainy,Unhealthy for Sensitive Groups
2024-12-04T08:25:15-05:00,35,65.89,479,834,168,30.64,1005.99615,50.05511,Light Rain,Rainy,Unhealthy
2024-12-04T08:26:16-05:00,34,71.15,480,835,150,30.61,1006.0097,50.07027,Light Rain,Rainy,Unhealthy for Sensitive Groups
2024-12-04T08:27:18-05:00,33,77.72,481,836,127,30.58,1006.00787,49.86413,Light Rain,Rainy,Unhealthy for Sensitive Groups
2024-12-04T08:28:20-05:00,35,68.46,482,837,106,30.55,1006.03247,49.80199,Light Rain,Rainy,Unhealthy for Sensitive Groups
2024-12-04T08:29:22-05:00,36,70.92,483,838,129,30.54,1006.03992,49.81816,Light Rain,Rainy,Unhealthy for Sensitive Groups
2024-12-04T08:30:24-05:00,36,72.79,484,839,136,30.55,1006.03796,49.8222,Light Rain,Rainy,Unhealthy for Sensitive Groups
2024-12-04T08:31:26-05:00,34,69.44,485,840,155,30.56,1006.03748,49.72671,Light Rain,Rainy,Unhealthy
2024-12-04T08:32:28-05:00,35,70.84,486,841,87,30.57,1006.04889,49.68932,Light Rain,Rainy,Moderate
2024-12-04T08:33:34-05:00,34,72.1,487,842,84,30.54,1006.05334,49.92981,Light Rain,Rainy,Moderate
2024-12-04T08:34:36-05:00,32,66.5,488,843,85,30.52,1006.02466,50.09503,Light Rain,Rainy,Moderate
2024-12-04T08:35:38-05:00,34,56.97,489,844,91,30.49,1006.00494,50.28349,Light Rain,Rainy,Moderate
2024-12-04T08:36:39-05:00,32,65.22,490,845,76,30.49,1005.98242,50.21124,Light Rain,Rainy,Moderate
2024-12-04T08:37:41-05:00,34.2,68.41,491,846,60,30.49,1005.99103,50.11928,Light Rain,Rainy,Moderate
2024-12-04T08:38:45-05:00,32,77.69,492,847,69,30.47,1006.00201,49.80452,Light Rain,Rainy,Moderate
2024-12-04T08:39:47-05:00,33,74.05,493,848,64,30.49,1006.03961,49.79491,Light Rain,Rainy,Moderate
2024-12-04T08:40:49-05:00,33,74.77,494,849,98,30.5,1006.04077,48.49806,Light Rain,Rainy,Moderate
2024-12-04T08:41:51-05:00,30,74.75,495,850,128,30.49,1006.19562,48.54302,Light Rain,Rainy,Unhealthy for Sensitive Groups
2024-12-04T08:42:53-05:00,31.2,78.2,496,851,113,30.51,1006.19025,48.29801,Light Rain,Rainy,Unhealthy for Sensitive Groups
2024-12-04T08:43:55-05:00,34,72.78,497,852,87,30.54,1006.21948,48.31317,Light Rain,Rainy,Moderate
2024-12-06T10:36:56-05:00,34.1,64.97,498,853,79,30.54,1006.21765,48.48139,Light Rain,Rainy,Moderate
2024-12-06T10:37:57-05:00,34,72.73,499,854,69,30.54,1006.19757,48.47179,Light Rain,Rainy,Moderate
2024-12-06T10:38:59-05:00,32,67.49,500,855,78,30.55,1006.19873,48.4627,Light Rain,Rainy,Moderate
2024-12-06T10:40:01-05:00,31.5,61.64,501,856,88,30.55,1006.19983,48.40662,Light Rain,Rainy,Moderate
2024-12-06T10:40:55-05:00,33.6,63.12,502,857,101,30.57,1006.20654,48.30256,Light Rain,Rainy,Unhealthy for Sensitive Groups
2024-12-06T10:41:57-05:00,30.4,68.01,503,858,80,30.56,1006.21893,48.26972,Light Rain,Rainy,Moderate
2024-12-06T10:43:00-05:00,34,80.59,504,859,89,30.57,1006.22284,48.10807,Light Rain,Rainy,Moderate
2024-12-06T10:44:01-05:00,33,75.27,505,860,71,30.57,1006.24219,48.16667,Light Rain,Rainy,Moderate
2024-12-06T10:45:04-05:00,31,73.19,506,861,68,30.56,1006.23517,48.06614,Light Rain,Rainy,Moderate
2024-12-06T10:46:06-05:00,33.6,69.82,478,862,56,30.55,1006.24719,47.99795,Light Rain,Rainy,Moderate
2024-12-06T10:47:08-05:00,32,73.07,479,863,65,30.55,1006.25531,48.22375,Light Rain,Rainy,Moderate
2024-12-06T10:48:10-05:00,32.8,73.61,480,864,66,30.41,1006.22833,48.27831,Light Rain,Rainy,Moderate
2024-12-06T10:49:12-05:00,32,74.29,481,865,96,30.44,1006.22186,48.22931,Light Rain,Rainy,Moderate
2024-12-06T10:50:14-05:00,33,77.41,482,866,68,30.44,1006.22766,48.25002,Light Rain,Rainy,Moderate
2024-12-06T10:51:16-05:00,31.9,74.76,483,867,76,30.44,1006.22522,48.26619,Light Rain,Rainy,Moderate
2024-12-06T10:52:18-05:00,32,74.44,484,868,70,30.47,1006.22327,48.35106,Light Rain,Rainy,Moderate
2024-12-06T10:53:20-05:00,33,77.18,485,869,75,30.46,1006.21313,48.39702,Light Rain,Rainy,Moderate
2024-12-06T10:54:22-05:00,34,74.74,486,870,73,30.47,1006.20764,48.33944,Light Rain,Rainy,Moderate
2024-12-06T10:55:23-05:00,32,78.01,487,871,85,30.48,1006.21454,48.43643,Light Rain,Rainy,Moderate
2024-12-06T10:56:25-05:00,32.5,84,488,872,83,30.45,1006.20294,48.47886,Light Rain,Rainy,Moderate
2024-12-06T10:57:28-05:00,33.2,72.18,489,873,73,30.46,1006.19788,48.45007,Light Rain,Rainy,Moderate
2024-12-06T10:58:30-05:00,33,72.76,490,874,75,30.47,1006.20135,48.3066,Light Rain,Rainy,Moderate
2024-12-06T10:59:32-05:00,32,83.51,491,875,63,30.48,1006.21844,48.05907,Light Rain,Rainy,Moderate
2024-12-06T11:00:34-05:00,32.6,73.31,492,876,62,30.48,1006.24799,48.17475,Light Rain,Rainy,Moderate
2024-12-06T11:01:36-05:00,34,82.72,493,877,79,30.46,1006.23419,48.22527,Light Rain,Rainy,Moderate
2024-12-06T11:02:38-05:00,31,72.94,147,878,37,30.48,1006.22815,48.20759,Light Rain,Rainy,Good
2024-12-06T11:03:40-05:00,29,80.1,148,879,35,30.48,1006.23029,48.33539,Light Rain,Rainy,Good
2024-12-06T11:04:42-05:00,30,72.4,149,880,31,30.49,1006.21503,48.04948,Light Rain,Rainy,Good
2024-12-06T11:05:44-05:00,32.8,83.16,150,881,29,30.51,1006.24915,48.12373,Light Rain,Rainy,Good
2024-12-06T11:06:47-05:00,33.2,83.01,151,882,32,30.51,1006.2403,47.78831,Light Rain,Rainy,Good
2024-12-06T11:07:49-05:00,34.2,76.65,152,883,39,30.53,1006.28033,47.46806,Light Rain,Rainy,Good
2024-12-06T11:08:51-05:00,34,77.27,153,884,48,30.52,1006.3186,47.29026,Light Rain,Rainy,Good
2024-12-06T11:09:53-05:00,34.3,76.99,154,885,42,30.5,1006.33984,47.16348,Light Rain,Rainy,Good
2024-12-06T11:10:55-05:00,33.2,73.02,155,886,73,30.5,1006.35498,47.25086,Light Rain,Rainy,Moderate
2024-12-06T11:11:57-05:00,33.3,74.21,156,887,59,30.51,1006.34454,47.32663,Light Rain,Rainy,Moderate
2024-12-06T11:12:58-05:00,33.6,75.41,157,888,60,30.5,1006.33545,47.40644,Light Rain,Rainy,Moderate
2024-12-06T11:14:00-05:00,31,74.84,158,889,55,30.49,1006.32593,47.38876,Light Rain,Rainy,Moderate
2024-12-06T11:15:02-05:00,33,78.24,159,890,86,30.45,1006.32806,47.49281,Light Rain,Rainy,Moderate
2024-12-06T11:16:05-05:00,34,88.89,160,891,100,30.46,1006.31561,47.33421,Light Rain,Rainy,Moderate
2024-12-06T11:17:06-05:00,30.1,81.42,161,892,85,30.46,1006.33459,47.1655,Light Rain,Rainy,Moderate
2024-12-06T11:18:08-05:00,32.9,78.36,162,893,57,30.45,1006.35474,47.12913,Light Rain,Rainy,Moderate
2024-12-06T11:19:10-05:00,31,80.82,163,894,85,30.46,1006.35907,47.10034,Light Rain,Rainy,Moderate
2024-12-06T11:20:12-05:00,30,80.49,164,895,85,30.45,1006.36249,47.41502,Light Rain,Rainy,Moderate
2024-12-06T11:21:14-05:00,30.6,76.82,165,896,106,30.44,1006.32495,47.3438,Light Rain,Rainy,Unhealthy for Sensitive Groups
2024-12-06T11:22:15-05:00,30,77.85,166,897,100,30.48,1006.33344,47.45341,Light Rain,Rainy,Moderate
2024-12-06T11:23:18-05:00,33,80.02,167,898,68,30.48,1006.32031,47.33471,Light Rain,Rainy,Moderate
2024-12-06T11:24:20-05:00,33.1,85.09,168,899,61,30.48,1006.33453,47.30693,Light Rain,Rainy,Moderate
2024-12-06T11:25:21-05:00,28.5,87.28,169,900,71,30.48,1006.33783,47.1165,Light Rain,Rainy,Moderate
2024-12-06T11:28:35-05:00,30,86.14,170,901,77,30.46,1006.3606,46.94174,No Rain,Rainy,Moderate
2024-12-06T11:29:37-05:00,34.1,84.97,171,902,78,30.46,1006.38147,47.10792,No Rain,Rainy,Moderate
2024-12-06T11:30:39-05:00,35.1,74.13,172,903,111,30.46,1006.36157,47.3534,No Rain,Rainy,Unhealthy for Sensitive Groups
2024-12-06T11:31:41-05:00,35,68.16,173,904,47,30.45,1006.33228,47.49332,No Rain,Rainy,Good
2024-12-06T11:32:43-05:00,31,59.44,174,905,47,30.44,1006.31555,47.52565,No Rain,Rainy,Good
2024-12-06T11:33:45-05:00,30,64.74,175,906,48,30.43,1006.31171,47.41149,No Rain,Rainy,Good
2024-12-06T11:34:47-05:00,33,74.93,176,907,49,30.42,1006.32532,47.38825,No Rain,Rainy,Good
2024-12-06T11:35:49-05:00,33.7,65.27,177,908,50,30.41,1006.32813,47.55646,No Rain,Rainy,Good
2024-12-06T11:36:55-05:00,30.7,71.26,178,909,57,30.41,1006.30804,47.40391,No Rain,Rainy,Moderate
2024-12-06T11:37:57-05:00,30,84.41,179,910,60,30.41,1006.32623,47.38522,No Rain,Rainy,Moderate
2024-12-06T11:38:59-05:00,33,85.29,180,911,52,30.4,1006.32849,47.52767,No Rain,Rainy,Moderate
2024-12-06T11:40:01-05:00,34.2,78.94,181,912,54,30.41,1006.31146,47.77316,No Rain,Rainy,Moderate
2024-12-06T11:41:03-05:00,33.8,87.96,182,913,63,30.4,1006.28217,47.7767,No Rain,Rainy,Moderate
2024-12-06T11:42:05-05:00,32,91.18,183,914,53,30.43,1006.28174,47.75296,No Rain,Rainy,Moderate
2024-12-06T11:43:07-05:00,34,94.71,184,915,56,30.46,1006.28455,47.82519,No Rain,Rainy,Moderate
2024-12-06T11:44:09-05:00,34.7,90.09,185,916,57,30.47,1006.27594,48.0323,No Rain,Rainy,Moderate
2024-12-06T11:46:17-05:00,34.6,86.29,186,917,112,30.49,1006.25122,48.05149,No Rain,Rainy,Unhealthy for Sensitive Groups
2024-12-06T11:47:20-05:00,34.7,84.87,187,918,75,30.48,1006.2489,47.83479,No Rain,Rainy,Moderate
2024-12-06T11:48:21-05:00,34.4,80.25,188,919,76,30.49,1006.27478,47.84944,No Rain,Rainy,Moderate
2024-12-06T11:49:23-05:00,34,78.41,189,920,89,30.5,1006.27307,47.86914,No Rain,Rainy,Moderate
2024-12-06T11:50:25-05:00,34.6,76.87,190,921,76,30.51,1006.27069,47.83984,No Rain,Rainy,Moderate
2024-12-06T11:51:28-05:00,34,79.13,191,922,78,30.51,1006.27417,47.82367,No Rain,Rainy,Moderate
2024-12-06T11:52:30-05:00,32,89.11,192,923,66,30.52,1006.27612,47.82923,No Rain,Rainy,Moderate
2024-12-06T11:53:32-05:00,34.2,87.82,193,924,61,30.52,1006.27545,47.70547,No Rain,Rainy,Moderate
2024-12-06T11:54:34-05:00,34.4,91.92,194,925,83,30.53,1006.29022,47.68678,No Rain,Rainy,Moderate
2024-12-06T11:55:36-05:00,34.2,83.48,195,926,87,30.55,1006.29248,47.61455,No Rain,Rainy,Moderate
2024-12-06T11:56:38-05:00,33,80.53,196,927,97,30.56,1006.30109,47.63829,No Rain,Rainy,Moderate
2024-12-06T11:57:40-05:00,30,84.32,197,928,98,30.56,1006.29828,47.8358,No Rain,Rainy,Moderate
2024-12-06T11:58:42-05:00,27,88.61,198,929,99,30.58,1006.27466,47.88631,No Rain,Rainy,Moderate
2024-12-06T11:59:44-05:00,28,88.25,199,930,94,30.58,1006.26862,47.90298,No Rain,Rainy,Moderate
2024-12-06T12:00:46-05:00,29,84.21,200,931,98,30.58,1006.26666,48.07978,No Rain,Rainy,Moderate
2024-12-06T12:01:48-05:00,31,85.44,201,932,102,30.6,1006.24554,48.23386,No Rain,Rainy,Unhealthy for Sensitive Groups
2024-12-06T12:02:50-05:00,33,85.13,202,933,96,30.61,1006.22717,48.39197,No Rain,Rainy,Moderate
2024-12-06T12:03:52-05:00,30.3,87.85,203,934,90,30.62,1006.20825,48.63749,No Rain,Rainy,Moderate
2024-12-06T12:04:54-05:00,33,87.58,204,935,106,30.62,1006.17896,48.86078,No Rain,Rainy,Unhealthy for Sensitive Groups
2024-12-06T12:05:56-05:00,31.5,86.69,205,936,82,30.61,1006.15228,49.028,No Rain,Rainy,Moderate
2024-12-06T12:06:58-05:00,29,90.78,206,937,83,30.61,1006.13232,49.223,No Rain,Rainy,Moderate
2024-12-06T12:08:00-05:00,31.7,84.19,207,938,88,30.59,1006.10901,49.48622,No Rain,Rainy,Moderate
2024-12-06T12:09:02-05:00,33,77.51,208,939,103,30.6,1006.07764,49.43469,No Rain,Rainy,Unhealthy for Sensitive Groups
2024-12-06T12:10:04-05:00,33.5,81.3,209,940,76,30.6,1006.08374,49.368,No Rain,Rainy,Moderate
2024-12-06T12:11:06-05:00,33.8,93.45,210,941,68,30.6,1006.09174,49.35638,No Rain,Rainy,Moderate
2024-12-06T12:12:08-05:00,33,94.23,211,942,75,30.6,1006.09314,49.43873,No Rain,Rainy,Moderate
2024-12-06T12:13:10-05:00,33,92.8,212,943,76,30.62,1006.08325,49.35386,No Rain,Rainy,Moderate
2024-12-06T12:14:12-05:00,33,88.91,213,944,77,30.61,1006.09344,46.53817,No Rain,Rainy,Moderate
2024-12-06T12:15:14-05:00,32.5,89.87,214,945,89,30.61,1006.42963,46.27806,No Rain,Rainy,Moderate
2024-12-06T12:16:16-05:00,33.4,94.33,215,946,79,30.63,1006.46588,46.36898,No Rain,Rainy,Moderate
2024-12-06T12:17:18-05:00,33.3,92.5,216,947,65,30.68,1006.44983,46.48413,No Rain,Rainy,Moderate
2024-12-06T12:18:20-05:00,33.4,91.33,217,948,80,30.7,1006.4361,46.47858,No Rain,Rainy,Moderate
2024-12-06T12:19:22-05:00,30.4,90.97,218,949,81,30.63,1006.43677,46.99326,No Rain,Rainy,Moderate
2024-12-06T12:20:24-05:00,30,88.89,219,950,52,30.64,1006.37531,46.7993,No Rain,Rainy,Moderate
2024-12-06T12:21:27-05:00,32,90.7,220,951,89,30.61,1006.39844,47.15944,No Rain,Rainy,Moderate
2024-12-06T12:22:31-05:00,31,94.17,221,952,59,30.6,1006.35547,47.5802,No Rain,Rainy,Moderate
2024-12-06T12:23:33-05:00,31.3,90.01,222,953,62,30.6,1006.30518,47.71709,No Rain,Rainy,Moderate
2024-12-06T12:24:35-05:00,33,87.19,223,954,52,30.59,1006.28888,47.88833,No Rain,Rainy,Moderate
2024-12-06T12:25:37-05:00,34,83.65,224,955,53,30.58,1006.26843,48.33994,No Rain,Rainy,Moderate
2024-12-07T10:52:22-05:00,34,90.66,225,956,61,30.56,1006.21448,48.3748,No Rain,Rainy,Moderate
2024-12-07T10:53:23-05:00,33.1,91.58,226,957,57,30.57,1006.21033,48.55817,No Rain,Rainy,Moderate
2024-12-07T10:54:25-05:00,33.5,91.01,227,958,49,30.57,1006.18842,48.80824,No Rain,Rainy,Good
2024-12-07T10:55:27-05:00,33.1,86.55,228,959,48,30.56,1006.15857,48.8335,No Rain,Rainy,Good
2024-12-07T10:56:29-05:00,32.7,85.04,229,960,49,31.73,1006.15552,48.67841,No Rain,Rainy,Good
2024-12-07T10:57:31-05:00,31.5,79.41,230,961,50,31.72,1006.17407,48.76934,No Rain,Rainy,Good
2024-12-07T10:58:33-05:00,32.6,81.24,231,962,56,31.75,1006.16321,48.72791,No Rain,Rainy,Moderate
2024-12-07T10:59:35-05:00,33,82.52,232,963,80,31.71,1006.16815,48.93504,No Rain,Rainy,Moderate
2024-12-07T11:00:36-05:00,32.3,86.79,233,964,121,31.71,1006.14343,49.21088,No Rain,Rainy,Unhealthy for Sensitive Groups
2024-12-07T11:01:38-05:00,32,86.03,234,965,122,31.9,1006.11047,49.03962,No Rain,Rainy,Unhealthy for Sensitive Groups
2024-12-07T11:02:40-05:00,30,89.63,235,966,142,31.79,1006.13092,49.07599,No Rain,Rainy,Unhealthy for Sensitive Groups
2024-12-07T11:03:42-05:00,32,89.77,236,967,154,31.79,1006.12659,49.08155,No Rain,Rainy,Unhealthy
2024-12-07T11:04:44-05:00,32,80.45,237,968,155,31.78,1006.12592,49.174,No Rain,Rainy,Unhealthy
2024-12-07T11:05:46-05:00,33,78.52,238,969,130,31.75,1006.11487,31.20372,No Rain,Rainy,Unhealthy for Sensitive Groups
2024-12-07T11:06:48-05:00,29.8,90.03,239,970,109,31.76,1008.26233,30.945,No Rain,Rainy,Unhealthy for Sensitive Groups
2024-12-07T11:07:50-05:00,26,89.36,240,971,113,31.76,1008.29327,30.93592,No Rain,Rainy,Unhealthy for Sensitive Groups
2024-12-07T11:08:52-05:00,30.1,86.91,241,972,91,31.79,1008.29437,30.80279,No Rain,Rainy,Moderate
2024-12-07T11:09:54-05:00,31.8,86.4,242,973,77,31.8,1008.3103,55.1811,No Rain,Rainy,Moderate
2024-12-07T11:10:56-05:00,31.6,80.95,243,974,80,31.84,1005.39789,55.09416,No Rain,Rainy,Moderate
2024-12-07T11:11:57-05:00,30,86.82,244,975,81,31.83,1005.40826,55.06484,No Rain,Rainy,Moderate
2024-12-07T11:13:02-05:00,30,88.05,245,976,82,31.86,1005.41174,55.36409,No Rain,Rainy,Moderate
2024-12-07T11:14:04-05:00,31,86.53,246,977,83,31.85,1005.37604,82.4099,No Rain,Rainy,Moderate
2024-12-07T11:15:06-05:00,31,87.93,247,978,84,31.84,1003.39081,82.3952,No Rain,Rainy,Moderate
2024-12-07T11:16:08-05:00,32,89.35,248,979,85,31.86,1003.39252,82.31461,No Rain,Rainy,Moderate
2024-12-07T11:17:10-05:00,31.1,89.63,249,980,149,31.88,1003.40216,82.06678,No Rain,Rainy,Unhealthy for Sensitive Groups
2024-12-07T11:18:12-05:00,29.4,86.01,250,981,133,31.89,1003.4317,81.99026,No Rain,Rainy,Unhealthy for Sensitive Groups
2024-12-07T11:19:14-05:00,31,90.99,251,982,134,31.9,1003.4408,82.99026,No Rain,Rainy,Unhealthy for Sensitive Groups
2024-12-07T11:20:16-05:00,30.3,85.34,252,983,122,31.91,-70.73906,78.233,No Rain,Rainy,Unhealthy for Sensitive Groups
2024-12-07T11:21:21-05:00,30,92.2,253,984,133,31.9,1003.88861,78.48074,No Rain,Rainy,Unhealthy for Sensitive Groups
2024-12-07T11:22:23-05:00,30,85.04,254,985,133,31.92,1003.85907,77.70056,No Rain,Rainy,Unhealthy for Sensitive Groups
2024-12-07T11:23:25-05:00,31,88.04,255,986,118,29.37,1003.95209,78.25884,No Rain,Rainy,Unhealthy for Sensitive Groups
2024-12-07T11:24:27-05:00,30,88.82,256,987,118,29.39,1003.88556,77.24261,No Rain,Rainy,Unhealthy for Sensitive Groups
2024-12-07T11:25:29-05:00,30.4,90.65,257,988,98,29.38,1004.00671,77.13218,No Rain,Rainy,Moderate
2024-12-07T11:26:31-05:00,30,86.67,258,989,99,29.39,1004.01984,76.41896,No Rain,Rainy,Moderate
2024-12-07T11:27:33-05:00,29.4,82.84,259,400,100,34.37,1004.10492,75.39633,Moderate Rain,Cloudy,Moderate
2024-12-07T11:28:35-05:00,29,79.82,260,401,75,34.38,1004.22681,75.35683,Moderate Rain,Cloudy,Moderate
2024-12-07T11:29:37-05:00,28,79.79,261,402,45,34.38,1004.23157,74.75211,Moderate Rain,Cloudy,Good
2024-12-07T11:30:39-05:00,29,87.07,262,403,61,34.38,1004.30365,74.41634,Moderate Rain,Cloudy,Moderate
2024-12-07T11:31:41-05:00,29,84.16,263,404,86,34.52,1004.34369,74.41735,Moderate Rain,Cloudy,Moderate
2024-12-07T11:32:43-05:00,30,79.31,264,405,70,34.91,1004.34357,74.36469,Moderate Rain,Cloudy,Moderate
2024-12-07T11:33:45-05:00,29,81.89,265,406,71,34.91,1004.34985,74.51408,Moderate Rain,Cloudy,Moderate
2024-12-07T11:34:47-05:00,28,85.36,266,407,72,34.95,1004.33203,74.55105,Moderate Rain,Cloudy,Moderate
2024-12-07T11:35:50-05:00,29,80.62,267,408,106,34.93,1004.32764,74.77642,Moderate Rain,Cloudy,Unhealthy for Sensitive Groups
2024-12-07T11:36:52-05:00,29,78.07,268,409,120,180,1004.30078,74.8063,Moderate Rain,Cloudy,Unhealthy for Sensitive Groups
2024-12-07T11:37:54-05:00,28.1,73.68,269,410,156,180,1004.29718,74.70096,Moderate Rain,Cloudy,Unhealthy
2024-12-07T11:38:56-05:00,28,77.14,270,411,182,180,1004.30975,75.13043,Moderate Rain,Cloudy,Unhealthy
2024-12-07T11:39:58-05:00,28,91.4,271,412,144,180,1004.25854,75.35835,Moderate Rain,Cloudy,Unhealthy for Sensitive Groups
2024-12-07T11:41:00-05:00,28.1,92.4,272,413,145,180,1004.23138,74.54092,Moderate Rain,Cloudy,Unhealthy for Sensitive Groups
2024-12-07T11:42:02-05:00,28,86.42,273,414,146,180,1004.32886,74.51155,Moderate Rain,Cloudy,Unhealthy for Sensitive Groups
2024-12-07T11:43:04-05:00,28,78.98,274,415,64,180,1004.33234,73.80965,Moderate Rain,Cloudy,Moderate
2024-12-07T11:44:06-05:00,29,81.24,275,416,56,180,1004.41608,73.11489,Moderate Rain,Cloudy,Moderate
2024-12-07T11:45:08-05:00,29,84.48,276,417,80,180,1004.4989,60.88821,Moderate Rain,Cloudy,Moderate
2024-12-07T11:46:10-05:00,30,83.95,277,418,88,180,1005.95807,60.93879,Moderate Rain,Cloudy,Moderate
2024-12-07T11:47:12-05:00,29,87.12,278,419,102,180,1005.95203,60.75671,Moderate Rain,Cloudy,Unhealthy for Sensitive Groups
2024-12-07T11:48:14-05:00,28,84.68,279,420,103,180,1005.97375,60.36323,Moderate Rain,Cloudy,Unhealthy for Sensitive Groups
2024-12-07T11:49:16-05:00,27,83.97,280,421,104,180,1006.02075,59.74927,Moderate Rain,Cloudy,Unhealthy for Sensitive Groups
2024-12-07T11:50:18-05:00,27,73.54,281,422,105,34.72,1006.09406,59.12523,Moderate Rain,Cloudy,Unhealthy for Sensitive Groups
2024-12-07T11:51:20-05:00,27,67.8,282,423,106,34.9,1006.16858,58.26054,Moderate Rain,Cloudy,Unhealthy for Sensitive Groups
2024-12-07T11:52:22-05:00,27,66.61,283,424,189,34.87,1006.27185,57.87828,Moderate Rain,Cloudy,Unhealthy
2024-12-07T11:53:27-05:00,26,65.52,284,425,190,34.81,1006.3175,57.4571,Moderate Rain,Cloudy,Unhealthy
2024-12-07T11:54:29-05:00,26,68.61,285,426,215,34.78,1006.3678,57.01217,Moderate Rain,Cloudy,Very Unhealthy
2024-12-07T11:55:31-05:00,26.3,74.58,286,427,216,34.8,1006.42096,56.51671,Moderate Rain,Cloudy,Very Unhealthy
2024-12-07T11:56:33-05:00,27,70.58,287,428,217,34.81,1006.48016,55.58955,Moderate Rain,Cloudy,Very Unhealthy
2024-12-07T11:57:35-05:00,28,70.59,288,429,145,34.82,1006.59094,55.32113,Moderate Rain,Cloudy,Unhealthy for Sensitive Groups
2024-12-07T11:58:37-05:00,28,66.61,289,430,160,34.81,1006.62299,54.69735,Moderate Rain,Cloudy,Unhealthy
2024-12-07T11:59:40-05:00,29,76.72,290,431,130,34.8,1006.69751,54.34909,Moderate Rain,Cloudy,Unhealthy for Sensitive Groups
2024-12-07T12:00:41-05:00,27,87.5,291,432,176,34.8,1006.73914,49.87424,Moderate Rain,Cloudy,Unhealthy
2024-12-07T12:01:44-05:00,27,90,292,433,245,34.78,1007.27393,49.44833,Moderate Rain,Cloudy,Very Unhealthy
2024-12-07T12:02:46-05:00,25,93.04,293,434,246,34.8,1007.32483,49.09266,Moderate Rain,Cloudy,Very Unhealthy
2024-12-07T12:03:48-05:00,24.3,92.42,294,435,209,34.74,1007.36737,47.04226,Moderate Rain,Cloudy,Very Unhealthy
2024-12-07T12:04:51-05:00,26,81.72,295,436,256,34.79,1007.61249,57.9516,Moderate Rain,Cloudy,Very Unhealthy
2024-12-07T12:05:53-05:00,26,75.1,296,437,266,34.79,1006.30878,58.08559,Moderate Rain,Cloudy,Very Unhealthy
2024-12-07T12:06:55-05:00,26,67.23,297,438,276,34.79,1006.29272,58.07952,Moderate Rain,Cloudy,Very Unhealthy
2024-12-07T12:07:57-05:00,27,73.86,298,439,218,34.77,1006.29346,58.61197,Moderate Rain,Cloudy,Very Unhealthy
2024-12-07T12:08:59-05:00,27,74.6,299,440,206,34.74,1006.22986,58.26408,Moderate Rain,Cloudy,Very Unhealthy
2024-12-07T12:10:01-05:00,28,75.42,300,441,207,34.71,1006.27142,58.47949,Moderate Rain,Hazy,Very Unhealthy
2024-12-07T12:11:03-05:00,29,74.09,301,442,180,34.71,1006.24573,58.37381,Moderate Rain,Hazy,Unhealthy
2024-12-07T12:12:04-05:00,30,70.53,302,443,217,34.71,1006.2583,58.39909,Moderate Rain,Hazy,Very Unhealthy
2024-12-07T12:13:06-05:00,31,70.3,303,444,211,34.71,1006.25269,58.42083,Moderate Rain,Hazy,Very Unhealthy
2024-12-07T12:14:08-05:00,30,70.77,304,445,90,34.69,1006.23242,58.59073,Moderate Rain,Clear,Moderate
2024-12-07T12:15:10-05:00,27,75.81,305,446,49,34.33,1006.17206,59.0959,Moderate Rain,Clear,Good
2024-12-07T12:16:12-05:00,26,62.69,306,447,46,34.49,1006.14813,59.29615,Moderate Rain,Clear,Good
2024-12-07T12:17:15-05:00,26,62.55,307,448,47,34.49,1006.14807,59.29666,Moderate Rain,Clear,Good
2024-12-07T12:18:17-05:00,27,68.78,308,449,81,34.5,1005.62018,63.71789,Moderate Rain,Clear,Moderate
2024-12-07T12:19:19-05:00,33,74.49,309,450,89,34.49,1005.73767,62.73394,Moderate Rain,Clear,Moderate
2024-12-07T12:20:21-05:00,35,86.35,310,451,136,34.5,1005.80658,62.15677,Moderate Rain,Hazy,Unhealthy for Sensitive Groups
2024-12-07T12:21:23-05:00,34,89.81,311,452,199,34.52,1005.84784,61.81129,Moderate Rain,Hazy,Unhealthy
2024-12-07T12:22:25-05:00,35,78.94,312,453,221,34.54,1005.73602,62.7476,Moderate Rain,Hazy,Very Unhealthy
2024-12-07T12:23:27-05:00,31,76.77,313,454,178,34.55,1005.7171,62.90594,Moderate Rain,Hazy,Unhealthy
2024-12-07T12:24:29-05:00,35,79.35,314,455,179,34.55,1005.73792,62.73192,Moderate Rain,Hazy,Unhealthy
2024-12-07T12:25:32-05:00,34,73.07,315,456,119,34.57,1005.63861,63.56359,Moderate Rain,Hazy,Unhealthy for Sensitive Groups
2024-12-08T09:23:42-05:00,35,73.71,316,457,153,34.58,1005.63159,63.62228,Moderate Rain,Hazy,Unhealthy
2024-12-08T09:24:44-05:00,34,77.4,317,458,202,34.61,1005.64417,63.51705,Moderate Rain,Hazy,Very Unhealthy
2024-12-08T09:25:46-05:00,34,72.92,318,459,191,34.61,1005.78735,62.31762,Moderate Rain,Hazy,Unhealthy
2024-12-08T09:26:48-05:00,34,84.55,319,460,183,34.6,1005.8822,61.52348,Moderate Rain,Hazy,Unhealthy
2024-12-08T09:27:50-05:00,35,72.65,320,461,210,34.38,1005.94373,61.00808,Moderate Rain,Hazy,Very Unhealthy
2024-12-08T09:28:52-05:00,35,69.22,321,462,304,34.58,1005.83954,61.88058,Moderate Rain,Hazy,Hazardous
2024-12-08T09:29:54-05:00,34,69.72,322,463,312,34.59,1005.77704,62.40413,Moderate Rain,Hazy,Hazardous
2024-12-08T09:30:56-05:00,35.7,70.93,323,464,304,34.43,1006.10889,59.73157,Moderate Rain,Hazy,Hazardous
2024-12-08T09:31:59-05:00,33.6,70.07,324,465,306,33.1,1006.07532,59.90604,Moderate Rain,Hazy,Hazardous
2024-12-08T09:33:01-05:00,30.5,71.79,325,466,302,33.2,1006.17303,59.08781,Moderate Rain,Hazy,Hazardous
2024-12-08T09:34:03-05:00,33,74.49,326,467,298,33.18,1006.19702,58.88705,Moderate Rain,Hazy,Very Unhealthy
2024-12-08T09:35:04-05:00,33.1,67.49,327,468,274,33.18,1006.20111,58.85267,Moderate Rain,Hazy,Very Unhealthy
2024-12-08T09:36:07-05:00,31,61.93,328,469,270,33.16,1006.20221,58.86329,Moderate Rain,Hazy,Very Unhealthy
2024-12-08T09:37:09-05:00,30,67.8,329,470,302,33.15,1006.09045,58.84357,Moderate Rain,Hazy,Hazardous
2024-12-08T09:38:11-05:00,35,63.84,330,471,257,33.14,1006.01489,59.77961,Moderate Rain,Hazy,Very Unhealthy
2024-12-08T09:39:13-05:00,35,63.8,331,472,212,33.14,1005.97192,60.41228,Moderate Rain,Hazy,Very Unhealthy
2024-12-08T09:40:15-05:00,32,74.15,332,473,256,33.15,1005.93286,60.77188,Moderate Rain,Hazy,Very Unhealthy
2024-12-08T09:41:17-05:00,30.7,69.51,333,474,301,33.1,1006.03998,61.09912,Moderate Rain,Hazy,Hazardous
2024-12-08T09:42:19-05:00,29,68.09,334,475,274,32.9,1006.05994,60.2019,Moderate Rain,Hazy,Very Unhealthy
2024-12-08T09:43:21-05:00,31,63.69,335,476,262,32.89,1006.0625,60.035,Moderate Rain,Hazy,Very Unhealthy
2024-12-08T09:44:23-05:00,32,68.59,336,477,287,33.05,1006.06372,60.01326,Moderate Rain,Hazy,Very Unhealthy
2024-12-08T09:45:25-05:00,34,74.99,337,478,262,31.95,1006.07947,60.00314,Moderate Rain,Hazy,Very Unhealthy
2024-12-08T09:46:27-05:00,34,71.88,338,479,242,32.33,1006.11029,59.87115,Moderate Rain,Hazy,Very Unhealthy
2024-12-08T09:47:29-05:00,32,70.95,339,480,204,32.43,1006.11237,59.61323,Moderate Rain,Hazy,Very Unhealthy
2024-12-08T09:48:31-05:00,31,68.38,340,481,230,32.4,1006.10187,59.59604,Moderate Rain,Hazy,Very Unhealthy
2024-12-08T09:49:33-05:00,34,68.43,341,482,171,32.43,1006.06299,59.68403,Moderate Rain,Hazy,Unhealthy
2024-12-08T09:50:34-05:00,34,66.09,342,483,113,32.44,1006.47546,60.00921,Moderate Rain,Hazy,Unhealthy for Sensitive Groups
2024-12-08T09:51:36-05:00,32,64.28,343,484,96,32.46,1006.49249,56.55614,Moderate Rain,Clear,Moderate
2024-12-08T09:52:38-05:00,32,70.86,344,485,56,32.51,1006.53156,56.41358,Moderate Rain,Clear,Moderate
2024-12-08T09:53:40-05:00,34,68.54,345,486,48,32.55,1006.57422,56.08649,Moderate Rain,Clear,Good
2024-12-08T09:54:42-05:00,35,65.21,346,487,91,32.49,1006.61127,55.72908,Moderate Rain,Clear,Moderate
2024-12-08T09:55:44-05:00,35,67.28,347,488,96,32.53,1006.76526,55.4192,Moderate Rain,Clear,Moderate
2024-12-08T09:56:46-05:00,33,69.62,348,489,111,32.55,1006.7771,54.13023,Moderate Rain,Hazy,Unhealthy for Sensitive Groups
2024-12-08T09:57:48-05:00,33,70.88,349,490,143,32.53,1006.80469,54.03116,Moderate Rain,Hazy,Unhealthy for Sensitive Groups
2024-12-08T09:58:50-05:00,34.1,68.38,350,491,141,32.5,1006.82056,53.80018,Moderate Rain,Hazy,Unhealthy for Sensitive Groups
2024-12-08T09:59:52-05:00,35,66.09,351,492,130,32.56,1006.85858,53.66776,Moderate Rain,Hazy,Unhealthy for Sensitive Groups
2024-12-08T10:00:54-05:00,32,69.03,352,493,149,31.79,1007.26611,53.34935,Moderate Rain,Hazy,Unhealthy for Sensitive Groups
2024-12-08T10:01:56-05:00,31,70.75,353,494,150,31.78,1007.21893,49.93941,Moderate Rain,Hazy,Unhealthy for Sensitive Groups
2024-12-08T10:02:58-05:00,32,70.35,354,495,159,31.75,1007.18414,50.33401,Moderate Rain,Hazy,Unhealthy
2024-12-08T10:04:00-05:00,30,63.45,355,496,178,31.77,1007.1261,50.62505,Moderate Rain,Hazy,Unhealthy
2024-12-08T10:05:02-05:00,29,61.14,356,497,159,31.75,1007.08783,51.11063,Moderate Rain,Hazy,Unhealthy
2024-12-08T10:06:04-05:00,32,61.72,357,498,126,31.76,1007.03516,51.431,Moderate Rain,Hazy,Unhealthy for Sensitive Groups
2024-12-08T10:07:06-05:00,35,59.84,358,499,115,31.65,1006.96155,51.87164,Moderate Rain,Hazy,Unhealthy for Sensitive Groups
2024-12-08T10:08:08-05:00,35,86.58,359,500,136,31.62,1006.72192,52.48766,Moderate Rain,Rainy,Unhealthy for Sensitive Groups
2024-12-08T10:09:10-05:00,35,91.59,360,501,131,31.48,1006.66565,54.49314,Moderate Rain,Rainy,Unhealthy for Sensitive Groups
2024-12-08T10:10:11-05:00,35,80.09,361,502,137,31.52,1006.6106,54.96425,Moderate Rain,Rainy,Unhealthy for Sensitive Groups
2024-12-08T10:11:13-05:00,34,78.65,362,503,121,31.39,1006.1283,55.42476,Moderate Rain,Rainy,Unhealthy for Sensitive Groups
2024-12-08T10:12:15-05:00,31,73.1,363,504,157,31.44,1006.07642,59.46253,Moderate Rain,Rainy,Unhealthy
2024-12-08T10:13:17-05:00,33,70.42,364,505,116,31.5,1006.03003,59.89694,Moderate Rain,Rainy,Unhealthy for Sensitive Groups
2024-12-08T10:14:19-05:00,32,70.86,365,506,87,31.43,1006.01733,60.06939,Moderate Rain,Rainy,Moderate
2024-12-08T10:15:21-05:00,32,71.14,366,507,58,31.33,1005.99475,60.39155,Moderate Rain,Rainy,Moderate
2024-12-08T10:16:23-05:00,34,64.23,367,508,74,31.39,1005.9588,60.5807,Moderate Rain,Rainy,Moderate
2024-12-08T10:17:25-05:00,34.1,64.47,368,509,90,31.45,1005.89203,60.88163,Moderate Rain,Rainy,Moderate
2024-12-08T10:18:27-05:00,34,62.72,369,510,61,31.55,765.70905,61.44104,Moderate Rain,Rainy,Moderate
2024-12-08T10:19:28-05:00,34,59.71,370,511,96,31.67,1005.73151,2301.18018,Moderate Rain,Rainy,Moderate
2024-12-08T10:20:30-05:00,35,63.29,371,512,96,31.65,1005.69409,62.78554,Moderate Rain,Rainy,Moderate
2024-12-08T10:21:32-05:00,35,64.43,372,513,126,31.64,1005.65204,63.09867,Moderate Rain,Rainy,Unhealthy for Sensitive Groups
2024-12-08T10:22:34-05:00,34,64.84,373,514,131,31.82,1005.60571,63.45128,Moderate Rain,Rainy,Unhealthy for Sensitive Groups
2024-12-08T10:23:36-05:00,31,67.37,374,515,95,31.76,1005.59344,63.83931,Moderate Rain,Rainy,Moderate
2024-12-08T10:24:37-05:00,32,64.31,375,516,62,31.89,1005.53247,63.94201,Moderate Rain,Rainy,Moderate
2024-12-08T10:25:39-05:00,34,66.2,376,517,64,32,1005.5022,64.4525,Moderate Rain,Rainy,Moderate
2024-12-08T10:26:41-05:00,35,64.89,377,518,60,31.97,1005.45673,64.70649,Moderate Rain,Rainy,Moderate
2024-12-08T10:27:42-05:00,33,66.25,378,519,101,32.07,1005.46588,65.08749,Moderate Rain,Rainy,Unhealthy for Sensitive Groups
2024-12-08T10:28:44-05:00,33,64.39,379,520,63,32.14,1005.46753,65.01057,Moderate Rain,Rainy,Moderate
2024-12-08T10:29:46-05:00,30,66,380,521,57,32.04,1005.45221,64.99692,Moderate Rain,Rainy,Moderate
2024-12-08T10:30:48-05:00,28,67.1,381,522,54,31.89,1005.43378,65.12493,Moderate Rain,Rainy,Moderate
2024-12-08T10:31:50-05:00,32,68.5,382,523,61,31.89,1005.39783,65.27976,Moderate Rain,Rainy,Moderate
2024-12-08T10:32:52-05:00,32,67.87,383,524,120,32,1005.43829,65.58083,Moderate Rain,Rainy,Unhealthy for Sensitive Groups
2024-12-08T10:33:53-05:00,33,65.17,384,525,105,31.99,1005.42596,65.24181,Moderate Rain,Rainy,Unhealthy for Sensitive Groups
2024-12-08T10:34:55-05:00,31,68.67,385,526,92,30.93,1005.38428,65.34503,Moderate Rain,Rainy,Moderate
2024-12-08T10:35:57-05:00,33,67.63,386,527,86,30.98,1005.38513,65.69417,Moderate Rain,Rainy,Moderate
2024-12-08T10:36:59-05:00,28,68.89,387,528,56,31.24,1005.35828,65.68709,Moderate Rain,Rainy,Moderate
2024-12-08T10:38:01-05:00,30,64.46,388,529,78,31.07,1005.31622,65.91226,Moderate Rain,Rainy,Moderate
2024-12-08T10:39:03-05:00,30,58.81,389,530,74,31.05,1005.30658,66.26446,Moderate Rain,Rainy,Moderate
2024-12-08T10:40:04-05:00,32,62.97,390,531,97,31,1005.25256,66.44106,Moderate Rain,Rainy,Moderate
2024-12-08T10:41:06-05:00,35,67.34,391,532,107,31.02,1005.23328,66.79784,Moderate Rain,Rainy,Unhealthy for Sensitive Groups
2024-12-08T10:42:08-05:00,33,65.58,392,533,130,31.47,1005.21564,66.95977,Moderate Rain,Rainy,Unhealthy for Sensitive Groups
2024-12-08T10:43:10-05:00,34.6,69.31,393,534,110,31.45,1005.15564,67.10754,Moderate Rain,Rainy,Unhealthy for Sensitive Groups
2024-12-08T10:44:12-05:00,33,68.93,394,535,98,31.55,1005.1463,67.61009,Moderate Rain,Rainy,Moderate
2024-12-08T10:45:14-05:00,30,69.38,395,536,101,31.6,1005.08685,67.68854,Moderate Rain,Rainy,Unhealthy for Sensitive Groups
2024-12-08T10:46:16-05:00,28,67.03,396,537,85,31.54,1005.0614,68.18655,Moderate Rain,Rainy,Moderate
2024-12-08T10:47:20-05:00,33,67.53,397,538,85,31.53,1005.02716,68.39964,Moderate Rain,Rainy,Moderate
2024-12-09T06:37:40-05:00,34,67.47,398,539,60,31.51,1005.01526,68.68662,Moderate Rain,Rainy,Moderate
2024-12-09T06:38:42-05:00,34,66.79,399,540,56,180,1004.97888,68.78634,Moderate Rain,Rainy,Moderate
2024-12-09T06:39:44-05:00,34,66.19,400,541,67,24.82,1004.98138,69.09155,Moderate Rain,Rainy,Moderate
2024-12-09T06:40:46-05:00,34,73.41,401,542,79,24.82,1004.97925,69.0703,Moderate Rain,Rainy,Moderate
2024-12-09T06:41:48-05:00,34,59.58,402,780,45,24.82,1005.03815,69.08852,Light Rain,Rainy,Good
2024-12-09T06:42:52-05:00,33.1,53.94,403,781,53,30.85,1005.08673,68.59451,Light Rain,Rainy,Moderate
2024-12-09T06:43:59-05:00,34,63.03,404,782,69,31.48,1005.09424,68.18757,Light Rain,Rainy,Moderate
2024-12-09T06:46:10-05:00,35,63.52,405,783,65,31.63,1005.12872,68.12481,Light Rain,Rainy,Moderate
2024-12-09T06:47:16-05:00,35,63.88,406,784,78,31.65,1005.17719,67.83582,Light Rain,Rainy,Moderate
2024-12-09T06:49:25-05:00,34,57.04,407,785,83,31.68,1005.19122,67.42941,Light Rain,Rainy,Moderate
2024-12-09T06:50:27-05:00,35,56.31,408,786,64,31.7,1005.15393,67.312,Light Rain,Rainy,Moderate
2024-12-09T06:51:29-05:00,35,57.94,409,787,102,31.72,1005.11859,67.62426,Light Rain,Rainy,Unhealthy for Sensitive Groups
2024-12-09T06:53:40-05:00,33,61.44,410,788,92,31.72,1005.1311,67.92033,Light Rain,Rainy,Moderate
2024-12-09T06:58:00-05:00,35,63.61,411,789,58,31.74,1005.89001,67.81557,Light Rain,Rainy,Moderate
2024-12-09T06:59:02-05:00,36,66.23,412,790,76,31.76,1005.8689,61.45773,Light Rain,Rainy,Moderate
2024-12-09T07:00:04-05:00,34,72.6,413,791,78,31.8,1005.85468,61.63476,Light Rain,Rainy,Moderate
2024-12-09T07:01:08-05:00,33,61,414,792,91,31.79,1005.8728,61.75362,Light Rain,Rainy,Moderate
2024-12-09T07:02:10-05:00,28,58.82,415,793,124,31.82,1005.83392,61.60188,Light Rain,Rainy,Unhealthy for Sensitive Groups
2024-12-09T07:03:12-05:00,28,57.77,416,794,75,31.8,1005.71783,61.92763,Light Rain,Rainy,Moderate
2024-12-09T07:04:14-05:00,31,56.45,417,795,73,31.78,1005.65454,62.89987,Light Rain,Rainy,Moderate
2024-12-09T07:05:19-05:00,33,58.56,418,796,101,31.77,1007.76892,63.43003,Light Rain,Rainy,Unhealthy for Sensitive Groups
2024-12-09T07:06:21-05:00,34,62,419,797,64,31.78,1007.87854,45.73412,Light Rain,Rainy,Moderate
2024-12-09T07:07:26-05:00,33,68.25,420,798,80,31.79,1007.91608,44.81752,Light Rain,Rainy,Moderate
2024-12-09T07:09:36-05:00,32,65.1,421,799,85,31.79,1008.46326,44.50342,Light Rain,Rainy,Moderate
2024-12-09T07:10:39-05:00,32,59.1,422,800,80,31.8,1008.49249,39.92932,Light Rain,Rainy,Moderate
2024-12-09T07:12:48-05:00,33,64.62,423,801,84,31.81,1008.5083,39.68502,Light Rain,Rainy,Moderate
2024-12-09T07:13:50-05:00,32,62.81,424,802,79,31.8,1002.45374,39.55278,Light Rain,Rainy,Moderate
2024-12-09T07:14:52-05:00,32,57.95,425,803,91,31.83,1002.39844,38.63369,Light Rain,Rainy,Moderate
2024-12-09T07:15:56-05:00,33,69.64,426,804,79,31.84,1002.40747,90.27671,Light Rain,Rainy,Moderate
2024-12-09T07:17:01-05:00,32,61.23,427,805,82,31.84,1002.38367,90.74081,Light Rain,Rainy,Moderate
2024-12-09T07:19:09-05:00,32,54.53,428,806,45,31.85,1002.3678,90.66524,Light Rain,Rainy,Good
2024-12-09T07:20:57-05:00,32,84.55,429,807,41,31.86,1002.31812,90.86509,Light Rain,Rainy,Good
2024-12-09T07:23:09-05:00,31,91.55,430,808,78,31.88,1002.32581,90.99849,Light Rain,Rainy,Moderate
2024-12-09T07:24:11-05:00,31,87.03,431,809,124,31.89,1003.56671,91.41545,Light Rain,Rainy,Unhealthy for Sensitive Groups
2024-12-09T07:25:13-05:00,31,88.63,432,810,73,31.89,1003.54016,91.35103,Light Rain,Rainy,Moderate
2024-12-09T07:28:31-05:00,30,67.26,433,811,71,31.93,1003.51532,80.93363,Light Rain,Rainy,Moderate
2024-12-09T07:29:35-05:00,30,62.54,434,100,79,31.93,1002.98468,81.1566,Heavy Rain,Clear,Moderate
2024-12-09T07:30:37-05:00,30,62.7,435,101,78,31.93,1002.95538,81.36488,Heavy Rain,Clear,Moderate
2024-12-09T07:31:39-05:00,30,82.29,436,102,57,31.94,1002.93091,85.81832,Heavy Rain,Clear,Moderate
2024-12-09T07:34:12-05:00,31,83.26,437,103,46,32.08,1002.90533,86.06422,Heavy Rain,Clear,Good
2024-12-09T07:35:16-05:00,31,80.09,438,104,58,32.11,1002.91498,86.27006,Heavy Rain,Clear,Moderate
2024-12-09T07:36:24-05:00,31,65.17,439,105,83,32.09,1002.90814,86.48453,Heavy Rain,Clear,Moderate
2024-12-09T07:38:50-05:00,30,57.53,440,106,109,32.06,1002.89392,86.4034,Heavy Rain,Hazy,Unhealthy for Sensitive Groups
2024-12-09T07:39:51-05:00,28,53.92,441,107,148,32.08,1002.91638,86.4612,Heavy Rain,Hazy,Unhealthy for Sensitive Groups
2024-12-09T07:41:59-05:00,26,79.87,442,108,158,32.09,1002.94031,86.58035,Heavy Rain,Hazy,Unhealthy
2024-12-09T07:43:04-05:00,24,77.04,443,109,146,32.11,1002.88751,86.39174,Heavy Rain,Hazy,Unhealthy for Sensitive Groups
2024-12-09T07:44:06-05:00,29,72,444,110,133,33.45,1002.69983,86.19096,Heavy Rain,Hazy,Unhealthy for Sensitive Groups
2024-12-09T07:45:11-05:00,29,74.71,445,111,122,33.57,1002.66138,86.63409,Heavy Rain,Hazy,Unhealthy for Sensitive Groups
2024-12-09T07:46:36-05:00,30,66.92,446,112,126,33.58,1002.62335,88.21006,Heavy Rain,Hazy,Unhealthy for Sensitive Groups
2024-12-09T07:49:36-05:00,30,73.13,447,113,131,33.62,1002.56641,88.53309,Heavy Rain,Hazy,Unhealthy for Sensitive Groups
2024-12-09T07:55:08-05:00,32,63.02,448,114,124,33.64,1002.58966,88.85207,Heavy Rain,Hazy,Unhealthy for Sensitive Groups
2024-12-09T07:56:10-05:00,31,71.99,449,115,106,33.51,1002.51971,89.33031,Heavy Rain,Hazy,Unhealthy for Sensitive Groups
2024-12-09T07:57:14-05:00,32,72.89,450,116,95,33.64,1002.5047,89.13506,Heavy Rain,Clear,Moderate
2024-12-09T07:58:16-05:00,31,68.72,451,117,93,34.53,1002.50983,89.72235,Heavy Rain,Clear,Moderate
2024-12-09T07:59:18-05:00,31,75.66,452,118,104,33.78,1002.49268,89.84864,Heavy Rain,Hazy,Unhealthy for Sensitive Groups
2024-12-09T08:01:29-05:00,31,68.34,453,119,80,33.85,1002.48389,89.80553,Heavy Rain,Clear,Moderate
2024-12-09T08:03:36-05:00,29,76.75,454,120,92,33.41,1003.48389,89.94957,Heavy Rain,Clear,Moderate
