dhtTemp,dhthum,LDR value,rainValue,pressure,altitude,aqi value,rainStatusNum,AQI_Category
30.2,79,687,999,1008.62531,28.16959,396,1,Good
29.8,77,688,404,1008.61737,28.23564,397,0,Good
29.9,78,715,506,1008.62201,28.19682,413,1,Good
30.8,80,708,585,1008.61108,28.28807,345,1,Good
31.3,81,753,584,1008.59741,28.40253,366,1,Good
32.3,82,758,566,1008.58484,28.5074,357,1,Good
29.3,75,747,562,1008.59003,28.46404,354,1,Good
28.9,76,754,564,1008.58875,28.47513,373,1,Good
25.3,73,750,568,1008.57733,28.57043,348,1,Good
22.9,74,692,578,1008.57971,28.55026,384,1,Good
23,72,763,586,1008.56232,28.69597,423,1,Good
23.4,73,702,595,1008.5639,28.68287,412,1,Good
60.1,71,691,427,1008.54663,28.82707,411,0,Good
23.8,70,705,510,1008.52075,29.04338,414,1,Good
24.1,69,696,534,1008.53204,28.94909,415,1,Good
24.5,83,721,590,1008.52344,29.02069,425,1,Good
24.8,84,720,632,1008.51331,29.1054,420,1,Good
24.2,66,729,615,1008.48407,29.34996,407,1,Good
22.6,11,700,665,1008.4422,29.69991,409,1,Good
23.7,98,732,702,1008.43628,29.74933,417,1,Good
23.5,68,765,750,1008.40369,30.02214,419,1,Good
21,67,709,785,1008.39502,30.09425,403,1,Good
21.4,65,752,801,1008.367,30.32874,402,1,Good
20.6,64,760,813,1008.34564,30.50726,401,1,Good
20.2,63,770,833,1008.34924,30.477,408,1,Good
18.2,59,718,852,1008.34985,30.47196,399,1,Good
18.6,58,726,868,1008.32843,30.65099,355,1,Good
19.4,86,739,871,1008.26202,31.20624,406,1,Good
19.8,87,728,453,1008.27045,31.13614,400,0,Good
20.3,88,759,694,1008.23248,31.45337,404,1,Good
18.3,85,766,756,1008.23279,31.45085,405,1,Good
21.8,89,764,830,1008.22162,31.54415,416,1,Good
22.2,38,775,856,1008.21075,31.63494,372,1,Good
22.7,37,782,874,1008.18701,31.83365,362,1,Good
26.2,45,769,880,1008.16656,32.00463,364,1,Good
22.3,53,768,895,1008.14709,32.16755,378,1,Good
21.1,62,776,898,1008.12872,32.32088,351,1,Good
21.9,60,742,885,1008.11938,32.39906,353,1,Good
22.8,57,717,907,1008.10596,32.51154,360,1,Good
24.6,56,714,924,1008.06525,32.85151,371,1,Good
25.8,93,741,932,1008.04498,33.021,352,1,Good
23.3,91,698,945,1008.02704,33.17131,361,1,Good
24,52,751,952,1008.0094,33.31861,356,1,Good
19,46,1024,960,1007.96381,33.69997,363,1,Good
18.8,41,0,473,1007.93976,33.90125,359,0,Good
33.8,51,5,476,1007.90393,34.2009,358,0,Good
33.2,49,4,597,1007.8764,34.43095,374,1,Good
28.5,48,10,773,1007.86133,34.55707,367,1,Good
19.5,50,6,740,1007.84265,34.71347,350,1,Good
27.6,47,45,832,1007.82935,34.82446,375,1,Good
28,48,748,882,1007.80951,34.99044,365,1,Good
27.1,61,793,896,1007.76477,35.3648,346,1,Good
26.7,54,738,913,1007.74341,35.54341,385,1,Good
28.4,55,745,914,1007.70685,35.84917,389,1,Good
29.4,56,792,921,1007.6864,36.02021,391,1,Good
29.6,57,735,926,1007.6933,35.96269,329,1,Good
26.4,82,798,940,1007.65845,36.25383,332,1,Good
27.7,76,794,951,1007.64081,36.40167,326,1,Good
33.3,73,762,963,1007.59717,36.76649,340,1,Good
32.8,72,797,805,1007.56409,37.04353,343,1,Good
33.8,71,799,948,1007.54749,37.1823,349,1,Good
32.3,68,725,968,1007.52576,37.36396,390,1,Good
31.8,69,757,975,1007.53674,37.27212,394,1,Good
31.9,70,756,987,1007.52075,37.40585,380,1,Good
34.2,71,796,997,1007.4986,37.59155,395,1,Good
33.9,72,761,1004,1007.47931,37.75253,334,1,Good
35.2,73,788,1013,1007.46173,37.89989,335,1,Good
35.6,61,801,1022,1007.42578,38.20068,336,1,Good
34.7,58,780,1024,1007.39526,38.45604,347,1,Good
38.5,54,774,682,1007.39642,38.44595,369,1,Good
38.6,60,841,867,1007.37622,38.61502,376,1,Good
39,63,835,879,1007.35864,38.76239,370,1,Good
39.2,65,837,897,1007.31189,39.15354,368,1,Good
39.5,63,842,942,1007.26593,39.53814,379,1,Good
28.7,64,840,451,1007.23273,39.81575,388,0,Good
35.5,62,860,941,1007.22015,39.92125,382,1,Good
35.4,63,869,262,1007.19843,40.10296,430,0,Good
34,62,831,807,1007.18237,40.23723,424,1,Good
32.6,64,826,825,1007.1358,40.62692,418,1,Good
31.4,65,847,843,1007.12061,40.75413,426,1,Good
30.1,66,737,949,1007.11725,40.78239,427,1,Good
29.7,67,787,956,1007.07928,41.09992,410,1,Good
30.3,68,838,972,1007.05725,41.28418,330,1,Good
30.6,69,836,988,1007.01111,41.67037,392,1,Good
32.7,70,866,1003,1007.01208,41.66229,422,1,Good
31.07,73.7,833,1009,1006.96295,42.07375,421,1,Good
31.04,67.61,825,1014,1006.92584,42.38424,383,1,Good
31.01,68.08,834,1017,1006.76154,43.75961,431,1,Good
30.99,67.17,855,1018,1006.73767,43.95907,446,1,Good
30.95,62.98,848,1021,1006.70349,44.24538,428,1,Good
30.93,62.64,861,1020,1006.69562,44.31153,387,1,Good
30.94,59.2,857,905,1006.65967,44.6125,377,1,Good
31.03,60.31,829,810,1006.64056,44.77207,429,1,Good
31.05,68.99,845,550,1010.32983,13.93152,437,1,Good
31.06,65.34,846,558,1010.35876,13.69035,433,1,Good
30.96,61.83,823,569,1010.35846,13.69287,434,1,Good
30.92,66,859,625,1010.38031,13.51061,436,1,Good
30.97,65.74,805,624,1010.39227,13.41041,435,1,Good
30.98,61.97,813,622,1010.38794,13.44666,438,1,Good
31.09,59.85,749,627,1010.38721,13.45271,444,1,Good
31.1,65.81,722,640,1010.37872,13.5237,432,1,Good
31.15,69.58,711,657,1010.35687,13.70596,303,1,Good
31.16,75.61,786,689,1010.3689,13.60576,331,1,Good
31.13,75.79,730,519,1010.3855,13.46731,291,1,Good
31.14,73.93,865,582,1010.39612,13.3787,255,1,Good
31.39,74.3,843,741,1010.37036,13.59368,233,1,Good
31.34,57.27,868,748,1010.36639,13.62641,440,1,Good
31.31,46.36,862,774,1010.35205,13.74624,338,1,Good
31.24,48.12,849,806,1010.34467,13.80817,339,1,Good
31.23,47.86,864,841,1010.82892,9.76692,325,1,Good
30.82,54.38,850,853,1010.81,9.92445,465,1,Good
30.69,51.18,858,861,1010.823,9.81624,307,1,Good
30.7,56.29,824,878,1010.83954,9.67784,283,1,Good
31.74,62.94,822,883,1010.85919,9.51427,289,1,Good
31.73,51.84,821,886,1010.87463,9.38543,232,1,Good
31.71,69.23,814,892,1010.88336,9.31245,250,1,Good
31.72,73.69,723,901,1010.89954,9.17758,279,1,Good
31.75,60.43,816,936,1010.91205,9.0729,269,1,Good
31.76,56.58,820,943,1010.9339,8.89072,294,1,Good
31.77,83.72,706,944,1010.9342,8.8882,267,1,Good
31.79,89.92,828,916,1010.95032,8.75383,276,1,Good
31.81,84.21,818,955,1010.96906,8.59732,263,1,Good
31.82,81.81,811,962,1010.97516,8.5465,262,1,Good
31.84,69.92,810,966,1010.96997,8.58978,272,1,Good
31.87,52.24,853,973,1010.96124,8.66275,235,1,Good
31.9,56.26,727,976,1010.96857,8.60135,253,1,Good
31.92,54.94,734,980,1010.96234,8.65369,268,1,Good
31.93,52.22,740,978,1010.96167,8.65922,381,1,Good
31.95,64.82,733,981,1010.97797,8.52335,398,1,Good
31.97,69.39,712,985,1010.98608,8.45541,460,1,Good
31.98,63.57,773,993,1011.01642,8.20229,393,1,Good
32,77.15,716,996,1011.03406,8.05535,327,1,Good
32.02,67.14,789,1002,1011.03467,8.05032,344,1,Good
32.03,69.91,800,1005,1011.0415,7.99295,386,1,Good
32.06,66.33,674,1008,1011.05719,7.86212,477,1,Good
32.05,63.61,680,1012,1011.05487,7.88174,337,1,Good
32.07,72.03,668,1016,1011.02905,8.09712,306,1,Good
32.08,74.93,746,1023,1011.03296,8.06441,209,1,Good
32.09,73.55,807,708,1011.00842,8.26922,174,1,Good
32.12,76.15,812,709,1011.0094,8.26066,178,1,Good
32.1,73.11,744,710,1010.9906,8.41767,173,1,Good
32.04,74.87,806,701,1010.97974,8.50825,476,1,Good
32.01,76.2,713,749,1010.9903,8.42019,56,1,Good
31.96,73.83,685,758,1010.98138,8.49466,155,1,Good
31.94,76.55,686,753,1010.99731,8.36181,500,1,Good
31.91,64.99,675,762,1011.00537,8.29438,161,1,Good
31.44,74.36,736,696,1011.04669,7.94967,453,1,Good
31.36,77.63,772,693,1011.03705,8.03019,164,1,Good
31.35,81.54,879,706,1011.04346,7.97685,172,1,Good
31.33,78.07,844,716,1011.0647,7.79972,265,1,Good
31.38,78.02,867,722,1011.06116,7.82891,238,1,Good
31.37,75.25,871,726,1011.04846,7.93508,236,1,Good
31.45,64.41,873,703,1011.04749,7.94313,245,1,Good
31.46,53.54,870,727,1011.03534,8.04428,184,1,Good
31.47,61.87,808,764,1011.04919,7.92904,206,1,Good
31.48,62.28,778,757,1011.04108,7.99647,188,1,Good
31.5,64.51,676,770,1011.03796,8.02264,190,1,Good
31.51,67.49,830,729,1011.01221,8.23751,187,1,Good
31.52,70.72,802,735,1011.0022,8.32105,439,1,Good
31.54,64.16,852,715,1010.98718,8.44635,464,1,Good
31.56,72.16,832,730,1010.9881,8.4388,456,1,Good
31.57,74.93,856,759,1010.98132,8.49517,320,1,Good
31.59,69.8,819,763,1010.99188,8.4071,305,1,Good
31.61,73.2,783,765,1010.96765,8.6094,300,1,Good
31.63,74.73,781,776,1010.97339,8.56109,317,1,Good
31.64,78.37,817,777,1010.97266,8.56763,315,1,Good
31.65,74.08,881,709,1010.99408,8.38848,310,1,Good
31.66,72.45,912,769,1011.01233,8.23651,323,1,Good
31.67,69.72,876,728,1010.99469,8.38345,282,1,Good
31.68,71.36,785,746,1011.01141,8.24406,485,1,Good
31.69,73.51,784,691,1011.05609,7.87117,301,1,Good
31.78,72.96,771,720,1011.05658,7.86715,292,1,Good
31.8,72.96,854,761,1011.07422,7.72021,443,1,Good
31.83,71.85,880,751,1011.09595,7.53906,457,1,Good
31.85,66.67,877,692,1011.11047,7.4178,447,1,Good
30.56,69.16,895,754,1011.12811,7.27036,481,1,Good
30.58,71.89,885,755,1011.13141,7.24319,150,1,Good
30.63,72.82,886,41,1011.15161,7.07463,442,0,Good
30.65,72.23,888,165,1011.16022,7.00268,239,0,Good
30.86,65.32,893,31,1011.15735,7.02683,450,0,Good
31.12,69.17,890,32,1011.14648,7.1174,128,0,Good
31.17,72.46,896,147,1011.16248,6.98406,462,0,Good
31.22,69.29,908,34,1011.15405,7.054,311,0,Good
31.25,71.66,892,107,1011.17999,6.83764,298,0,Good
31.27,61.26,883,804,1011.16327,6.97752,324,1,Good
31.29,73.04,618,448,1011.15002,7.08771,302,0,Good
31.4,69.24,678,272,1011.15747,7.02582,318,0,Good
31.41,72.54,596,745,1011.15283,7.06457,304,1,Good
31.53,69.45,522,788,1011.14771,7.10734,153,1,Good
29.13,71.72,475,736,1011.15851,7.01677,183,1,Good
29.09,72.35,900,787,1011.16528,6.96041,296,1,Good
29.11,63.09,889,797,1011.17236,6.90154,479,1,Good
29.14,67.03,878,796,1011.16034,7.00167,297,1,Good
29.16,63.15,684,760,1011.1283,7.26886,293,1,Good
29.17,70.62,693,798,1011.12781,7.27288,313,1,Good
29.15,67.4,663,721,1011.14917,7.09476,295,1,Good
29.12,67.49,694,766,1011.15796,7.0218,328,1,Good
29.18,65.4,667,794,1011.15845,7.01727,309,1,Good
29.2,68.86,951,747,1011.1543,7.05199,341,1,Good
29.22,69.67,701,790,1011.18188,6.82204,333,1,Good
29.21,71.59,664,800,1011.53632,3.86593,141,1,Good
29.23,78.76,627,836,1011.52112,3.99269,130,1,Good
29.25,77.43,580,840,1011.54407,3.80155,321,1,Good
29.27,80.7,591,835,1011.54437,3.79903,316,1,Good
29.29,76.28,512,865,1011.54541,3.78998,319,1,Good
29.39,75.31,569,870,1011.53455,3.88052,322,1,Good
26.46,72.78,552,849,1011.52533,3.95748,237,1,Good
26.49,71.61,601,859,1011.52814,3.93434,216,1,Good
26.5,73.24,546,784,1011.54718,3.77539,249,1,Good
26.53,72.48,564,802,1011.53485,3.878,278,1,Good
26.55,69.03,541,842,1011.55078,3.74521,266,1,Good
26.56,71.94,536,838,1011.54596,3.78545,271,1,Good
26.58,80.33,555,834,1011.52753,3.93937,227,1,Good
26.61,76.21,480,828,1011.51257,4.06412,220,1,Good
26.63,84.39,517,858,1011.51154,4.07267,224,1,Good
26.65,81.05,550,829,1011.50531,4.12448,105,1,Good
26.66,73.57,777,846,1011.50232,4.14963,146,1,Good
26.67,77.13,941,837,1011.5047,4.12951,143,1,Good
26.68,76.39,795,824,1011.47986,4.33676,134,1,Good
26.69,76.36,804,823,1011.46857,4.43083,145,1,Good
26.7,72.6,809,826,1011.44983,4.58727,196,1,Good
32.93,76.43,710,845,1011.44366,4.63859,198,1,Good
32.89,80.19,703,814,1011.4458,4.62098,199,1,Good
32.91,88.98,976,744,1011.44135,4.6582,166,1,Good
32.83,78.43,428,712,1011.44116,4.65971,169,1,Good
32.95,80.69,355,786,1011.44708,4.60991,138,1,Good
32.61,88.73,364,732,1011.43073,4.74674,185,1,Good
32.88,86.5,352,844,1011.42487,4.79554,180,1,Good
32.9,84.12,974,848,1011.42877,4.76284,182,1,Good
32.92,81.37,113,869,1011.40607,4.95199,189,1,Good
32.71,81.83,316,847,1011.40033,5.00028,176,1,Good
32.73,85.59,329,855,1011.37671,5.19698,200,1,Good
32.74,83.6,927,822,1011.36487,5.29559,201,1,Good
32.75,83.3,874,821,1011.34186,5.48777,194,1,Good
33.79,86.85,336,831,1011.32617,5.61857,191,1,Good
33.81,88.86,351,816,1011.323,5.64523,186,1,Good
34.01,86.51,704,708,1011.29187,5.90484,195,1,Good
34.03,87,543,820,1011.27966,6.00646,193,1,Good
34.04,83.35,487,812,1011.24921,6.26054,192,1,Good
34.08,90.71,482,811,1011.25079,6.24746,225,1,Good
34.14,89.2,502,818,1011.26001,6.17048,223,1,Good
33.55,88.99,379,817,1011.2807,5.99791,177,1,Good
33.01,78.46,421,772,1011.29687,5.86308,162,1,Good
33.3,80.09,377,717,1011.29486,5.87968,137,1,Good
32.79,94.16,376,718,1011.27325,6.05979,129,1,Good
33.24,90.13,384,738,1011.26984,6.08847,126,1,Good
33.11,86.47,388,713,1011.22321,6.47739,131,1,Good
33.1,82.67,389,739,1011.20673,6.61475,133,1,Good
33.05,76.43,382,792,1011.20953,6.5916,125,1,Good
33.14,73.4,884,793,1011.22314,6.47789,124,1,Good
33.02,75.6,933,675,1011.22778,6.43915,123,1,Good
33.07,78.29,689,680,1011.22736,6.44267,50,1,Good
33.19,88.63,653,674,1011.20667,6.61525,49,1,Good
33.16,92.81,624,725,1011.16174,6.9901,53,1,Good
33.13,89.61,614,705,1011.16296,6.98004,57,1,Good
33.17,94.48,649,685,1011.1756,6.87437,51,1,Good
33.33,94.91,644,686,1011.15326,7.06105,60,1,Good
33.37,96.01,636,684,1011.14825,7.10231,55,1,Good
33.44,89.13,662,676,1011.12585,7.28949,77,1,Good
33.49,86.69,578,688,1011.1189,7.34735,109,1,Good
33.52,87.31,992,723,1011.11438,7.38509,81,1,Good
33.57,87.24,629,768,1011.12061,7.33326,65,1,Good
33.58,80.64,615,734,1011.12231,7.31917,99,1,Good
33.61,83.12,598,724,1011.11139,7.41025,98,1,Good
33.62,83.38,907,742,1011.13892,7.1803,94,1,Good
33.64,81.21,913,778,1011.14081,7.1647,92,1,Good
33.63,87.28,982,873,1011.11768,7.35741,87,1,Good
33.67,90.29,307,775,1011.117,7.36345,88,1,Good
33.68,85.55,904,673,1011.09985,7.50636,86,1,Good
33.7,88.47,488,808,1011.10626,7.45302,84,1,Good
33.69,88.42,917,864,1011.13049,7.25074,82,1,Good
33.71,88.31,261,854,1011.12518,7.29502,79,1,Good
34.2,84.07,944,862,1011.12128,7.32773,75,1,Good
34.37,86.02,931,857,1011.11389,7.38911,80,1,Good
34.23,83.45,898,783,1011.11096,7.41377,78,1,Good
34.17,84.04,637,782,1011.1214,7.32672,63,1,Good
34.09,92.66,634,780,1011.12408,7.30408,46,1,Good
33.97,91.48,724,819,1011.10803,7.43792,38,1,Good
33.96,90.63,317,881,1011.12439,7.30156,42,1,Good
33.94,81.16,619,860,1011.11938,7.34333,40,1,Good
33.95,80.68,665,876,1011.10278,7.4817,36,1,Good
33.99,83.7,652,894,1011.09186,7.57278,39,1,Good
34,82.93,642,884,1011.09875,7.51541,35,1,Good
34.02,85.63,628,893,1011.11658,7.36697,33,1,Good
33.98,85.43,682,909,1011.11523,7.37805,30,1,Good
33.93,81.56,673,888,1011.1156,7.37503,32,1,Good
33.89,83.24,625,908,1011.11993,7.3388,19,1,Good
33.85,88.55,313,781,1011.10577,7.45704,37,1,Good
33.87,79.54,374,614,1011.10016,7.50384,34,1,Good
33.9,78.24,602,598,1011.10565,7.45805,27,1,Good
33.92,78.84,620,525,1011.09839,7.51843,31,1,Good
33.91,85.61,980,470,1011.09534,7.5441,18,0,Good
30.66,86.53,607,890,1011.08221,7.65329,58,1,Good
30.64,92.01,600,889,1011.06268,7.81632,85,1,Good
30.61,83.89,610,679,1011.07751,7.69254,74,1,Good
30.55,88.1,640,690,1011.07062,7.75041,76,1,Good
30.54,92.24,604,677,1011.06158,7.82538,68,1,Good
30.57,90.9,670,666,1013.41296,-11.77151,71,1,Good
30.52,79.18,648,670,1013.44122,-12.00657,69,1,Good
30.49,77.46,622,866,1013.43298,-11.93826,72,1,Good
30.47,84.14,633,662,1013.38562,-11.54449,20,1,Good
30.5,74.42,616,626,1013.39471,-11.61983,23,1,Good
30.51,77.45,613,580,1013.28345,-10.69361,44,1,Good
30.41,81.01,645,592,1013.26154,-10.51077,64,1,Good
30.44,77.82,646,514,1013.26086,-10.50475,59,1,Good
30.46,76.76,687,567,1013.29065,-10.75289,41,1,Good
30.48,77.44,790,554,1013.29889,-10.82221,48,1,Good
30.45,82.76,681,600,1013.27374,-10.61224,10,1,Good
30.53,82.52,289,809,1013.25665,-10.47059,26,1,Good
30.43,79.97,267,547,1013.22455,-10.20235,24,1,Good
30.42,76.09,654,543,1013.18341,-9.85975,9,1,Good
30.4,72.17,690,535,1013.17084,-9.75526,28,1,Good
30.6,83.05,661,556,1013.15997,-9.66484,22,1,Good
30.62,85.24,657,480,1013.07281,-8.9394,25,0,Good
30.59,90.4,655,518,1013.04248,-8.6862,21,1,Good
30.68,87.38,658,552,1013.00073,-8.33852,29,1,Good
31.86,82.48,666,714,1012.97888,-8.15665,16,1,Good
31.88,80.4,973,737,1012.97144,-8.09434,17,1,Good
31.89,74.02,484,795,1012.95422,-7.95165,11,1,Good
29.37,72.69,442,799,1012.90967,-7.57984,4,1,Good
29.38,74.53,542,711,1012.88452,-7.37081,62,1,Good
34.38,72.27,606,733,1012.85883,-7.15676,52,1,Good
34.52,82.56,608,697,1012.87604,-7.30047,54,1,Good
34.91,87.46,574,979,1012.87183,-7.2653,43,1,Good
34.95,90.87,567,704,1012.86139,-7.17786,14,1,Good
34.93,90.16,556,628,1013.86139,-6.17786,8,1,Good
35.93,93.37,557,355,1012.81281,-6.77286,197,0,Good
34.72,83.14,558,365,1012.79272,-6.60603,165,0,Good
34.9,82.74,465,351,1012.77612,-6.46734,168,0,Good
34.87,76.02,452,113,1012.76843,-6.40402,252,0,Good
34.81,82.61,461,315,1017.36719,-44.64458,132,0,Good
34.78,79.09,583,328,1017.34564,-44.46634,147,0,Good
34.8,87.55,554,927,1017.30109,-44.09583,179,1,Good
34.82,87.99,214,336,1017.27533,-43.88253,115,0,Good
34.74,97.23,356,487,1017.26208,-43.77237,140,0,Good
34.79,88.28,293,482,1017.24451,-43.62616,156,0,Good
34.77,82.4,288,502,1017.20612,-43.30769,251,1,Good
34.71,79.21,277,379,1017.18158,-43.10439,228,0,Good
34.69,84.71,302,420,1017.18048,-43.09538,170,0,Good
34.33,78.53,401,377,1017.19226,-43.19252,159,0,Good
34.49,78,406,384,1017.245,-43.63016,242,0,Good
34.5,74.94,412,389,1017.27966,-43.91858,274,0,Good
34.54,69.61,340,387,1017.3078,-44.15191,259,0,Good
34.55,78.78,358,902,1017.28424,-43.95663,120,1,Good
34.57,87.18,381,872,1017.26532,-43.79941,136,1,Good
34.58,94.26,346,687,1017.26202,-43.7273,222,1,Good
34.61,92.98,365,645,1017.25659,-43.78839,230,1,Good
34.6,78.18,283,620,1017.26398,-43.85849,217,1,Good
34.59,78.6,373,681,1017.2724,-44.08081,229,1,Good
34.43,77.04,370,638,1017.29919,-44.27708,214,1,Good
33.2,85.08,375,663,1017.32281,-44.41227,111,1,Good
33.18,84.47,361,992,1017.33911,-44.35118,160,1,Good
33.15,77.43,409,616,1017.33185,-44.56948,163,1,Good
23,72.59,393,648,1017.35815,-49.8363,139,1,Good
23,78.13,391,906,1017.9928,-49.67116,142,1,Good
24,82.32,392,934,1017.97284,-49.70419,117,1,Good
23,82.72,385,308,1017.97687,-49.69518,102,0,Good
24,77.2,386,390,1017.97577,-50.09452,108,0,Good
25,74.34,387,488,1018.02393,-50.02946,121,0,Good
26,71.46,400,919,1018.01611,-50.10252,107,1,Good
27,69.3,399,261,1018.02484,-50.08851,118,0,Good
27,72.46,394,931,1018.02313,-50.28667,110,1,Good
26.7,68.39,408,639,1018.04706,-50.80107,114,1,Good
27,67.69,460,634,1018.10907,-50.85312,89,1,Good
22,69.14,456,317,1018.1153,-51.05627,97,0,Good
25,69.44,266,618,1018.13983,-51.42854,100,1,Good
20.6,65.26,264,656,1018.18475,-51.70472,116,1,Good
23.2,69.05,262,621,1018.21796,-51.9789,83,1,Good
22.2,65.22,257,672,1018.25104,-52.71235,112,1,Good
23,60.44,273,619,1018.33954,-53.33369,113,1,Good
23,67.5,269,655,1018.41437,-53.76991,61,1,Good
23,90.13,256,699,1018.46704,-53.98401,90,1,Good
23,90.16,255,637,1018.4928,-54.24012,93,1,Good
24.6,90.17,253,667,1018.52368,-54.38618,47,1,Good
23.1,87.2,102,629,1018.54138,-54.22612,45,1,Good
22.1,79.44,100,313,1018.52203,-54.34217,95,0,Good
22,74.34,109,374,1018.53607,-54.44621,66,0,Good
25,63.59,116,596,1018.54852,83.84582,103,1,Moderate
24.8,56.3,114,608,1001.98206,84.32383,127,1,Moderate
23,61.95,115,602,1001.92517,84.40392,106,1,Moderate
21,65.17,104,607,1001.91565,81.02332,91,1,Moderate
21.1,66.88,123,658,1002.31799,80.82772,101,1,Moderate
23,67.16,118,604,1002.34125,22.58067,96,1,Good
26,69.57,117,642,1009.29413,22.03394,70,1,Good
27,71.68,157,669,1009.35956,21.93769,73,1,Good
27.7,66.73,222,668,1009.37109,18.05498,122,1,Good
27.2,68.39,166,606,1009.83594,18.11844,154,1,Good
24,72.98,133,636,1009.82837,18.14715,149,1,Good
23,72.43,204,617,1009.82495,18.32798,144,1,Good
23,71.3,200,652,1009.80328,18.48414,104,1,Good
25,69.43,192,601,1009.78455,18.55919,215,1,Good
26,70.15,188,698,1009.77557,18.50932,246,1,Good
26.1,73.51,177,771,1009.78156,18.68411,256,1,Good
22.8,72.49,181,289,1009.76062,18.76572,218,0,Good
24,75.32,176,267,1009.75085,18.81962,207,0,Good
24,87.47,173,649,1009.74438,18.80803,211,1,Good
25,92.13,168,646,1009.74579,18.65893,221,1,Good
25.3,83.73,162,653,1009.76361,18.36929,119,1,Good
26,80.14,154,661,1009.79834,18.19249,202,1,Good
26,73.99,163,484,1009.81952,18.15824,210,0,Good
27,75,161,442,1009.82361,18.06455,312,0,Good
27,71.93,160,391,1009.83484,18.21163,270,0,Good
28,67.12,159,678,1009.8172,18.4514,257,1,Good
27,66.38,158,679,1009.78851,18.49874,212,1,Good
29,78.69,156,752,1009.78284,18.65137,287,1,Good
28.1,86.65,557,743,1009.76453,18.72089,204,1,Good
29,81.01,547,755,1009.75623,53.18661,171,1,Moderate
29.2,81.5,530,791,1005.63586,52.94553,157,1,Moderate
26,78.6,570,767,1005.66467,51.16066,67,1,Moderate
30.3,76.78,538,731,1005.87769,51.10608,148,1,Moderate
31,71.92,559,732,1005.88422,50.98734,158,1,Moderate
30.4,72.56,568,733,1005.89838,36.30126,167,1,Good
30.1,63.76,562,734,1007.65283,37.07531,151,1,Good
30.7,67.71,563,735,1007.5603,36.66053,135,1,Good
30.9,71.27,582,736,1007.60986,41.96621,156,1,Good
31.2,71.55,560,737,1006.97577,36.63429,152,1,Good
32,75.38,532,738,1007.61298,43.11381,219,1,Good
31.6,70.02,548,739,1006.83868,36.86086,175,1,Good
,,,,,,298,,Poor
,,,,,,,,
,,,,,,333,,
,,,,,,318,,
,,,,,,408,,
,,,,,,448,,
,,,,,,312,,
,,,,,,289,,
,,,,,,206,,
,,,,,,248,,
,,,,,,302,,
,,,,,,193,,
,,,,,,151,,
,,,,,,137,,
,,,,,,208,,
,,,,,,172,,
,,,,,,149,,
,,,,,,157,,
,,,,,,242,,
,,,,,,205,,
,,,,,,245,,
,,,,,,244,,
,,,,,,152,,
,,,,,,148,,
,,,,,,158,,
,,,,,,145,,
,,,,,,142,,
,,,,,,180,,
,,,,,,130,,
,,,,,,102,,
,,,,,,113,,
,,,,,,136,,
,,,,,,115,,
,,,,,,108,,
,,,,,,139,,
,,,,,,140,,
,,,,,,100,,
,,,,,,107,,
,,,,,,124,,
,,,,,,201,,
,,,,,,126,,
,,,,,,153,,
,,,,,,176,,
,,,,,,146,,
,,,,,,285,,
,,,,,,178,,
,,,,,,209,,
,,,,,,196,,
,,,,,,156,,
,,,,,,135,,
,,,,,,197,,
,,,,,,200,,
,,,,,,166,,
,,,,,,177,,
,,,,,,235,,
,,,,,,277,,
,,,,,,221,,
,,,,,,204,,
,,,,,,211,,
,,,,,,216,,
,,,,,,220,,
,,,,,,203,,
,,,,,,207,,
,,,,,,125,,
,,,,,,150,,
,,,,,,119,,
,,,,,,121,,
,,,,,,144,,
,,,,,,117,,
,,,,,,118,,
,,,,,,165,,
,,,,,,120,,
,,,,,,114,,
,,,,,,155,,
,,,,,,181,,
,,,,,,167,,
,,,,,,147,,
,,,,,,169,,
,,,,,,186,,
,,,,,,290,,
,,,,,,164,,
,,,,,,187,,
,,,,,,160,,
,,,,,,230,,Very Poor
,,,,,,188,,
,,,,,,191,,Very Poor
,,,,,,189,,Severe
,,,,,,154,,Severe
,,,,,,190,,
,,,,,,104,,
,,,,,,132,,Very Poor
,,,,,,141,,Poor
,,,,,,210,,Poor
,,,,,,92,,Poor
,,,,,,123,,
,,,,,,143,,Very Poor
,,,,,,106,,Moderate
,,,,,,195,,Moderate
,,,,,,194,,Moderate
,,,,,,98,,Poor
,,,,,,112,,Moderate
,,,,,,96,,Moderate
,,,,,,111,,Moderate
,,,,,,129,,Poor
,,,,,,91,,Poor
,,,,,,127,,Poor
,,,,,,97,,Poor
,,,,,,88,,Moderate
,,,,,,163,,Moderate
,,,,,,99,,Moderate
,,,,,,83,,Moderate
,,,,,,82,,Moderate
,,,,,,86,,Moderate
,,,,,,79,,Moderate
,,,,,,128,,Moderate
,,,,,,77,,Moderate
,,,,,,74,,Moderate
,,,,,,70,,Moderate
,,,,,,116,,Moderate
,,,,,,214,,Moderate
,,,,,,84,,Moderate
,,,,,,131,,Moderate
,,,,,,171,,Moderate
,,,,,,224,,Moderate
,,,,,,89,,Satisfactory
,,,,,,94,,Moderate
,,,,,,263,,Moderate
,,,,,,109,,Moderate
,,,,,,241,,Poor
,,,,,,133,,Moderate
,,,,,,238,,Moderate
,,,,,,175,,Moderate
,,,,,,174,,Moderate
,,,,,,122,,Poor
,,,,,,183,,Poor
,,,,,,105,,Moderate
,,,,,,87,,Poor
,,,,,,90,,Poor
,,,,,,93,,Moderate
,,,,,,103,,Moderate
,,,,,,161,,Moderate
,,,,,,85,,Moderate
,,,,,,80,,Moderate
,,,,,,63,,Moderate
,,,,,,184,,Moderate
,,,,,,162,,Moderate
,,,,,,198,,Poor
,,,,,,251,,Poor
,,,,,,223,,Poor
,,,,,,173,,Poor
,,,,,,134,,Poor
,,,,,,170,,Poor
,,,,,,179,,Poor
,,,,,,212,,Poor
,,,,,,95,,Poor
,,,,,,71,,Poor
,,,,,,81,,Moderate
,,,,,,271,,Moderate
,,,,,,58,,Moderate
,,,,,,69,,Moderate
,,,,,,66,,Moderate
,,,,,,59,,Moderate
,,,,,,62,,Moderate
,,,,,,54,,Moderate
,,,,,,73,,Moderate
,,,,,,78,,Moderate
,,,,,,75,,Moderate
,,,,,,68,,Moderate
,,,,,,55,,Moderate
,,,,,,256,,Moderate
,,,,,,199,,Moderate
,,,,,,215,,Moderate
,,,,,,227,,Moderate
,,,,,,266,,Moderate
,,,,,,257,,Moderate
,,,,,,228,,Moderate
,,,,,,260,,Moderate
,,,,,,240,,Moderate
,,,,,,372,,Moderate
,,,,,,437,,Moderate
,,,,,,449,,Moderate
,,,,,,434,,Moderate
,,,,,,30,,Poor
,,,,,,202,,Moderate
,,,,,,370,,Moderate
,,,,,,168,,Poor
,,,,,,110,,Moderate
,,,,,,57,,Moderate
,,,,,,49,,Moderate
,,,,,,101,,Moderate
,,,,,,182,,Poor
,,,,,,64,,Moderate
,,,,,,332,,Poor
,,,,,,246,,Poor
,,,,,,360,,Moderate
,,,,,,76,,Moderate
,,,,,,44,,Moderate
,,,,,,51,,Moderate
,,,,,,217,,Moderate
,,,,,,65,,Moderate
,,,,,,52,,Moderate
,,,,,,348,,Moderate
,,,,,,43,,Satisfactory
,,,,,,350,,Moderate
,,,,,,61,,Moderate
,,,,,,60,,Poor
,,,,,,67,,Moderate
,,,,,,192,,Satisfactory
,,,,,,72,,Moderate
,,,,,,262,,Moderate
,,,,,,276,,Moderate
,,,,,,159,,Moderate
,,,,,,231,,Moderate
,,,,,,48,,Moderate
,,,,,,431,,Moderate
,,,,,,213,,Satisfactory
,,,,,,258,,Moderate
,,,,,,138,,Moderate
,,,,,,234,,Moderate
,,,,,,56,,Satisfactory
,,,,,,53,,Moderate
,,,,,,218,,Moderate
,,,,,,185,,Satisfactory
,,,,,,222,,Satisfactory
,,,,,,283,,Moderate
,,,,,,279,,Moderate
,,,,,,252,,Moderate
,,,,,,47,,Satisfactory
,,,,,,306,,Moderate
,,,,,,261,,Moderate
,,,,,,229,,Moderate
,,,,,,273,,Moderate
,,,,,,294,,Moderate
,,,,,,253,,Satisfactory
,,,,,,50,,Moderate
,,,,,,267,,Moderate
,,,,,,264,,Moderate
,,,,,,286,,Satisfactory
,,,,,,338,,Satisfactory
,,,,,,347,,Moderate
,,,,,,219,,Satisfactory
,,,,,,254,,Moderate
,,,,,,278,,Moderate
,,,,,,247,,Satisfactory
,,,,,,226,,Satisfactory
,,,,,,233,,Moderate
,,,,,,237,,Satisfactory
,,,,,,45,,Moderate
,,,,,,41,,Satisfactory
,,,,,,326,,Satisfactory
,,,,,,46,,Moderate
,,,,,,37,,Satisfactory
,,,,,,,,Satisfactory
,,,,,,,,Moderate
,,,,,,,,Satisfactory
,,,,,,,,Satisfactory
,,,,,,,,Satisfactory
,,,,,,,,Moderate
,,,,,,,,Satisfactory
,,,,,,,,Satisfactory
,,,,,,,,Satisfactory
,,,,,,,,Moderate
,,,,,,,,Satisfactory
,,,,,,,,Moderate
,,,,,,,,Poor
,,,,,,,,Moderate
,,,,,,,,Satisfactory
,,,,,,,,Moderate
,,,,,,,,Moderate
,,,,,,,,Moderate
,,,,,,,,Moderate
,,,,,,,,Moderate
,,,,,,,,Poor
,,,,,,,,Moderate
,,,,,,,,Moderate
,,,,,,,,Moderate
,,,,,,,,Satisfactory
,,,,,,,,Moderate
,,,,,,,,Satisfactory
,,,,,,,,Moderate
,,,,,,,,Satisfactory
,,,,,,,,Satisfactory
,,,,,,,,Satisfactory
,,,,,,,,Moderate
,,,,,,,,Moderate
,,,,,,,,Moderate
,,,,,,,,Poor
,,,,,,,,Poor
,,,,,,,,Moderate
,,,,,,,,Moderate
,,,,,,,,Moderate
,,,,,,,,Moderate
,,,,,,,,Moderate
,,,,,,,,Satisfactory
,,,,,,,,Poor
,,,,,,,,Moderate
,,,,,,,,Poor
,,,,,,,,Moderate
,,,,,,,,Moderate
,,,,,,,,Moderate
,,,,,,,,Moderate
,,,,,,,,Moderate
,,,,,,,,Moderate
,,,,,,,,Moderate
,,,,,,,,Moderate
,,,,,,,,Moderate
,,,,,,,,Moderate
,,,,,,,,Moderate
,,,,,,,,Moderate
,,,,,,,,Moderate
,,,,,,,,Poor
,,,,,,,,Moderate
,,,,,,,,Moderate
,,,,,,,,Moderate
,,,,,,,,Moderate
,,,,,,,,Moderate
,,,,,,,,Satisfactory
,,,,,,,,Moderate
,,,,,,,,Moderate
,,,,,,,,Moderate
,,,,,,,,Moderate
,,,,,,,,Moderate
,,,,,,,,Satisfactory
,,,,,,,,Satisfactory
,,,,,,,,Satisfactory
,,,,,,,,Satisfactory
,,,,,,,,Moderate
,,,,,,,,Satisfactory
,,,,,,,,Satisfactory
,,,,,,,,Satisfactory
,,,,,,,,Moderate
,,,,,,,,Moderate
,,,,,,,,Moderate
,,,,,,,,Moderate
,,,,,,,,Satisfactory
,,,,,,,,Moderate
,,,,,,,,Moderate
,,,,,,,,Satisfactory
,,,,,,,,Satisfactory
,,,,,,,,
,,,,,,,,Moderate
,,,,,,,,Moderate
,,,,,,,,Satisfactory
,,,,,,,,Moderate
,,,,,,,,Satisfactory
,,,,,,,,Moderate
,,,,,,,,Moderate
,,,,,,,,Moderate
,,,,,,,,Moderate
,,,,,,,,Moderate
,,,,,,,,Moderate
,,,,,,,,Moderate
,,,,,,,,Moderate
,,,,,,,,Moderate
,,,,,,,,Moderate
,,,,,,,,Moderate
,,,,,,,,Moderate
,,,,,,,,Moderate
,,,,,,,,Moderate
,,,,,,,,Moderate
,,,,,,,,Poor
,,,,,,,,Poor
,,,,,,,,Moderate
,,,,,,,,Satisfactory
,,,,,,,,Moderate
,,,,,,,,Moderate
,,,,,,,,Moderate
,,,,,,,,Satisfactory
,,,,,,,,Moderate
,,,,,,,,Moderate
,,,,,,,,Moderate
,,,,,,,,Moderate
,,,,,,,,Moderate
,,,,,,,,Moderate
,,,,,,,,Moderate
,,,,,,,,Moderate
,,,,,,,,Moderate
,,,,,,,,Poor
,,,,,,,,Moderate
,,,,,,,,Moderate
,,,,,,,,Moderate
,,,,,,,,Moderate
,,,,,,,,Moderate
,,,,,,,,Moderate
,,,,,,,,Moderate
,,,,,,,,Moderate
,,,,,,,,Moderate
,,,,,,,,Moderate
,,,,,,,,Moderate
,,,,,,,,Moderate
,,,,,,,,Moderate
,,,,,,,,Moderate
,,,,,,,,Moderate
,,,,,,,,Moderate
,,,,,,,,Poor
,,,,,,,,Poor
,,,,,,,,Poor
,,,,,,,,Poor
,,,,,,,,Moderate
,,,,,,,,Poor
,,,,,,,,Moderate
,,,,,,,,Moderate
,,,,,,,,Moderate
,,,,,,,,Moderate
,,,,,,,,Poor
,,,,,,,,Moderate
,,,,,,,,Moderate
,,,,,,,,Moderate
,,,,,,,,Moderate
,,,,,,,,Moderate
,,,,,,,,Moderate
,,,,,,,,Moderate
,,,,,,,,Moderate
,,,,,,,,Moderate
,,,,,,,,Moderate
,,,,,,,,Moderate
,,,,,,,,Moderate
,,,,,,,,Moderate
,,,,,,,,Satisfactory
,,,,,,,,Satisfactory
,,,,,,,,Satisfactory
,,,,,,,,Satisfactory
,,,,,,,,Moderate
,,,,,,,,Moderate
,,,,,,,,Moderate
,,,,,,,,Moderate
,,,,,,,,Moderate
,,,,,,,,Moderate
,,,,,,,,Moderate
,,,,,,,,Moderate
,,,,,,,,Moderate
,,,,,,,,Moderate
,,,,,,,,Moderate
,,,,,,,,Moderate
,,,,,,,,Moderate
,,,,,,,,Moderate
,,,,,,,,Moderate
,,,,,,,,Moderate
,,,,,,,,Moderate
,,,,,,,,Moderate
,,,,,,,,Moderate
,,,,,,,,Poor
,,,,,,,,Poor
,,,,,,,,Poor
,,,,,,,,Poor
,,,,,,,,Moderate
,,,,,,,,Moderate
,,,,,,,,Moderate
,,,,,,,,Moderate
,,,,,,,,Moderate
,,,,,,,,Moderate
,,,,,,,,Moderate
,,,,,,,,Moderate
,,,,,,,,Moderate
,,,,,,,,Moderate
,,,,,,,,Moderate
,,,,,,,,Poor
,,,,,,,,Moderate
,,,,,,,,Moderate
,,,,,,,,Moderate
,,,,,,,,Moderate
,,,,,,,,Moderate
,,,,,,,,Moderate
,,,,,,,,Moderate
,,,,,,,,Moderate
,,,,,,,,Moderate
,,,,,,,,Moderate
,,,,,,,,Moderate
,,,,,,,,Moderate
,,,,,,,,Moderate
,,,,,,,,Moderate
,,,,,,,,Moderate
,,,,,,,,Moderate
,,,,,,,,Moderate
,,,,,,,,Moderate
,,,,,,,,Moderate
,,,,,,,,Moderate
,,,,,,,,Moderate
,,,,,,,,Moderate
,,,,,,,,Moderate
,,,,,,,,Moderate
,,,,,,,,Moderate
,,,,,,,,Moderate
,,,,,,,,Moderate
,,,,,,,,Moderate
,,,,,,,,Poor
,,,,,,,,Moderate
,,,,,,,,Moderate
,,,,,,,,Moderate
,,,,,,,,Moderate
,,,,,,,,Moderate
,,,,,,,,Moderate
,,,,,,,,Moderate
,,,,,,,,Moderate
,,,,,,,,Moderate
,,,,,,,,Moderate
,,,,,,,,Moderate
,,,,,,,,Moderate
,,,,,,,,Moderate
,,,,,,,,Moderate
,,,,,,,,Moderate
,,,,,,,,Moderate
,,,,,,,,Moderate
,,,,,,,,Moderate
,,,,,,,,Satisfactory
,,,,,,,,Satisfactory
,,,,,,,,Satisfactory
,,,,,,,,Satisfactory
,,,,,,,,Satisfactory
,,,,,,,,Moderate
,,,,,,,,Moderate
,,,,,,,,Moderate
,,,,,,,,Moderate
,,,,,,,,Moderate
,,,,,,,,Satisfactory
,,,,,,,,Moderate
,,,,,,,,Moderate
,,,,,,,,Moderate
,,,,,,,,Satisfactory
,,,,,,,,
,,,,,,,,Satisfactory
,,,,,,,,Satisfactory
,,,,,,,,Moderate
,,,,,,,,Satisfactory
,,,,,,,,Satisfactory
,,,,,,,,Satisfactory
,,,,,,,,Satisfactory
,,,,,,,,Satisfactory
,,,,,,,,Satisfactory
,,,,,,,,Satisfactory
,,,,,,,,Moderate
,,,,,,,,
,,,,,,,,
,,,,,,,,Satisfactory
,,,,,,,,Satisfactory
,,,,,,,,Satisfactory
,,,,,,,,Moderate
,,,,,,,,Satisfactory
,,,,,,,,Satisfactory
,,,,,,,,Satisfactory
,,,,,,,,Poor
,,,,,,,,Moderate
,,,,,,,,Satisfactory
,,,,,,,,Moderate
,,,,,,,,Moderate
,,,,,,,,Satisfactory
,,,,,,,,Moderate
,,,,,,,,Satisfactory
,,,,,,,,Satisfactory
,,,,,,,,Satisfactory
,,,,,,,,Satisfactory
,,,,,,,,Satisfactory
,,,,,,,,Satisfactory
,,,,,,,,Satisfactory
,,,,,,,,Moderate
,,,,,,,,Satisfactory
,,,,,,,,Satisfactory
,,,,,,,,
,,,,,,,,Satisfactory
,,,,,,,,Satisfactory
,,,,,,,,Moderate
,,,,,,,,Satisfactory
,,,,,,,,Satisfactory
,,,,,,,,Satisfactory
,,,,,,,,Satisfactory
,,,,,,,,Satisfactory
,,,,,,,,Satisfactory
,,,,,,,,Satisfactory
,,,,,,,,Satisfactory
,,,,,,,,Moderate
,,,,,,,,Satisfactory
,,,,,,,,Moderate
,,,,,,,,Satisfactory
,,,,,,,,Satisfactory
,,,,,,,,Satisfactory
,,,,,,,,Moderate
,,,,,,,,Moderate
,,,,,,,,Moderate
,,,,,,,,Satisfactory
,,,,,,,,Moderate
,,,,,,,,Moderate
,,,,,,,,Poor
,,,,,,,,Moderate
,,,,,,,,Moderate
,,,,,,,,Moderate
,,,,,,,,Moderate
,,,,,,,,Satisfactory
,,,,,,,,Moderate
,,,,,,,,Satisfactory
,,,,,,,,Moderate
,,,,,,,,Moderate
,,,,,,,,Moderate
,,,,,,,,Satisfactory
,,,,,,,,Moderate
,,,,,,,,Moderate
,,,,,,,,Moderate
,,,,,,,,Poor
,,,,,,,,Moderate
,,,,,,,,Moderate
,,,,,,,,Poor
,,,,,,,,Moderate
,,,,,,,,Poor
,,,,,,,,Moderate
,,,,,,,,Poor
,,,,,,,,Poor
,,,,,,,,Moderate
,,,,,,,,Poor
,,,,,,,,Moderate
,,,,,,,,Satisfactory
,,,,,,,,Moderate
,,,,,,,,Satisfactory
,,,,,,,,Satisfactory
,,,,,,,,Poor
,,,,,,,,Poor
,,,,,,,,Poor
,,,,,,,,Poor
,,,,,,,,Very Poor
,,,,,,,,Severe
,,,,,,,,Severe
,,,,,,,,Severe
,,,,,,,,Moderate
,,,,,,,,Good
,,,,,,,,Satisfactory
,,,,,,,,Satisfactory
,,,,,,,,Satisfactory
,,,,,,,,Satisfactory
,,,,,,,,Satisfactory
,,,,,,,,Satisfactory
,,,,,,,,Satisfactory
,,,,,,,,Moderate
,,,,,,,,
,,,,,,,,Satisfactory
,,,,,,,,Satisfactory
,,,,,,,,Satisfactory
,,,,,,,,Moderate
,,,,,,,,Satisfactory
,,,,,,,,Satisfactory
,,,,,,,,Satisfactory
,,,,,,,,Satisfactory
,,,,,,,,Satisfactory
,,,,,,,,Moderate
,,,,,,,,Moderate
,,,,,,,,Moderate
,,,,,,,,Moderate
,,,,,,,,Moderate
,,,,,,,,Moderate
,,,,,,,,Moderate
,,,,,,,,Moderate
,,,,,,,,Moderate
,,,,,,,,Moderate
,,,,,,,,Poor
,,,,,,,,Moderate
,,,,,,,,Moderate
,,,,,,,,Poor
,,,,,,,,Poor
,,,,,,,,Very Poor
,,,,,,,,Poor
,,,,,,,,Moderate
,,,,,,,,Moderate
,,,,,,,,Satisfactory
,,,,,,,,Satisfactory
,,,,,,,,Satisfactory
,,,,,,,,Satisfactory
,,,,,,,,Moderate
,,,,,,,,Moderate
,,,,,,,,Moderate
,,,,,,,,Moderate
,,,,,,,,Moderate
,,,,,,,,Moderate
,,,,,,,,Moderate
,,,,,,,,Moderate
,,,,,,,,Moderate
,,,,,,,,Satisfactory
,,,,,,,,Good
,,,,,,,,Satisfactory
,,,,,,,,Moderate
,,,,,,,,Moderate
,,,,,,,,Moderate
,,,,,,,,Moderate
,,,,,,,,Moderate
,,,,,,,,Moderate
,,,,,,,,Moderate
,,,,,,,,Moderate
,,,,,,,,Poor
,,,,,,,,Moderate
,,,,,,,,Poor
,,,,,,,,Poor
,,,,,,,,Poor
,,,,,,,,Moderate
,,,,,,,,Moderate
,,,,,,,,Satisfactory
,,,,,,,,Satisfactory
,,,,,,,,Satisfactory
,,,,,,,,Satisfactory
,,,,,,,,Moderate
,,,,,,,,Satisfactory
,,,,,,,,Satisfactory
,,,,,,,,Moderate
,,,,,,,,Moderate
,,,,,,,,Moderate
,,,,,,,,Moderate
,,,,,,,,Satisfactory
,,,,,,,,
,,,,,,,,Moderate
,,,,,,,,Moderate
,,,,,,,,Satisfactory
,,,,,,,,Satisfactory
,,,,,,,,Satisfactory
,,,,,,,,Moderate
,,,,,,,,Moderate
,,,,,,,,Moderate
,,,,,,,,Moderate
,,,,,,,,Moderate
,,,,,,,,Very Poor
,,,,,,,,Poor
,,,,,,,,Poor
,,,,,,,,Very Poor
,,,,,,,,Moderate
,,,,,,,,Moderate
,,,,,,,,Moderate
,,,,,,,,Moderate
,,,,,,,,Moderate
,,,,,,,,Satisfactory
,,,,,,,,Moderate
,,,,,,,,Satisfactory
,,,,,,,,Satisfactory
,,,,,,,,Moderate
,,,,,,,,Moderate
,,,,,,,,Moderate
,,,,,,,,Moderate
,,,,,,,,Satisfactory
,,,,,,,,Good
,,,,,,,,Satisfactory
,,,,,,,,Satisfactory
,,,,,,,,Satisfactory
,,,,,,,,Moderate
,,,,,,,,Satisfactory
,,,,,,,,Satisfactory
,,,,,,,,Moderate
,,,,,,,,Moderate
,,,,,,,,Moderate
,,,,,,,,Moderate
,,,,,,,,Moderate
,,,,,,,,Moderate
,,,,,,,,Poor
,,,,,,,,Moderate
,,,,,,,,Moderate
,,,,,,,,Satisfactory
,,,,,,,,Satisfactory
,,,,,,,,Satisfactory
,,,,,,,,Moderate
,,,,,,,,Moderate
,,,,,,,,Moderate
,,,,,,,,Moderate
,,,,,,,,Moderate
,,,,,,,,Satisfactory
,,,,,,,,Satisfactory
,,,,,,,,Satisfactory
,,,,,,,,Satisfactory
,,,,,,,,Satisfactory
,,,,,,,,Satisfactory
,,,,,,,,Satisfactory
,,,,,,,,Moderate
,,,,,,,,Moderate
,,,,,,,,Moderate
,,,,,,,,Moderate
,,,,,,,,Satisfactory
,,,,,,,,Satisfactory
,,,,,,,,Satisfactory
,,,,,,,,Satisfactory
,,,,,,,,Satisfactory
,,,,,,,,Satisfactory
,,,,,,,,Moderate
,,,,,,,,Very Poor
,,,,,,,,Satisfactory
,,,,,,,,Satisfactory
,,,,,,,,Good
,,,,,,,,Satisfactory
,,,,,,,,Very Poor
,,,,,,,,Moderate
,,,,,,,,Satisfactory
,,,,,,,,Moderate
,,,,,,,,Moderate
,,,,,,,,Satisfactory
,,,,,,,,Satisfactory
,,,,,,,,Satisfactory
,,,,,,,,Satisfactory
,,,,,,,,Moderate
,,,,,,,,Moderate
,,,,,,,,Moderate
,,,,,,,,Satisfactory
,,,,,,,,Satisfactory
,,,,,,,,Satisfactory
,,,,,,,,Satisfactory
,,,,,,,,Satisfactory
,,,,,,,,Satisfactory
,,,,,,,,Satisfactory
,,,,,,,,Satisfactory
,,,,,,,,Satisfactory
,,,,,,,,Satisfactory
,,,,,,,,Satisfactory
,,,,,,,,Satisfactory
,,,,,,,,Satisfactory
,,,,,,,,Satisfactory
,,,,,,,,Moderate
,,,,,,,,Moderate
,,,,,,,,Satisfactory
,,,,,,,,Satisfactory
,,,,,,,,Satisfactory
,,,,,,,,Moderate
,,,,,,,,Moderate
,,,,,,,,Moderate
,,,,,,,,Moderate
,,,,,,,,Moderate
,,,,,,,,Moderate
,,,,,,,,Moderate
,,,,,,,,Poor
,,,,,,,,Moderate
,,,,,,,,Satisfactory
,,,,,,,,Satisfactory
,,,,,,,,Satisfactory
,,,,,,,,Moderate
