dhtTemp,dhthum,LDR value,rainValue,pressure,altitude,aqi value
30.2,79,687,999,1008.62531,28.16959,396
29.8,77,688,404,1008.61737,28.23564,397
29.9,78,715,506,1008.62201,28.19682,413
30.8,80,708,585,1008.61108,28.28807,345
31.3,81,753,584,1008.59741,28.40253,366
32.3,82,758,566,1008.58484,28.5074,357
29.3,75,747,562,1008.59003,28.46404,354
28.9,76,754,564,1008.58875,28.47513,373
25.3,73,750,568,1008.57733,28.57043,348
22.9,74,692,578,1008.57971,28.55026,384
23,72,763,586,1008.56232,28.69597,423
23.4,73,702,595,1008.5639,28.68287,412
60.1,71,691,427,1008.54663,28.82707,411
23.8,70,705,510,1008.52075,29.04338,414
24.1,69,696,534,1008.53204,28.94909,415
24.5,83,721,590,1008.52344,29.02069,425
24.8,84,720,632,1008.51331,29.1054,420
24.2,66,729,615,1008.48407,29.34996,407
22.6,11,700,665,1008.4422,29.69991,409
23.7,98,732,702,1008.43628,29.74933,417
23.5,68,765,750,1008.40369,30.02214,419
21,67,709,785,1008.39502,30.09425,403
21.4,65,752,801,1008.367,30.32874,402
20.6,64,760,813,1008.34564,30.50726,401
20.2,63,770,833,1008.34924,30.477,408
18.2,59,718,852,1008.34985,30.47196,399
18.6,58,726,868,1008.32843,30.65099,355
19.4,86,739,871,1008.26202,31.20624,406
19.8,87,728,453,1008.27045,31.13614,400
20.3,88,759,694,1008.23248,31.45337,404
18.3,85,766,756,1008.23279,31.45085,405
21.8,89,764,830,1008.22162,31.54415,416
22.2,38,775,856,1008.21075,31.63494,372
22.7,37,782,874,1008.18701,31.83365,362
26.2,45,769,880,1008.16656,32.00463,364
22.3,53,768,895,1008.14709,32.16755,378
21.1,62,776,898,1008.12872,32.32088,351
21.9,60,742,885,1008.11938,32.39906,353
22.8,57,717,907,1008.10596,32.51154,360
24.6,56,714,924,1008.06525,32.85151,371
25.8,93,741,932,1008.04498,33.021,352
23.3,91,698,945,1008.02704,33.17131,361
24,52,751,952,1008.0094,33.31861,356
19,46,1024,960,1007.96381,33.69997,363
18.8,41,0,473,1007.93976,33.90125,359
33.8,51,5,476,1007.90393,34.2009,358
33.2,49,4,597,1007.8764,34.43095,374
28.5,48,10,773,1007.86133,34.55707,367
19.5,50,6,740,1007.84265,34.71347,350
27.6,47,45,832,1007.82935,34.82446,375
28,48,748,882,1007.80951,34.99044,365
27.1,61,793,896,1007.76477,35.3648,346
26.7,54,738,913,1007.74341,35.54341,385
28.4,55,745,914,1007.70685,35.84917,389
29.4,56,792,921,1007.6864,36.02021,391
29.6,57,735,926,1007.6933,35.96269,329
26.4,82,798,940,1007.65845,36.25383,332
27.7,76,794,951,1007.64081,36.40167,326
33.3,73,762,963,1007.59717,36.76649,340
32.8,72,797,805,1007.56409,37.04353,343
33.8,71,799,948,1007.54749,37.1823,349
32.3,68,725,968,1007.52576,37.36396,390
31.8,69,757,975,1007.53674,37.27212,394
31.9,70,756,987,1007.52075,37.40585,380
34.2,71,796,997,1007.4986,37.59155,395
33.9,72,761,1004,1007.47931,37.75253,334
35.2,73,788,1013,1007.46173,37.89989,335
35.6,61,801,1022,1007.42578,38.20068,336
34.7,58,780,1024,1007.39526,38.45604,347
38.5,54,774,682,1007.39642,38.44595,369
38.6,60,841,867,1007.37622,38.61502,376
39,63,835,879,1007.35864,38.76239,370
39.2,65,837,897,1007.31189,39.15354,368
39.5,63,842,942,1007.26593,39.53814,379
28.7,64,840,451,1007.23273,39.81575,388
35.5,62,860,941,1007.22015,39.92125,382
35.4,63,869,262,1007.19843,40.10296,430
34,62,831,807,1007.18237,40.23723,424
32.6,64,826,825,1007.1358,40.62692,418
31.4,65,847,843,1007.12061,40.75413,426
30.1,66,737,949,1007.11725,40.78239,427
29.7,67,787,956,1007.07928,41.09992,410
30.3,68,838,972,1007.05725,41.28418,330
30.6,69,836,988,1007.01111,41.67037,392
32.7,70,866,1003,1007.01208,41.66229,422
31.07,73.7,833,1009,1006.96295,42.07375,421
31.04,67.61,825,1014,1006.92584,42.38424,383
31.01,68.08,834,1017,1006.76154,43.75961,431
30.99,67.17,855,1018,1006.73767,43.95907,446
30.95,62.98,848,1021,1006.70349,44.24538,428
30.93,62.64,861,1020,1006.69562,44.31153,387
30.94,59.2,857,905,1006.65967,44.6125,377
31.03,60.31,829,810,1006.64056,44.77207,429
31.05,68.99,845,550,1010.32983,13.93152,437
31.06,65.34,846,558,1010.35876,13.69035,433
30.96,61.83,823,569,1010.35846,13.69287,434
30.92,66,859,625,1010.38031,13.51061,436
30.97,65.74,805,624,1010.39227,13.41041,435
30.98,61.97,813,622,1010.38794,13.44666,438
31.09,59.85,749,627,1010.38721,13.45271,444
31.1,65.81,722,640,1010.37872,13.5237,432
31.15,69.58,711,657,1010.35687,13.70596,303
31.16,75.61,786,689,1010.3689,13.60576,331
31.13,75.79,730,519,1010.3855,13.46731,291
31.14,73.93,865,582,1010.39612,13.3787,255
31.39,74.3,843,741,1010.37036,13.59368,233
31.34,57.27,868,748,1010.36639,13.62641,440
31.31,46.36,862,774,1010.35205,13.74624,338
31.24,48.12,849,806,1010.34467,13.80817,339
31.23,47.86,864,841,1010.82892,9.76692,325
30.82,54.38,850,853,1010.81,9.92445,465
30.69,51.18,858,861,1010.823,9.81624,307
30.7,56.29,824,878,1010.83954,9.67784,283
31.74,62.94,822,883,1010.85919,9.51427,289
31.73,51.84,821,886,1010.87463,9.38543,232
31.71,69.23,814,892,1010.88336,9.31245,250
31.72,73.69,723,901,1010.89954,9.17758,279
31.75,60.43,816,936,1010.91205,9.0729,269
31.76,56.58,820,943,1010.9339,8.89072,294
31.77,83.72,706,944,1010.9342,8.8882,267
31.79,89.92,828,916,1010.95032,8.75383,276
31.81,84.21,818,955,1010.96906,8.59732,263
31.82,81.81,811,962,1010.97516,8.5465,262
31.84,69.92,810,966,1010.96997,8.58978,272
31.87,52.24,853,973,1010.96124,8.66275,235
31.9,56.26,727,976,1010.96857,8.60135,253
31.92,54.94,734,980,1010.96234,8.65369,268
31.93,52.22,740,978,1010.96167,8.65922,381
31.95,64.82,733,981,1010.97797,8.52335,398
31.97,69.39,712,985,1010.98608,8.45541,460
31.98,63.57,773,993,1011.01642,8.20229,393
32,77.15,716,996,1011.03406,8.05535,327
32.02,67.14,789,1002,1011.03467,8.05032,344
32.03,69.91,800,1005,1011.0415,7.99295,386
32.06,66.33,674,1008,1011.05719,7.86212,477
32.05,63.61,680,1012,1011.05487,7.88174,337
32.07,72.03,668,1016,1011.02905,8.09712,306
32.08,74.93,746,1023,1011.03296,8.06441,209
32.09,73.55,807,708,1011.00842,8.26922,174
32.12,76.15,812,709,1011.0094,8.26066,178
32.1,73.11,744,710,1010.9906,8.41767,173
32.04,74.87,806,701,1010.97974,8.50825,476
32.01,76.2,713,749,1010.9903,8.42019,56
31.96,73.83,685,758,1010.98138,8.49466,155
31.94,76.55,686,753,1010.99731,8.36181,500
31.91,64.99,675,762,1011.00537,8.29438,161
31.44,74.36,736,696,1011.04669,7.94967,453
31.36,77.63,772,693,1011.03705,8.03019,164
31.35,81.54,879,706,1011.04346,7.97685,172
31.33,78.07,844,716,1011.0647,7.79972,265
31.38,78.02,867,722,1011.06116,7.82891,238
31.37,75.25,871,726,1011.04846,7.93508,236
31.45,64.41,873,703,1011.04749,7.94313,245
31.46,53.54,870,727,1011.03534,8.04428,184
31.47,61.87,808,764,1011.04919,7.92904,206
31.48,62.28,778,757,1011.04108,7.99647,188
31.5,64.51,676,770,1011.03796,8.02264,190
31.51,67.49,830,729,1011.01221,8.23751,187
31.52,70.72,802,735,1011.0022,8.32105,439
31.54,64.16,852,715,1010.98718,8.44635,464
31.56,72.16,832,730,1010.9881,8.4388,456
31.57,74.93,856,759,1010.98132,8.49517,320
31.59,69.8,819,763,1010.99188,8.4071,305
31.61,73.2,783,765,1010.96765,8.6094,300
31.63,74.73,781,776,1010.97339,8.56109,317
31.64,78.37,817,777,1010.97266,8.56763,315
31.65,74.08,881,709,1010.99408,8.38848,310
31.66,72.45,912,769,1011.01233,8.23651,323
31.67,69.72,876,728,1010.99469,8.38345,282
31.68,71.36,785,746,1011.01141,8.24406,485
31.69,73.51,784,691,1011.05609,7.87117,301
31.78,72.96,771,720,1011.05658,7.86715,292
31.8,72.96,854,761,1011.07422,7.72021,443
31.83,71.85,880,751,1011.09595,7.53906,457
31.85,66.67,877,692,1011.11047,7.4178,447
30.56,69.16,895,754,1011.12811,7.27036,481
30.58,71.89,885,755,1011.13141,7.24319,150
30.63,72.82,886,41,1011.15161,7.07463,442
30.65,72.23,888,165,1011.16022,7.00268,239
30.86,65.32,893,31,1011.15735,7.02683,450
31.12,69.17,890,32,1011.14648,7.1174,128
31.17,72.46,896,147,1011.16248,6.98406,462
31.22,69.29,908,34,1011.15405,7.054,311
31.25,71.66,892,107,1011.17999,6.83764,298
31.27,61.26,883,804,1011.16327,6.97752,324
31.29,73.04,618,448,1011.15002,7.08771,302
31.4,69.24,678,272,1011.15747,7.02582,318
31.41,72.54,596,745,1011.15283,7.06457,304
31.53,69.45,522,788,1011.14771,7.10734,153
29.13,71.72,475,736,1011.15851,7.01677,183
29.09,72.35,900,787,1011.16528,6.96041,296
29.11,63.09,889,797,1011.17236,6.90154,479
29.14,67.03,878,796,1011.16034,7.00167,297
29.16,63.15,684,760,1011.1283,7.26886,293
29.17,70.62,693,798,1011.12781,7.27288,313
29.15,67.4,663,721,1011.14917,7.09476,295
29.12,67.49,694,766,1011.15796,7.0218,328
29.18,65.4,667,794,1011.15845,7.01727,309
29.2,68.86,951,747,1011.1543,7.05199,341
29.22,69.67,701,790,1011.18188,6.82204,333
29.21,71.59,664,800,1011.53632,3.86593,141
29.23,78.76,627,836,1011.52112,3.99269,130
29.25,77.43,580,840,1011.54407,3.80155,321
29.27,80.7,591,835,1011.54437,3.79903,316
29.29,76.28,512,865,1011.54541,3.78998,319
29.39,75.31,569,870,1011.53455,3.88052,322
26.46,72.78,552,849,1011.52533,3.95748,237
26.49,71.61,601,859,1011.52814,3.93434,216
26.5,73.24,546,784,1011.54718,3.77539,249
26.53,72.48,564,802,1011.53485,3.878,278
26.55,69.03,541,842,1011.55078,3.74521,266
26.56,71.94,536,838,1011.54596,3.78545,271
26.58,80.33,555,834,1011.52753,3.93937,227
26.61,76.21,480,828,1011.51257,4.06412,220
26.63,84.39,517,858,1011.51154,4.07267,224
26.65,81.05,550,829,1011.50531,4.12448,105
26.66,73.57,777,846,1011.50232,4.14963,146
26.67,77.13,941,837,1011.5047,4.12951,143
26.68,76.39,795,824,1011.47986,4.33676,134
26.69,76.36,804,823,1011.46857,4.43083,145
26.7,72.6,809,826,1011.44983,4.58727,196
32.93,76.43,710,845,1011.44366,4.63859,198
32.89,80.19,703,814,1011.4458,4.62098,199
32.91,88.98,976,744,1011.44135,4.6582,166
32.83,78.43,428,712,1011.44116,4.65971,169
32.95,80.69,355,786,1011.44708,4.60991,138
32.61,88.73,364,732,1011.43073,4.74674,185
32.88,86.5,352,844,1011.42487,4.79554,180
32.9,84.12,974,848,1011.42877,4.76284,182
32.92,81.37,113,869,1011.40607,4.95199,189
32.71,81.83,316,847,1011.40033,5.00028,176
32.73,85.59,329,855,1011.37671,5.19698,200
32.74,83.6,927,822,1011.36487,5.29559,201
32.75,83.3,874,821,1011.34186,5.48777,194
33.79,86.85,336,831,1011.32617,5.61857,191
33.81,88.86,351,816,1011.323,5.64523,186
34.01,86.51,704,708,1011.29187,5.90484,195
34.03,87,543,820,1011.27966,6.00646,193
34.04,83.35,487,812,1011.24921,6.26054,192
34.08,90.71,482,811,1011.25079,6.24746,225
34.14,89.2,502,818,1011.26001,6.17048,223
33.55,88.99,379,817,1011.2807,5.99791,177
33.01,78.46,421,772,1011.29687,5.86308,162
33.3,80.09,377,717,1011.29486,5.87968,137
32.79,94.16,376,718,1011.27325,6.05979,129
33.24,90.13,384,738,1011.26984,6.08847,126
33.11,86.47,388,713,1011.22321,6.47739,131
33.1,82.67,389,739,1011.20673,6.61475,133
33.05,76.43,382,792,1011.20953,6.5916,125
33.14,73.4,884,793,1011.22314,6.47789,124
33.02,75.6,933,675,1011.22778,6.43915,123
33.07,78.29,689,680,1011.22736,6.44267,50
33.19,88.63,653,674,1011.20667,6.61525,49
33.16,92.81,624,725,1011.16174,6.9901,53
33.13,89.61,614,705,1011.16296,6.98004,57
33.17,94.48,649,685,1011.1756,6.87437,51
33.33,94.91,644,686,1011.15326,7.06105,60
33.37,96.01,636,684,1011.14825,7.10231,55
33.44,89.13,662,676,1011.12585,7.28949,77
33.49,86.69,578,688,1011.1189,7.34735,109
33.52,87.31,992,723,1011.11438,7.38509,81
33.57,87.24,629,768,1011.12061,7.33326,65
33.58,80.64,615,734,1011.12231,7.31917,99
33.61,83.12,598,724,1011.11139,7.41025,98
33.62,83.38,907,742,1011.13892,7.1803,94
33.64,81.21,913,778,1011.14081,7.1647,92
33.63,87.28,982,873,1011.11768,7.35741,87
33.67,90.29,307,775,1011.117,7.36345,88
33.68,85.55,904,673,1011.09985,7.50636,86
33.7,88.47,488,808,1011.10626,7.45302,84
33.69,88.42,917,864,1011.13049,7.25074,82
33.71,88.31,261,854,1011.12518,7.29502,79
34.2,84.07,944,862,1011.12128,7.32773,75
34.37,86.02,931,857,1011.11389,7.38911,80
34.23,83.45,898,783,1011.11096,7.41377,78
34.17,84.04,637,782,1011.1214,7.32672,63
34.09,92.66,634,780,1011.12408,7.30408,46
33.97,91.48,724,819,1011.10803,7.43792,38
33.96,90.63,317,881,1011.12439,7.30156,42
33.94,81.16,619,860,1011.11938,7.34333,40
33.95,80.68,665,876,1011.10278,7.4817,36
33.99,83.7,652,894,1011.09186,7.57278,39
34,82.93,642,884,1011.09875,7.51541,35
34.02,85.63,628,893,1011.11658,7.36697,33
33.98,85.43,682,909,1011.11523,7.37805,30
33.93,81.56,673,888,1011.1156,7.37503,32
33.89,83.24,625,908,1011.11993,7.3388,19
33.85,88.55,313,781,1011.10577,7.45704,37
33.87,79.54,374,614,1011.10016,7.50384,34
33.9,78.24,602,598,1011.10565,7.45805,27
33.92,78.84,620,525,1011.09839,7.51843,31
33.91,85.61,980,470,1011.09534,7.5441,18
30.66,86.53,607,890,1011.08221,7.65329,58
30.64,92.01,600,889,1011.06268,7.81632,85
30.61,83.89,610,679,1011.07751,7.69254,74
30.55,88.1,640,690,1011.07062,7.75041,76
30.54,92.24,604,677,1011.06158,7.82538,68
30.57,90.9,670,666,1013.41296,-11.77151,71
30.52,79.18,648,670,1013.44122,-12.00657,69
30.49,77.46,622,866,1013.43298,-11.93826,72
30.47,84.14,633,662,1013.38562,-11.54449,20
30.5,74.42,616,626,1013.39471,-11.61983,23
30.51,77.45,613,580,1013.28345,-10.69361,44
30.41,81.01,645,592,1013.26154,-10.51077,64
30.44,77.82,646,514,1013.26086,-10.50475,59
30.46,76.76,687,567,1013.29065,-10.75289,41
30.48,77.44,790,554,1013.29889,-10.82221,48
30.45,82.76,681,600,1013.27374,-10.61224,10
30.53,82.52,289,809,1013.25665,-10.47059,26
30.43,79.97,267,547,1013.22455,-10.20235,24
30.42,76.09,654,543,1013.18341,-9.85975,9
30.4,72.17,690,535,1013.17084,-9.75526,28
30.6,83.05,661,556,1013.15997,-9.66484,22
30.62,85.24,657,480,1013.07281,-8.9394,25
30.59,90.4,655,518,1013.04248,-8.6862,21
30.68,87.38,658,552,1013.00073,-8.33852,29
31.86,82.48,666,714,1012.97888,-8.15665,16
31.88,80.4,973,737,1012.97144,-8.09434,17
31.89,74.02,484,795,1012.95422,-7.95165,11
29.37,72.69,442,799,1012.90967,-7.57984,4
29.38,74.53,542,711,1012.88452,-7.37081,62
34.38,72.27,606,733,1012.85883,-7.15676,52
34.52,82.56,608,697,1012.87604,-7.30047,54
34.91,87.46,574,979,1012.87183,-7.2653,43
34.95,90.87,567,704,1012.86139,-7.17786,14
34.93,90.16,556,628,1013.86139,-6.17786,8
35.93,93.37,557,355,1012.81281,-6.77286,197
34.72,83.14,558,365,1012.79272,-6.60603,165
34.9,82.74,465,351,1012.77612,-6.46734,168
34.87,76.02,452,113,1012.76843,-6.40402,252
34.81,82.61,461,315,1017.36719,-44.64458,132
34.78,79.09,583,328,1017.34564,-44.46634,147
34.8,87.55,554,927,1017.30109,-44.09583,179
34.82,87.99,214,336,1017.27533,-43.88253,115
34.74,97.23,356,487,1017.26208,-43.77237,140
34.79,88.28,293,482,1017.24451,-43.62616,156
34.77,82.4,288,502,1017.20612,-43.30769,251
34.71,79.21,277,379,1017.18158,-43.10439,228
34.69,84.71,302,420,1017.18048,-43.09538,170
34.33,78.53,401,377,1017.19226,-43.19252,159
34.49,78,406,384,1017.245,-43.63016,242
34.5,74.94,412,389,1017.27966,-43.91858,274
34.54,69.61,340,387,1017.3078,-44.15191,259
34.55,78.78,358,902,1017.28424,-43.95663,120
34.57,87.18,381,872,1017.26532,-43.79941,136
34.58,94.26,346,687,1017.26202,-43.7273,222
34.61,92.98,365,645,1017.25659,-43.78839,230
34.6,78.18,283,620,1017.26398,-43.85849,217
34.59,78.6,373,681,1017.2724,-44.08081,229
34.43,77.04,370,638,1017.29919,-44.27708,214
33.2,85.08,375,663,1017.32281,-44.41227,111
33.18,84.47,361,992,1017.33911,-44.35118,160
33.15,77.43,409,616,1017.33185,-44.56948,163
23,72.59,393,648,1017.35815,-49.8363,139
23,78.13,391,906,1017.9928,-49.67116,142
24,82.32,392,934,1017.97284,-49.70419,117
23,82.72,385,308,1017.97687,-49.69518,102
24,77.2,386,390,1017.97577,-50.09452,108
25,74.34,387,488,1018.02393,-50.02946,121
26,71.46,400,919,1018.01611,-50.10252,107
27,69.3,399,261,1018.02484,-50.08851,118
27,72.46,394,931,1018.02313,-50.28667,110
26.7,68.39,408,639,1018.04706,-50.80107,114
27,67.69,460,634,1018.10907,-50.85312,89
22,69.14,456,317,1018.1153,-51.05627,97
25,69.44,266,618,1018.13983,-51.42854,100
20.6,65.26,264,656,1018.18475,-51.70472,116
23.2,69.05,262,621,1018.21796,-51.9789,83
22.2,65.22,257,672,1018.25104,-52.71235,112
23,60.44,273,619,1018.33954,-53.33369,113
23,67.5,269,655,1018.41437,-53.76991,61
23,90.13,256,699,1018.46704,-53.98401,90
23,90.16,255,637,1018.4928,-54.24012,93
24.6,90.17,253,667,1018.52368,-54.38618,47
23.1,87.2,102,629,1018.54138,-54.22612,45
22.1,79.44,100,313,1018.52203,-54.34217,95
22,74.34,109,374,1018.53607,-54.44621,66
25,63.59,116,596,1018.54852,83.84582,103
24.8,56.3,114,608,1001.98206,84.32383,127
23,61.95,115,602,1001.92517,84.40392,106
21,65.17,104,607,1001.91565,81.02332,91
21.1,66.88,123,658,1002.31799,80.82772,101
23,67.16,118,604,1002.34125,22.58067,96
26,69.57,117,642,1009.29413,22.03394,70
27,71.68,157,669,1009.35956,21.93769,73
27.7,66.73,222,668,1009.37109,18.05498,122
27.2,68.39,166,606,1009.83594,18.11844,154
24,72.98,133,636,1009.82837,18.14715,149
23,72.43,204,617,1009.82495,18.32798,144
23,71.3,200,652,1009.80328,18.48414,104
25,69.43,192,601,1009.78455,18.55919,215
26,70.15,188,698,1009.77557,18.50932,246
26.1,73.51,177,771,1009.78156,18.68411,256
22.8,72.49,181,289,1009.76062,18.76572,218
24,75.32,176,267,1009.75085,18.81962,207
24,87.47,173,649,1009.74438,18.80803,211
25,92.13,168,646,1009.74579,18.65893,221
25.3,83.73,162,653,1009.76361,18.36929,119
26,80.14,154,661,1009.79834,18.19249,202
26,73.99,163,484,1009.81952,18.15824,210
27,75,161,442,1009.82361,18.06455,312
27,71.93,160,391,1009.83484,18.21163,270
28,67.12,159,678,1009.8172,18.4514,257
27,66.38,158,679,1009.78851,18.49874,212
29,78.69,156,752,1009.78284,18.65137,287
28.1,86.65,557,743,1009.76453,18.72089,204
29,81.01,547,755,1009.75623,53.18661,171
29.2,81.5,530,791,1005.63586,52.94553,157
26,78.6,570,767,1005.66467,51.16066,67
30.3,76.78,538,731,1005.87769,51.10608,148
31,71.92,559,732,1005.88422,50.98734,158
30.4,72.56,568,733,1005.89838,36.30126,167
30.1,63.76,562,734,1007.65283,37.07531,151
30.7,67.71,563,735,1007.5603,36.66053,135
30.9,71.27,582,736,1007.60986,41.96621,152
31.2,71.55,560,737,1006.97577,36.63429,219
32,75.38,532,738,1007.61298,43.11381,175
31.6,70.02,548,739,1006.83868,36.86086,181
30.8,74.36,531,740,1007.58594,36.68222,203
32,75.35,603,741,1007.60724,36.2392,205
32.3,68.78,592,742,1007.66022,36.43144,208
33,74.06,573,743,1007.63727,35.79568,213
32.1,74.85,576,744,1007.71326,36.88407,226
32.3,65.84,590,745,1007.58313,36.11154,231
32.3,66.12,581,746,1007.67548,36.23768,234
33,74.54,594,747,1007.6604,36.25282,240
35.1,69.73,553,748,1007.65857,36.23466,241
35.6,69.5,571,749,1007.66077,36.04796,243
35.5,73.55,523,750,1007.68311,36.05402,244
35.2,77.78,529,751,1007.68237,36.51823,247
35,75.61,525,752,1007.62689,35.91325,248
34.3,82.13,513,753,1007.69922,35.8754,254
34.6,75.21,527,754,1007.70374,36.43346,258
34.2,73.3,499,755,1007.63702,36.22154,260
35,68.36,534,756,1007.66235,36.58585,261
34,66.63,496,757,1007.61877,36.40066,264
33,66.54,528,758,1007.64093,36.8003,273
32.2,65.76,521,759,1007.59314,36.91939,275
34,66.97,545,760,1007.57892,37.03141,277
37,66.28,533,761,1007.56555,36.73672,280
35.2,63.17,524,762,1007.60077,36.6908,281
33.4,70.21,549,763,1007.60626,36.69232,284
33,61.1,535,764,1007.60608,36.49401,285
33,60.54,503,765,1007.62976,36.81796,286
33,62.81,505,766,1007.59106,36.72764,288
33.4,64.92,518,767,1007.60181,36.83058,290
33,63.05,454,768,1007.58954,37.01224,299
33,63.22,434,769,1007.56781,37.03444,308
33,63.49,448,770,1007.56519,36.78769,314
34,66.05,441,500,1007.59467,36.95219,342
34,67.51,435,501,1007.57501,36.49603,448
34,64.89,424,502,1007.62952,36.30782,449
34,66.79,445,503,1007.65204,36.06512,
34.2,77.73,470,504,1007.68103,36.19782,
33.6,62.9,447,505,1007.66516,36.02122,
34,53.55,438,506,1007.68628,36.08126,
34.6,53.95,467,507,1007.67908,36.14585,
37,62.71,519,508,1007.67139,36.37291,
35.2,57.37,520,509,1007.64423,36.50864,
35,50.95,537,510,1007.62799,36.54699,
35.6,53.57,497,511,1007.62341,36.53236,
34,59.05,540,512,1007.62518,36.71957,
35,58.96,551,513,1007.60278,33.50323,
35,60.08,425,525,1007.98737,33.06135,
36.2,55.31,449,526,1008.04016,32.89691,
39,64.88,413,527,1008.05981,32.68405,
41,55.27,455,528,1008.08533,32.6326,
39,62.33,422,529,1008.09143,32.33752,
38.1,65.6,426,530,1008.12671,32.50196,
37,67.2,418,531,1008.10706,32.27801,
37,65.44,429,532,1008.13385,32.32946,
37,61.5,451,533,1008.12769,32.60032,
35,61.14,481,534,1008.09534,32.29869,
34.5,56.06,450,535,1008.13141,32.03439,
34,53.12,474,536,1008.16296,32.10198,
30,70.95,436,537,1008.15491,32.11863,
33,64.5,431,538,1008.15289,31.86694,
36,67.94,471,980,1008.18304,31.60266,
35.7,60.36,457,981,1008.2146,31.14119,
36,58.6,458,982,1008.26984,30.6641,
35,60.48,432,983,1008.3269,30.57635,
32,62.85,446,984,1008.3374,30.28285,
33,46.95,479,985,1008.3725,29.85371,
31,44.01,433,805,1008.42383,29.89355,
34,45.5,472,806,1008.41907,29.5804,
34,52.89,463,807,1008.45648,29.11902,
34.5,48.65,437,808,1008.51172,28.75345,
35,42.86,483,809,1008.55542,28.79228,
35,60.79,439,810,1008.55078,28.34404,
35,60.66,490,811,1008.60443,28.03245,
36,47.7,743,812,1008.64166,28.02792,
34,71.07,707,813,1008.64221,28.14589,
36,66.25,466,814,1008.62811,28.20589,
36,49.62,202,815,1008.62091,28.22808,
32,60.05,165,816,1008.61829,28.04002,
34.1,49.33,241,817,1008.64081,27.9291,
34.3,57.61,258,818,1008.65405,27.69264,
36,59.5,231,819,1008.68237,50.32745,
36.5,67.16,249,820,1005.97717,50.29966,
36.6,70.89,515,821,1005.98047,50.51692,
37.4,73.52,462,822,1005.95453,50.34968,
33.7,73.07,516,823,1005.97455,50.40324,
35,79.87,504,824,1005.96814,50.20568,
34,64.26,511,825,1005.9917,50.10614,
33.2,70.27,492,826,1006.0036,50.22033,
35,75.13,500,827,1005.98999,50.34008,
34,73.47,477,828,1005.97565,50.37848,
35,74.57,501,829,1005.97107,50.54067,
36,67.85,509,830,1005.95172,50.27035,
36,66.91,476,831,1005.98401,50.26227,
36,63.44,477,832,1005.98499,50.09857,
36,66.46,478,833,1006.00452,50.16829,
35,65.89,479,834,1005.99615,50.05511,
34,71.15,480,835,1006.0097,50.07027,
33,77.72,481,836,1006.00787,49.86413,
35,68.46,482,837,1006.03247,49.80199,
36,70.92,483,838,1006.03992,49.81816,
36,72.79,484,839,1006.03796,49.8222,
34,69.44,485,840,1006.03748,49.72671,
35,70.84,486,841,1006.04889,49.68932,
34,72.1,487,842,1006.05334,49.92981,
32,66.5,488,843,1006.02466,50.09503,
34,56.97,489,844,1006.00494,50.28349,
32,65.22,490,845,1005.98242,50.21124,
34.2,68.41,491,846,1005.99103,50.11928,
32,77.69,492,847,1006.00201,49.80452,
33,74.05,493,848,1006.03961,49.79491,
33,74.77,494,849,1006.04077,48.49806,
30,74.75,495,850,1006.19562,48.54302,
31.2,78.2,496,851,1006.19025,48.29801,
34,72.78,497,852,1006.21948,48.31317,
34.1,64.97,498,853,1006.21765,48.48139,
34,72.73,499,854,1006.19757,48.47179,
32,67.49,500,855,1006.19873,48.4627,
31.5,61.64,501,856,1006.19983,48.40662,
33.6,63.12,502,857,1006.20654,48.30256,
30.4,68.01,503,858,1006.21893,48.26972,
34,80.59,504,859,1006.22284,48.10807,
33,75.27,505,860,1006.24219,48.16667,
31,73.19,506,861,1006.23517,48.06614,
33.6,69.82,478,862,1006.24719,47.99795,
32,73.07,479,863,1006.25531,48.22375,
32.8,73.61,480,864,1006.22833,48.27831,
32,74.29,481,865,1006.22186,48.22931,
33,77.41,482,866,1006.22766,48.25002,
31.9,74.76,483,867,1006.22522,48.26619,
32,74.44,484,868,1006.22327,48.35106,
33,77.18,485,869,1006.21313,48.39702,
34,74.74,486,870,1006.20764,48.33944,
32,78.01,487,871,1006.21454,48.43643,
32.5,84,488,872,1006.20294,48.47886,
33.2,72.18,489,873,1006.19788,48.45007,
33,72.76,490,874,1006.20135,48.3066,
32,83.51,491,875,1006.21844,48.05907,
32.6,73.31,492,876,1006.24799,48.17475,
34,82.72,493,877,1006.23419,48.22527,
31,72.94,147,878,1006.22815,48.20759,
29,80.1,148,879,1006.23029,48.33539,
30,72.4,149,880,1006.21503,48.04948,
32.8,83.16,150,881,1006.24915,48.12373,
33.2,83.01,151,882,1006.2403,47.78831,
34.2,76.65,152,883,1006.28033,47.46806,
34,77.27,153,884,1006.3186,47.29026,
34.3,76.99,154,885,1006.33984,47.16348,
33.2,73.02,155,886,1006.35498,47.25086,
33.3,74.21,156,887,1006.34454,47.32663,
33.6,75.41,157,888,1006.33545,47.40644,
31,74.84,158,889,1006.32593,47.38876,
33,78.24,159,890,1006.32806,47.49281,
34,88.89,160,891,1006.31561,47.33421,
30.1,81.42,161,892,1006.33459,47.1655,
32.9,78.36,162,893,1006.35474,47.12913,
31,80.82,163,894,1006.35907,47.10034,
30,80.49,164,895,1006.36249,47.41502,
30.6,76.82,165,896,1006.32495,47.3438,
30,77.85,166,897,1006.33344,47.45341,
33,80.02,167,898,1006.32031,47.33471,
33.1,85.09,168,899,1006.33453,47.30693,
28.5,87.28,169,900,1006.33783,47.1165,
30,86.14,170,901,1006.3606,46.94174,
34.1,84.97,171,902,1006.38147,47.10792,
35.1,74.13,172,903,1006.36157,47.3534,
35,68.16,173,904,1006.33228,47.49332,
31,59.44,174,905,1006.31555,47.52565,
30,64.74,175,906,1006.31171,47.41149,
33,74.93,176,907,1006.32532,47.38825,
33.7,65.27,177,908,1006.32813,47.55646,
30.7,71.26,178,909,1006.30804,47.40391,
30,84.41,179,910,1006.32623,47.38522,
33,85.29,180,911,1006.32849,47.52767,
34.2,78.94,181,912,1006.31146,47.77316,
33.8,87.96,182,913,1006.28217,47.7767,
32,91.18,183,914,1006.28174,47.75296,
34,94.71,184,915,1006.28455,47.82519,
34.7,90.09,185,916,1006.27594,48.0323,
34.6,86.29,186,917,1006.25122,48.05149,
34.7,84.87,187,918,1006.2489,47.83479,
34.4,80.25,188,919,1006.27478,47.84944,
34,78.41,189,920,1006.27307,47.86914,
34.6,76.87,190,921,1006.27069,47.83984,
34,79.13,191,922,1006.27417,47.82367,
32,89.11,192,923,1006.27612,47.82923,
34.2,87.82,193,924,1006.27545,47.70547,
34.4,91.92,194,925,1006.29022,47.68678,
34.2,83.48,195,926,1006.29248,47.61455,
33,80.53,196,927,1006.30109,47.63829,
30,84.32,197,928,1006.29828,47.8358,
27,88.61,198,929,1006.27466,47.88631,
28,88.25,199,930,1006.26862,47.90298,
29,84.21,200,931,1006.26666,48.07978,
31,85.44,201,932,1006.24554,48.23386,
33,85.13,202,933,1006.22717,48.39197,
30.3,87.85,203,934,1006.20825,48.63749,
33,87.58,204,935,1006.17896,48.86078,
31.5,86.69,205,936,1006.15228,49.028,
29,90.78,206,937,1006.13232,49.223,
31.7,84.19,207,938,1006.10901,49.48622,
33,77.51,208,939,1006.07764,49.43469,
33.5,81.3,209,940,1006.08374,49.368,
33.8,93.45,210,941,1006.09174,49.35638,
33,94.23,211,942,1006.09314,49.43873,
33,92.8,212,943,1006.08325,49.35386,
33,88.91,213,944,1006.09344,46.53817,
32.5,89.87,214,945,1006.42963,46.27806,
33.4,94.33,215,946,1006.46588,46.36898,
33.3,92.5,216,947,1006.44983,46.48413,
33.4,91.33,217,948,1006.4361,46.47858,
30.4,90.97,218,949,1006.43677,46.99326,
30,88.89,219,950,1006.37531,46.7993,
32,90.7,220,951,1006.39844,47.15944,
31,94.17,221,952,1006.35547,47.5802,
31.3,90.01,222,953,1006.30518,47.71709,
33,87.19,223,954,1006.28888,47.88833,
34,83.65,224,955,1006.26843,48.33994,
34,90.66,225,956,1006.21448,48.3748,
33.1,91.58,226,957,1006.21033,48.55817,
33.5,91.01,227,958,1006.18842,48.80824,
33.1,86.55,228,959,1006.15857,48.8335,
32.7,85.04,229,960,1006.15552,48.67841,
31.5,79.41,230,961,1006.17407,48.76934,
32.6,81.24,231,962,1006.16321,48.72791,
33,82.52,232,963,1006.16815,48.93504,
32.3,86.79,233,964,1006.14343,49.21088,
32,86.03,234,965,1006.11047,49.03962,
30,89.63,235,966,1006.13092,49.07599,
32,89.77,236,967,1006.12659,49.08155,
32,80.45,237,968,1006.12592,49.174,
33,78.52,238,969,1006.11487,31.20372,
29.8,90.03,239,970,1008.26233,30.945,
26,89.36,240,971,1008.29327,30.93592,
30.1,86.91,241,972,1008.29437,30.80279,
31.8,86.4,242,973,1008.3103,55.1811,
31.6,80.95,243,974,1005.39789,55.09416,
30,86.82,244,975,1005.40826,55.06484,
30,88.05,245,976,1005.41174,55.36409,
31,86.53,246,977,1005.37604,82.4099,
31,87.93,247,978,1003.39081,82.3952,
32,89.35,248,979,1003.39252,82.31461,
31.1,89.63,249,980,1003.40216,82.06678,
29.4,86.01,250,981,1003.4317,81.99026,
31,90.99,251,982,1003.4408,82.99026,
30.3,85.34,252,983,-70.73906,78.233,
30,92.2,253,984,1003.88861,78.48074,
30,85.04,254,985,1003.85907,77.70056,
31,88.04,255,986,1003.95209,78.25884,
30,88.82,256,987,1003.88556,77.24261,
30.4,90.65,257,988,1004.00671,77.13218,
30,86.67,258,989,1004.01984,76.41896,
29.4,82.84,259,400,1004.10492,75.39633,
29,79.82,260,401,1004.22681,75.35683,
28,79.79,261,402,1004.23157,74.75211,
29,87.07,262,403,1004.30365,74.41634,
29,84.16,263,404,1004.34369,74.41735,
30,79.31,264,405,1004.34357,74.36469,
29,81.89,265,406,1004.34985,74.51408,
28,85.36,266,407,1004.33203,74.55105,
29,80.62,267,408,1004.32764,74.77642,
29,78.07,268,409,1004.30078,74.8063,
28.1,73.68,269,410,1004.29718,74.70096,
28,77.14,270,411,1004.30975,75.13043,
28,91.4,271,412,1004.25854,75.35835,
28.1,92.4,272,413,1004.23138,74.54092,
28,86.42,273,414,1004.32886,74.51155,
28,78.98,274,415,1004.33234,73.80965,
29,81.24,275,416,1004.41608,73.11489,
29,84.48,276,417,1004.4989,60.88821,
30,83.95,277,418,1005.95807,60.93879,
29,87.12,278,419,1005.95203,60.75671,
28,84.68,279,420,1005.97375,60.36323,
27,83.97,280,421,1006.02075,59.74927,
27,73.54,281,422,1006.09406,59.12523,
27,67.8,282,423,1006.16858,58.26054,
27,66.61,283,424,1006.27185,57.87828,
26,65.52,284,425,1006.3175,57.4571,
26,68.61,285,426,1006.3678,57.01217,
26.3,74.58,286,427,1006.42096,56.51671,
27,70.58,287,428,1006.48016,55.58955,
28,70.59,288,429,1006.59094,55.32113,
28,66.61,289,430,1006.62299,54.69735,
29,76.72,290,431,1006.69751,54.34909,
27,87.5,291,432,1006.73914,49.87424,
27,90,292,433,1007.27393,49.44833,
25,93.04,293,434,1007.32483,49.09266,
24.3,92.42,294,435,1007.36737,47.04226,
26,81.72,295,436,1007.61249,57.9516,
26,75.1,296,437,1006.30878,58.08559,
26,67.23,297,438,1006.29272,58.07952,
27,73.86,298,439,1006.29346,58.61197,
27,74.6,299,440,1006.22986,58.26408,
28,75.42,300,441,1006.27142,58.47949,
29,74.09,301,442,1006.24573,58.37381,
30,70.53,302,443,1006.2583,58.39909,
31,70.3,303,444,1006.25269,58.42083,
30,70.77,304,445,1006.23242,58.59073,
27,75.81,305,446,1006.17206,59.0959,
26,62.69,306,447,1006.14813,59.29615,
26,62.55,307,448,1006.14807,59.29666,
27,68.78,308,449,1005.62018,63.71789,
33,74.49,309,450,1005.73767,62.73394,
35,86.35,310,451,1005.80658,62.15677,
34,89.81,311,452,1005.84784,61.81129,
35,78.94,312,453,1005.73602,62.7476,
31,76.77,313,454,1005.7171,62.90594,
35,79.35,314,455,1005.73792,62.73192,
34,73.07,315,456,1005.63861,63.56359,
35,73.71,316,457,1005.63159,63.62228,
34,77.4,317,458,1005.64417,63.51705,
34,72.92,318,459,1005.78735,62.31762,
34,84.55,319,460,1005.8822,61.52348,
35,72.65,320,461,1005.94373,61.00808,
35,69.22,321,462,1005.83954,61.88058,
34,69.72,322,463,1005.77704,62.40413,
35.7,70.93,323,464,1006.10889,59.73157,
33.6,70.07,324,465,1006.07532,59.90604,
30.5,71.79,325,466,1006.17303,59.08781,
33,74.49,326,467,1006.19702,58.88705,
33.1,67.49,327,468,1006.20111,58.85267,
31,61.93,328,469,1006.20221,58.86329,
30,67.8,329,470,1006.09045,58.84357,
35,63.84,330,471,1006.01489,59.77961,
35,63.8,331,472,1005.97192,60.41228,
32,74.15,332,473,1005.93286,60.77188,
30.7,69.51,333,474,1006.03998,61.09912,
29,68.09,334,475,1006.05994,60.2019,
31,63.69,335,476,1006.0625,60.035,
32,68.59,336,477,1006.06372,60.01326,
34,74.99,337,478,1006.07947,60.00314,
34,71.88,338,479,1006.11029,59.87115,
32,70.95,339,480,1006.11237,59.61323,
31,68.38,340,481,1006.10187,59.59604,
34,68.43,341,482,1006.06299,59.68403,
34,66.09,342,483,1006.47546,60.00921,
32,64.28,343,484,1006.49249,56.55614,
32,70.86,344,485,1006.53156,56.41358,
34,68.54,345,486,1006.57422,56.08649,
35,65.21,346,487,1006.61127,55.72908,
35,67.28,347,488,1006.76526,55.4192,
33,69.62,348,489,1006.7771,54.13023,
33,70.88,349,490,1006.80469,54.03116,
34.1,68.38,350,491,1006.82056,53.80018,
35,66.09,351,492,1006.85858,53.66776,
32,69.03,352,493,1007.26611,53.34935,
31,70.75,353,494,1007.21893,49.93941,
32,70.35,354,495,1007.18414,50.33401,
30,63.45,355,496,1007.1261,50.62505,
29,61.14,356,497,1007.08783,51.11063,
32,61.72,357,498,1007.03516,51.431,
35,59.84,358,499,1006.96155,51.87164,
35,86.58,359,500,1006.72192,52.48766,
35,91.59,360,501,1006.66565,54.49314,
35,80.09,361,502,1006.6106,54.96425,
34,78.65,362,503,1006.1283,55.42476,
31,73.1,363,504,1006.07642,59.46253,
33,70.42,364,505,1006.03003,59.89694,
32,70.86,365,506,1006.01733,60.06939,
32,71.14,366,507,1005.99475,60.39155,
34,64.23,367,508,1005.9588,60.5807,
34.1,64.47,368,509,1005.89203,60.88163,
34,62.72,369,510,765.70905,61.44104,
34,59.71,370,511,1005.73151,2301.18018,
35,63.29,371,512,1005.69409,62.78554,
35,64.43,372,513,1005.65204,63.09867,
34,64.84,373,514,1005.60571,63.45128,
31,67.37,374,515,1005.59344,63.83931,
32,64.31,375,516,1005.53247,63.94201,
34,66.2,376,517,1005.5022,64.4525,
35,64.89,377,518,1005.45673,64.70649,
33,66.25,378,519,1005.46588,65.08749,
33,64.39,379,520,1005.46753,65.01057,
30,66,380,521,1005.45221,64.99692,
28,67.1,381,522,1005.43378,65.12493,
32,68.5,382,523,1005.39783,65.27976,
32,67.87,383,524,1005.43829,65.58083,
33,65.17,384,525,1005.42596,65.24181,
31,68.67,385,526,1005.38428,65.34503,
33,67.63,386,527,1005.38513,65.69417,
28,68.89,387,528,1005.35828,65.68709,
30,64.46,388,529,1005.31622,65.91226,
30,58.81,389,530,1005.30658,66.26446,
32,62.97,390,531,1005.25256,66.44106,
35,67.34,391,532,1005.23328,66.79784,
33,65.58,392,533,1005.21564,66.95977,
34.6,69.31,393,534,1005.15564,67.10754,
33,68.93,394,535,1005.1463,67.61009,
30,69.38,395,536,1005.08685,67.68854,
28,67.03,396,537,1005.0614,68.18655,
33,67.53,397,538,1005.02716,68.39964,
34,67.47,398,539,1005.01526,68.68662,
34,66.79,399,540,1004.97888,68.78634,
34,66.19,400,541,1004.98138,69.09155,
34,73.41,401,542,1004.97925,69.0703,
34,59.58,402,780,1005.03815,69.08852,
33.1,53.94,403,781,1005.08673,68.59451,
34,63.03,404,782,1005.09424,68.18757,
35,63.52,405,783,1005.12872,68.12481,
35,63.88,406,784,1005.17719,67.83582,
34,57.04,407,785,1005.19122,67.42941,
35,56.31,408,786,1005.15393,67.312,
35,57.94,409,787,1005.11859,67.62426,
33,61.44,410,788,1005.1311,67.92033,
35,63.61,411,789,1005.89001,67.81557,
36,66.23,412,790,1005.8689,61.45773,
34,72.6,413,791,1005.85468,61.63476,
33,61,414,792,1005.8728,61.75362,
28,58.82,415,793,1005.83392,61.60188,
28,57.77,416,794,1005.71783,61.92763,
31,56.45,417,795,1005.65454,62.89987,
33,58.56,418,796,1007.76892,63.43003,
34,62,419,797,1007.87854,45.73412,
33,68.25,420,798,1007.91608,44.81752,
32,65.1,421,799,1008.46326,44.50342,
32,59.1,422,800,1008.49249,39.92932,
33,64.62,423,801,1008.5083,39.68502,
32,62.81,424,802,1002.45374,39.55278,
32,57.95,425,803,1002.39844,38.63369,
33,69.64,426,804,1002.40747,90.27671,
32,61.23,427,805,1002.38367,90.74081,
32,54.53,428,806,1002.3678,90.66524,
32,84.55,429,807,1002.31812,90.86509,
31,91.55,430,808,1002.32581,90.99849,
31,87.03,431,809,1003.56671,91.41545,
31,88.63,432,810,1003.54016,91.35103,
30,67.26,433,811,1003.51532,80.93363,
30,62.54,434,100,1002.98468,81.1566,
30,62.7,435,101,1002.95538,81.36488,
30,82.29,436,102,1002.93091,85.81832,
31,83.26,437,103,1002.90533,86.06422,
31,80.09,438,104,1002.91498,86.27006,
31,65.17,439,105,1002.90814,86.48453,
30,57.53,440,106,1002.89392,86.4034,
28,53.92,441,107,1002.91638,86.4612,
26,79.87,442,108,1002.94031,86.58035,
24,77.04,443,109,1002.88751,86.39174,
29,72,444,110,1002.69983,86.19096,
29,74.71,445,111,1002.66138,86.63409,
30,66.92,446,112,1002.62335,88.21006,
30,73.13,447,113,1002.56641,88.53309,
32,63.02,448,114,1002.58966,88.85207,
31,71.99,449,115,1002.51971,89.33031,
32,72.89,450,116,1002.5047,89.13506,
31,68.72,451,117,1002.50983,89.72235,
31,75.66,452,118,1002.49268,89.84864,
31,68.34,453,119,1002.48389,89.80553,
29,76.75,454,120,1003.48389,89.94957,
28,60.29,455,121,1004.48389,90.02311,
34.72,67.61,,,1016.4,18.76572,
34.9,68.08,,,1014.6,18.81962,
34.87,67.17,,,1013.2,18.80803,
34.81,62.98,,,1011.8,18.65893,
34.78,62.64,,,1012.3,18.36929,
34.8,59.2,,,1014.1,18.19249,
34.81,60.31,,,1013.1,18.15824,
34.82,68.99,,,1012.8,18.06455,
34.81,65.34,,,1015.4,18.21163,
34.8,61.83,,,1017.5,18.4514,
34.8,66,,,1018.3,18.49874,
34.78,65.74,,,1018.9,18.65137,
34.8,61.97,,,1018.9,18.72089,
34.74,59.85,,,1016.5,53.18661,
34.79,65.81,,,1015.5,52.94553,
34.79,69.58,,,1015.2,51.16066,
34.79,75.61,,,1012.4,51.10608,
34.77,75.79,,,1008,50.98734,
34.74,73.93,,,1007.9,36.30126,
34.71,74.3,,,1009.2,37.07531,
34.71,57.27,,,1011.7,36.66053,
34.71,46.36,,,1014,41.96621,
34.71,48.12,,,1013.3,36.63429,
34.69,47.86,,,1011.2,43.11381,
34.33,54.38,,,1013,36.86086,
34.49,51.18,,,1013.3,36.68222,
34.49,56.29,,,1012.3,36.2392,
34.5,62.94,,,1010.4,36.43144,
34.49,51.84,,,1007.7,35.79568,
34.5,69.23,,,1008.2,36.88407,
34.52,73.69,,,1007.5,36.11154,
34.54,60.43,,,1008.4,36.23768,
34.55,56.58,,,1009.1,36.25282,
34.55,83.72,,,1009.1,36.23466,
34.57,89.92,,,1007.8,36.04796,
34.58,84.21,,,1006.5,36.05402,
34.61,81.81,,,1007.9,36.51823,
34.61,69.92,,,1009.9,35.91325,
34.6,52.24,,,1013.4,35.8754,
34.38,56.26,,,1013.9,36.43346,
34.58,54.94,,,1013,36.22154,
34.59,52.22,,,1011.1,36.58585,
34.43,64.82,,,1009.3,36.40066,
33.1,69.39,,,1009.4,36.8003,
33.2,63.57,,,1011.4,36.91939,
33.18,77.15,,,1011.4,37.03141,
33.18,67.14,,,1012.9,36.73672,
33.16,69.91,,,1011.1,36.6908,
33.15,66.33,,,1009.4,36.69232,
33.14,63.61,,,1008.9,36.49401,
33.14,72.03,,,1009.2,36.81796,
33.15,74.93,,,1010,36.72764,
33.1,73.55,,,1009.9,36.83058,
32.9,76.15,,,1008.9,37.01224,
32.89,73.11,,,1007,37.03444,
33.05,74.87,,,1007.2,36.78769,
31.95,76.2,,,1008.6,36.95219,
32.33,73.83,,,1006.9,36.49603,
32.43,76.55,,,1005.3,36.30782,
32.4,64.99,,,1005.8,36.06512,
32.43,74.36,,,1007,36.19782,
32.44,77.63,,,1007.4,36.02122,
32.46,81.54,,,1007.4,36.08126,
32.51,78.07,,,1007.6,36.14585,
32.55,78.02,,,1007.4,36.37291,
32.49,75.25,,,1007.3,36.50864,
32.53,64.41,,,1006.7,36.54699,
32.55,53.54,,,1006.8,36.53236,
32.53,61.87,,,1007.6,36.71957,
32.5,62.28,,,1008.3,33.50323,
32.56,64.51,,,1007.8,33.06135,
31.79,67.49,,,1005.7,32.89691,
31.78,70.72,,,1005.7,32.68405,
31.75,64.16,,,1006.9,32.6326,
31.77,72.16,,,1006.8,32.33752,
31.75,74.93,,,1004.3,32.50196,
31.76,69.8,,,1005.3,32.27801,
31.65,73.2,,,1004,32.32946,
31.62,74.73,,,1003.3,32.60032,
31.48,78.37,,,1004.9,32.29869,
31.52,74.08,,,1004.2,32.03439,
31.39,72.45,,,1003.1,32.10198,
31.44,69.72,,,1005,32.11863,
31.5,71.36,,,1006.9,31.86694,
31.43,73.51,,,1006.3,31.60266,
31.33,72.96,,,1007.2,31.45337,
31.39,72.96,,,1007.5,31.14119,
31.45,71.85,,,1009.3,30.6641,
31.55,66.67,,,1010.3,30.57635,
31.67,69.16,,,1009.3,30.28285,
31.65,71.89,,,1007.8,29.85371,
31.64,72.82,,,1006.9,29.89355,
31.82,72.23,,,1008,29.5804,
31.76,65.32,,,1008.1,29.11902,
31.89,69.17,,,1007.5,28.75345,
32,72.46,,,1006.9,28.79228,
31.97,69.29,,,1007.8,28.34404,
32.07,71.66,,,1008.3,28.19682,
32.14,61.26,,,1007.8,28.03245,
32.04,73.04,,,1005.2,28.02792,
31.89,69.24,,,1003.1,28.14589,
31.89,72.54,,,1001.3,28.20589,
32,69.45,,,1001.9,28.22808,
31.99,71.72,,,1001.2,28.04002,
30.93,72.35,,,1003.2,27.9291,
30.98,63.09,,,1004,27.69264,
31.24,67.03,,,1002.2,50.32745,
31.07,63.15,,,1002.2,50.29966,
31.05,70.62,,,1003.2,50.51692,
31,67.4,,,1004.1,50.34968,
31.02,67.49,,,1003.6,50.40324,
31.47,65.4,,,1003.3,50.20568,
31.45,68.86,,,1003.3,50.10614,
31.55,69.67,,,1002.8,50.22033,
31.6,71.59,,,1001.5,50.34008,
31.54,78.76,,,998.8,50.37848,
31.53,77.43,,,997.5,50.54067,
31.51,80.7,,,1001.2,50.27035,
180,76.28,,,1001.8,50.26227,
24.82,75.31,,,1002.4,50.09857,
24.82,72.78,,,1001.7,50.16829,
24.82,71.61,,,1000,50.05511,
30.85,73.24,,,1001.2,50.07027,
31.48,72.48,,,1003.2,49.86413,
31.63,69.03,,,1003.2,49.80199,
31.65,71.94,,,1002,49.81816,
31.68,80.33,,,1001.3,49.8222,
31.7,76.21,,,999.9,49.72671,
31.72,84.39,,,996.9,49.68932,
31.72,81.05,,,997.4,49.92981,
31.74,73.57,,,999.8,50.09503,
31.76,77.13,,,1002,50.37848,
31.8,76.39,,,1001.4,50.28349,
31.79,76.36,,,1001.4,50.21124,
31.82,72.6,,,1001.5,50.11928,
31.8,76.43,,,1000,49.80452,
31.78,80.19,,,999.2,49.79491,
31.77,88.98,,,1000.8,48.49806,
31.78,78.43,,,1000,48.54302,
31.79,80.69,,,1000.1,48.29801,
31.79,88.73,,,999.7,48.31317,
31.8,86.5,,,998.1,48.48139,
31.81,84.12,,,998.7,48.47179,
31.8,81.37,,,1000,48.4627,
31.83,81.83,,,1000.3,48.40662,
31.84,85.59,,,1000.9,48.30256,
31.84,83.6,,,1000.1,48.26972,
31.85,83.3,,,998,48.10807,
31.86,86.85,,,997.2,48.16667,
31.88,88.86,,,998,48.06614,
31.89,86.51,,,998.9,47.99795,
31.89,87,,,998.7,48.06614,
31.93,83.35,,,999.2,48.22375,
31.93,90.71,,,1000.6,48.27831,
31.93,89.2,,,1001,48.22931,
31.94,88.99,,,1001,48.25002,
32.08,78.46,,,1002.3,48.26619,
32.11,80.09,,,1002.4,48.35106,
32.09,94.16,,,1001.6,48.39702,
32.06,90.13,,,1002,48.33944,
32.08,86.47,,,1001.5,48.43643,
32.09,82.67,,,1001.2,48.47886,
32.11,76.43,,,1000.5,48.45007,
33.45,73.4,,,999.2,48.3066,
33.57,75.6,,,998.5,48.05907,
33.58,78.29,,,998.5,48.17475,
33.62,88.63,,,997.6,48.22527,
33.64,92.81,,,997.7,48.20759,
33.51,89.61,,,1000.1,48.33539,
33.64,94.48,,,999.8,48.04948,
34.53,94.91,,,998.4,48.12373,
33.78,96.01,,,996.8,47.78831,
33.85,89.13,,,998.1,47.46806,
33.41,86.69,,,1000.7,47.29026,
32.61,87.31,,,1003.2,47.16348,
32.38,87.24,,,1004,47.25086,
32.44,80.64,,,1004,47.32663,
32.37,83.12,,,1002.9,47.40644,
32.65,83.38,,,1002.5,47.38876,
32.93,81.21,,,1002.1,47.49281,
33.16,87.28,,,1001,47.33421,
33.36,90.29,,,999.1,47.1655,
33.47,85.55,,,997.9,47.12913,
33.64,88.47,,,998,47.10034,
32.41,88.42,,,1000.7,47.41502,
32.54,88.31,,,1003.2,47.3438,
32.54,84.07,,,1003.4,47.45341,
32.01,86.02,,,1003.5,47.33471,
32.15,83.45,,,1001.8,47.30693,
32.18,84.04,,,1001.6,47.1165,
32.23,92.66,,,1002.8,46.94174,
32.25,91.48,,,1004.6,47.10792,
32.26,90.63,,,1005.5,47.3534,
32.28,81.16,,,1003.8,47.49332,
32.3,80.68,,,1001.6,47.52565,
32.33,83.7,,,999.6,47.41149,
32.33,82.93,,,1000.8,47.38825,
32.14,85.63,,,1003.6,47.55646,
32.29,85.43,,,1003.8,47.40391,
32.3,81.56,,,1003.1,47.38522,
32.16,83.24,,,1002.9,47.52767,
32.29,88.55,,,1003.3,47.77316,
32.15,79.54,,,1002,47.7767,
32.3,78.24,,,1001.1,47.75296,
32.31,78.84,,,999.3,47.82519,
32.3,85.61,,,999.6,48.0323,
32.32,86.53,,,1001.3,48.05149,
19.9,92.01,,,1003.9,47.83479,
20.6,83.89,,,1005,47.84944,
21.1,88.1,,,1004.9,47.86914,
19.9,92.24,,,1004,47.83984,
19.6,90.9,,,1003.5,47.82367,
18.5,79.18,,,1004.4,47.82923,
17.8,77.46,,,1005.1,47.70547,
19.1,84.14,,,1005.2,47.68678,
20,74.42,,,1005.5,47.61455,
19,77.45,,,1005.9,47.63829,
19.3,81.01,,,1006.2,47.8358,
18.2,77.82,,,1004.8,47.88631,
16.8,76.76,,,1006.9,47.90298,
15.7,77.44,,,1007.4,48.07978,
16.3,82.76,,,1007.5,48.23386,
17.1,82.52,,,1007.1,48.39197,
18.5,79.97,,,1006,48.63749,
19.5,76.09,,,1004.5,48.86078,
19.5,72.17,,,1003.4,49.028,
19.6,83.05,,,1002.6,49.223,
19,85.24,,,1002.4,49.48622,
18.8,90.4,,,1002,49.43469,
19.5,87.38,,,1003.6,49.368,
20.6,82.48,,,1005,49.35638,
21,80.4,,,1005.9,49.43873,
22.6,74.02,,,1007.1,49.35386,
21.6,72.69,,,1005.9,46.53817,
20.7,74.53,,,1004.3,46.27806,
19.3,72.27,,,1005.1,46.36898,
20.1,82.56,,,1006.2,46.48413,
21.3,87.46,,,1005.1,46.47858,
21.6,90.87,,,1005.5,46.99326,
20.3,90.16,,,1007.9,46.7993,
19.9,93.37,,,1007.3,47.15944,
21,83.14,,,1006.1,47.5802,
22.4,82.74,,,1006.8,47.71709,
22.6,76.02,,,1007.2,47.88833,
23.2,82.61,,,1007.2,48.0323,
21.9,79.09,,,1007.3,48.33994,
22.3,87.55,,,1006.7,48.3748,
23.5,87.99,,,1004.7,48.55817,
23.2,97.23,,,1000.2,48.80824,
23.3,88.28,,,1004.6,48.8335,
23.4,82.4,,,1005.6,48.67841,
24.7,79.21,,,1005.6,48.76934,
23.7,84.71,,,1004.9,48.72791,
23.2,78.53,,,1004.9,48.93504,
23.6,78,,,1005.3,49.21088,
24.5,74.94,,,1005.4,49.03962,
25,69.61,,,1005.2,49.07599,
26.5,78.78,,,1005.9,49.08155,
26.8,87.18,,,1006.1,49.174,
27.1,94.26,,,1002.7,31.20372,
26.2,92.98,,,1001.8,30.945,
24,78.18,,,1007,30.93592,
22.9,78.6,,,1008.4,30.80279,
23.9,77.04,,,1010.8,55.1811,
24.8,85.08,,,1013.4,55.09416,
25.3,84.47,,,1014.1,55.06484,
25.2,77.43,,,1012.7,55.36409,
26.6,72.59,,,1012.6,82.4099,
28,78.13,,,1013.7,82.3952,
26,82.32,,,1013.6,82.31461,
27.1,82.72,,,1013.4,82.06678,
27.2,77.2,,,1013.6,81.99026,
26.8,74.34,,,1012.1,78.233,
23.3,71.46,,,1011.9,78.48074,
23,69.3,,,1012.5,77.70056,
25.2,72.46,,,1012.5,78.25884,
25,68.39,,,1012.4,77.24261,
24.1,67.69,,,1012.7,77.13218,
23.5,69.14,,,1012.4,76.41896,
23.4,69.44,,,1011.4,75.39633,
24.1,65.26,,,1011.7,75.35683,
24.5,69.05,,,1012.2,74.75211,
26.3,65.22,,,1010.7,74.41634,
27.9,60.44,,,1009.9,74.41735,
26.7,67.5,,,1010.4,74.36469,
22.9,90.13,,,1011.7,74.51408,
24.4,90.16,,,1011.5,74.55105,
26.6,90.17,,,1011.2,74.77642,
28.1,87.2,,,1011.4,74.8063,
29.3,79.44,,,1011.9,74.70096,
29.3,74.34,,,1012.5,75.13043,
28.7,63.59,,,1012.6,75.35835,
29.5,56.3,,,1011.5,74.54092,
29.1,61.95,,,1011.6,74.51155,
29.4,65.17,,,1013.1,73.80965,
29.5,66.88,,,1014.8,73.11489,
30,67.16,,,1015,60.88821,
29.8,69.57,,,1013,60.93879,
29.6,71.68,,,1013.5,60.75671,
30.8,66.73,,,1015.1,60.36323,
29.6,68.39,,,1014.2,59.74927,
29.4,72.98,,,1013.8,59.12523,
29,72.43,,,1014.6,58.26054,
29.8,71.3,,,1014.6,57.87828,
30.2,69.43,,,1013.4,57.4571,
30.6,70.15,,,1012.9,57.01217,
31.3,73.51,,,1012.1,56.51671,
31.4,72.49,,,1012.4,55.58955,
30.5,75.32,,,1012.6,55.32113,
30,87.47,,,1011.2,54.69735,
29.3,92.13,,,1011,54.34909,
29.3,83.73,,,1013,49.87424,
29.1,80.14,,,1014.1,49.44833,
30.3,73.99,,,1014.4,49.09266,
30.1,75,,,1015.5,47.04226,
30.6,71.93,,,1016.1,57.9516,
29.7,67.12,,,1016.9,58.08559,
31.2,66.38,,,1017.8,58.07952,
30.1,78.69,,,1018,58.61197,
29.2,86.65,,,1018.1,58.26408,
30.4,81.01,,,1018.6,58.47949,
31.9,81.5,,,1018,58.37381,
31.9,78.6,,,1016.1,58.39909,
31.1,76.78,,,1014.2,58.42083,
31.5,71.92,,,1014.2,58.59073,
31.4,72.56,,,1014.2,59.0959,
30.5,63.76,,,1015.1,59.29615,
28.1,67.71,,,1015,59.29666,
29.2,71.27,,,1015.2,63.71789,
31.4,71.55,,,1016,62.73394,
31.4,75.38,,,1015.3,62.15677,
31.3,70.02,,,1013.5,61.81129,
31.8,74.36,,,1012.1,62.7476,
31.7,75.35,,,1011.4,62.90594,
31.6,68.78,,,1012.7,62.73192,
28.8,74.06,,,1014.8,63.56359,
30.1,74.85,,,1013.2,63.62228,
30.8,65.84,,,1012.5,63.51705,
31.1,66.12,,,1014.2,62.31762,
29.9,74.54,,,1016.3,61.52348,
31.2,69.73,,,1017,61.00808,
32.2,69.5,,,1016.8,61.88058,
29.6,73.55,,,1015.5,62.40413,
31.8,77.78,,,1014.5,59.73157,
31.2,75.61,,,1014.5,59.90604,
32.7,82.13,,,1015.1,59.08781,
32.8,75.21,,,1014.2,58.88705,
32.9,73.3,,,1013.6,58.85267,
32.9,68.36,,,1013.8,58.86329,
32.5,66.63,,,1014.1,58.84357,
32.8,66.54,,,1014.8,59.77961,
32.8,65.76,,,1013.6,60.41228,
31.9,66.97,,,1013.5,60.77188,
31,66.28,,,1012.7,61.09912,
31.2,63.17,,,1011.5,60.2019,
29.3,70.21,,,1009.7,60.035,
29.2,61.1,,,1010.7,60.01326,
29,60.54,,,1011.8,60.00314,
31.4,62.81,,,1013,59.87115,
31.4,64.92,,,1013.8,59.61323,
32.7,63.05,,,1014.4,59.59604,
33.6,63.22,,,1012.7,59.68403,
31.7,63.49,,,1011.6,60.00921,
30.7,66.05,,,1012.1,56.55614,
32,67.51,,,1012.4,56.41358,
31,64.89,,,1013.3,56.08649,
29.5,66.79,,,1012.9,55.72908,
30.7,77.73,,,1015.4,55.4192,
29.2,62.9,,,1014,54.13023,
29.1,53.55,,,1011.9,54.03116,
31.5,53.95,,,1011.4,53.80018,
31.8,62.71,,,1011.5,53.66776,
30.7,57.37,,,1014.8,53.34935,
30.2,50.95,,,1016.8,49.93941,
31.7,53.57,,,1017.8,50.33401,
31.6,59.05,,,1018.3,50.62505,
30.7,58.96,,,1016.9,51.11063,
26.7,60.08,,,1018.3,51.431,
30,55.31,,,1016,51.87164,
29.8,64.88,,,1012.1,52.48766,
28.3,55.27,,,1011.9,54.49314,
28.2,62.33,,,1012.3,54.96425,
28.9,65.6,,,1012,55.42476,
29.5,67.2,,,1010.2,59.46253,
29.5,65.44,,,1009.9,59.89694,
29.2,61.5,,,1010.6,60.06939,
29.9,61.14,,,1012.6,60.39155,
30.5,56.06,,,1011.6,60.5807,
29.8,53.12,,,1010.7,60.88163,
28.8,70.95,,,1011.3,61.44104,
29.3,64.5,,,1011.1,62.44104,
29.2,67.94,,,1010.3,2301.18018,
30,60.36,,,1008.7,2301.18018,
28.3,58.6,,,1006.6,2301.18018,
28.7,60.48,,,1007.8,62.78554,
29.4,62.85,,,1010,63.09867,
30.5,46.95,,,1010.2,63.45128,
30.2,44.01,,,1012.1,63.83931,
27.4,45.5,,,1012.3,63.94201,
28.1,52.89,,,1011.3,64.4525,
28.7,48.65,,,1011.1,64.70649,
29.5,42.86,,,1011.5,65.08749,
30.6,60.79,,,1010.4,65.01057,
31,60.66,,,1009.5,64.99692,
31,47.7,,,1008.7,65.12493,
30.6,71.07,,,1008,65.27976,
28.4,66.25,,,1008.5,65.58083,
28.2,49.62,,,1009.1,65.24181,
28.6,60.05,,,1010.8,65.34503,
27.5,49.33,,,1011.7,65.69417,
26.6,57.61,,,1009.4,65.68709,
26.4,59.5,,,1008.7,65.91226,
27.6,67.16,,,1006.7,66.26446,
29,70.89,,,1007.5,66.44106,
28.5,73.52,,,1010.5,66.79784,
28.8,73.07,,,1012.4,66.95977,
30.6,79.87,,,1010.5,67.10754,
29.5,64.26,,,1008.6,67.61009,
29.9,70.27,,,1008.3,67.68854,
30.9,75.13,,,1007.9,68.18655,
29.7,73.47,,,1007.7,68.39964,
28.6,74.57,,,1008.3,68.68662,
29.1,67.85,,,1010.1,68.78634,
29,66.91,,,1010.5,69.09155,
28.8,63.44,,,1009.2,69.0703,
28.6,66.46,,,1007.6,69.08852,
29.7,65.89,,,1006.2,68.59451,
29.4,71.15,,,1007.6,68.18757,
29.6,77.72,,,1009.8,68.12481,
29.7,68.46,,,1011.1,67.83582,
27.3,70.92,,,1011.1,67.42941,
26.9,72.79,,,1009.6,67.312,
27.4,69.44,,,1009.1,67.62426,
29.3,70.84,,,1008.4,67.92033,
29.4,72.1,,,1008.6,67.81557,
29,66.5,,,1007.3,61.45773,
28.9,56.97,,,1007.7,61.63476,
28.7,65.22,,,1007.9,61.75362,
28.8,68.41,,,1007.9,61.60188,
29.9,77.69,,,1006.7,61.92763,
29.3,74.05,,,1005,62.89987,
28.1,74.77,,,1005.1,63.43003,
29.4,74.75,,,1004.8,45.73412,
30.1,78.2,,,1006.4,44.81752,
30.2,72.78,,,1007.2,44.50342,
28.5,64.97,,,1006.7,39.92932,
28.5,72.73,,,1005.4,39.68502,
27.3,67.49,,,1006.8,39.55278,
29.3,61.64,,,1008.5,38.63369,
28.7,63.12,,,1008,90.27671,
27.5,68.01,,,1005.1,90.74081,
27,80.59,,,1005.7,90.66524,
29.7,75.27,,,1007.2,90.86509,
30.4,73.19,,,1007.5,90.99849,
29.9,69.82,,,1008.7,91.41545,
31.4,73.07,,,1007.5,91.35103,
31,73.61,,,1006.7,80.93363,
30.2,74.29,,,1006.3,81.1566,
30.6,77.41,,,1004.2,81.36488,
30.5,74.76,,,1003.6,85.81832,
30.3,74.44,,,1005.1,86.06422,
29.1,77.18,,,1007.6,86.27006,
29.3,74.74,,,1006.2,86.48453,
30.1,78.01,,,1006.6,86.4034,
30.7,84,,,1005.5,86.4612,
31.7,72.18,,,1007.6,86.58035,
29.6,72.76,,,1005.6,86.39174,
28.4,83.51,,,1004.7,86.19096,
27.3,73.31,,,1004.8,86.63409,
28,82.72,,,1003.1,88.21006,
29.6,72.94,,,1003.4,88.53309,
29.9,80.1,,,1004,88.85207,
30.9,72.4,,,1004.3,89.33031,
31.5,83.16,,,1004.6,89.13506,
31.4,83.01,,,1004.8,89.72235,
31.7,76.65,,,1003.6,89.84864,
29.3,77.27,,,1003.3,89.80553,
27.4,76.99,,,1003.4,89.94957,
27.1,73.02,,,1003.6,90.02311,
27.6,74.21,,,1001.3,,
26.1,75.41,,,1000.9,,
29.1,74.84,,,1001.4,,
29,78.24,,,1003.7,,
30.2,88.89,,,1005.8,,
28.1,81.42,,,1004.8,,
28.9,78.36,,,1001.8,,
27.7,80.82,,,1001.7,,
26.6,80.49,,,1003.8,,
24.7,76.82,,,1004.1,,
27.5,77.85,,,1001.2,,
29.2,80.02,,,998.1,,
29.6,85.09,,,995.6,,
28.9,87.28,,,994.1,,
29.7,86.14,,,992.9,,
29.8,84.97,,,993.4,,
30,74.13,,,994.7,,
29.6,68.16,,,996.3,,
29.5,59.44,,,997.7,,
27.4,64.74,,,999.2,,
25.5,74.93,,,999,,
24.6,65.27,,,998,,
26.7,71.26,,,999.2,,
28.3,84.41,,,1001.6,,
29,85.29,,,1002.1,,
26.7,78.94,,,1001.5,,
26.7,87.96,,,1000.9,,
25.8,91.18,,,1000.3,,
26,94.71,,,999,,
25.9,90.09,,,998.8,,
25,86.29,,,998.8,,
23.6,84.87,,,1002.8,,
24.3,80.25,,,1002.7,,
24.7,78.41,,,1002.2,,
25.1,76.87,,,1001.9,,
26.4,79.13,,,1000.9,,
27.3,89.11,,,1000.1,,
26.6,87.82,,,1000,,
25.5,91.92,,,1000.1,,
25.6,83.48,,,998.9,,
25.6,80.53,,,997.8,,
25.2,84.32,,,997.3,,
24.7,88.61,,,998.5,,
25.1,88.25,,,998.7,,
25.2,84.21,,,997.6,,
25,85.44,,,996.6,,
22,85.13,,,997.2,,
22,87.85,,,996.4,,
22.6,87.58,,,995.4,,
25.1,86.69,,,995.1,,
26.4,90.78,,,997.4,,
25.7,84.19,,,997.9,,
23.8,77.51,,,997,,
21,81.3,,,995.2,,
20.1,93.45,,,993.6,,
19.9,94.23,,,995.6,,
20.3,92.8,,,999.2,,
20.2,88.91,,,1000.9,,
20.6,89.87,,,1000.6,,
19.9,94.33,,,1000.7,,
20.2,92.5,,,999.8,,
19.6,91.33,,,999.8,,
20,90.97,,,999.3,,
20.5,88.89,,,998.6,,
20.7,90.7,,,998.5,,
20.5,94.17,,,999.6,,
19.9,90.01,,,1001.1,,
20.1,87.19,,,1000.3,,
21.3,83.65,,,999.9,,
21.9,90.66,,,999.6,,
20.3,91.58,,,997.8,,
22,91.01,,,997.5,,
23.1,86.55,,,1000.3,,
23.4,85.04,,,1002.3,,
,79.41,,,1001.3,,
,81.24,,,999,,
,,,,997.3,,
