Temperature,Humidity,LightIntensity
30.2,79,426
30.2,77,427
30.2,78,428
30.2,79,429
30.2,78,430
30.2,78,431
30.2,78,432
30.2,77,433
30.2,77,434
30.2,77,435
30.2,78,436
30.2,78,437
30.2,79,438
30.2,78,439
30.2,79,440
30.2,78,441
30.2,78,442
30.2,77,443
30.2,78,444
30.2,77,445
30.2,79,446
30.2,79,447
30.2,79,448
30.2,79,449
30.2,79,450
30.2,78,451
30.2,79,452
30.2,79,453
30.2,78,454
30.2,78,455
30.2,78,456
30.2,78,457
30.2,78,458
30.2,79,459
30.2,78,460
30.2,78,461
30.2,78,462
29.8,80,463
29.8,80,464
29.8,80,465
29.8,80,466
29.8,80,467
29.8,80,468
29.8,80,469
29.8,80,470
29.8,81,471
29.8,80,472
29.8,80,473
29.8,80,474
29.8,81,475
29.8,81,476
29.8,80,477
29.8,80,478
29.8,80,479
29.8,81,480
29.8,81,481
29.8,80,482
29.8,80,483
29.8,80,484
29.8,80,485
29.8,80,486
29.8,80,487
29.8,80,488
29.8,80,489
29.8,80,490
29.8,80,491
29.8,80,492
29.8,80,493
29.8,80,494
29.8,80,495
29.8,80,496
29.8,80,497
29.8,80,498
29.8,81,499
29.8,81,500
29.8,80,501
29.8,81,502
29.8,81,503
29.8,81,504
29.8,81,505
29.8,81,506
29.8,81,507
29.8,81,508
29.8,81,509
29.8,81,510
29.8,81,511
29.8,82,512
29.8,82,513
29.8,82,514
29.8,82,515
29.8,82,516
29.8,82,517
29.8,81,518
29.8,81,519
29.8,81,520
29.8,81,521
29.8,81,522
29.8,81,523
29.8,81,524
29.8,81,525
29.8,81,526
29.8,81,527
29.8,81,528
29.8,81,529
29.8,81,530
29.8,81,531
29.8,81,532
29.8,81,533
29.9,81,534
30.2,80,535
29.8,81,536
29.8,81,537
29.8,81,538
29.8,81,539
30.2,80,540
30.2,79,541
30.2,79,542
30.2,79,543
30.2,79,544
29.8,81,545
29.8,81,546
29.8,80,547
29.8,80,548
29.8,80,549
29.8,80,550
29.8,80,551
29.8,80,552
30.2,79,553
30.2,79,554
30.2,79,555
30.2,79,556
30.2,79,557
30.2,79,558
30.2,79,559
30.2,79,560
30.2,79,561
30.2,79,562
30.2,78,563
30.2,79,564
30.2,79,565
30.2,79,566
30.2,79,567
30.2,79,568
30.2,79,569
30.2,79,570
30.2,79,571
30.2,79,572
30.2,79,573
30.2,79,574
30.2,80,575
30.2,79,576
30.2,79,577
30.2,79,578
30.2,79,579
30.2,79,580
30.2,79,581
30.2,79,582
30.2,79,583
30.2,79,584
30.2,79,585
30.2,79,586
30.2,79,587
30.2,79,588
30.2,79,589
30.2,80,590
30.2,80,591
30.2,80,592
30.2,79,593
30.2,79,594
30.2,79,595
30.2,79,596
30.2,79,597
30.2,79,598
30.2,79,599
30.2,79,600
30.2,79,601
30.2,79,602
30.2,79,603
30.2,79,604
30.2,79,605
30.2,79,606
30.2,79,607
30.2,79,608
30.2,79,609
30.2,79,610
30.2,79,611
30.2,79,612
30.2,79,613
30.2,79,614
30.2,79,615
30.2,79,616
30.8,78,617
30.8,75,618
30.8,77,619
30.8,75,620
30.8,75,621
30.8,75,622
30.8,78,623
30.8,75,624
30.8,76,625
30.8,75,626
30.8,73,627
30.8,74,628
30.8,75,629
30.8,75,630
30.8,74,631
30.8,73,632
30.8,75,633
30.8,74,634
30.8,77,635
31.3,76,636
31.3,75,637
31.3,77,638
31.3,77,639
31.3,78,640
31.3,78,641
31.3,76,642
31.3,75,643
31.3,76,644
31.3,77,645
31.3,76,646
31.3,76,647
31.3,75,648
31.3,74,649
31.3,74,650
30.8,74,651
30.8,75,652
30.8,75,653
30.8,75,654
30.8,75,655
30.8,75,656
30.8,75,657
30.8,75,658
30.8,75,659
30.8,75,660
30.8,75,661
30.8,76,662
30.8,77,663
30.8,75,664
30.8,75,665
30.8,75,666
30.8,76,667
30.8,76,668
31.3,76,669
31.3,76,670
31.3,75,671
31.3,76,672
31.3,76,673
31.3,75,674
31.3,75,675
30.8,75,676
30.8,75,677
30.8,75,678
30.8,75,679
30.8,75,680
30.8,74,681
30.8,74,682
30.8,72,683
30.8,72,684
30.8,73,685
31.8,74,686
32.8,75,687
29.3,71,688
28.9,71,715
28.9,71,708
28.9,71,753
28.9,71,758
28.9,72,747
28.9,72,754
28.9,72,750
28.9,72,692
28.9,73,763
29.9,74,702
30.9,75,691
31.9,76,705
32.9,77,696
33.9,78,721
34.9,79,720
35.9,80,729
14.9,81,750
15.9,82,700
16.9,83,732
17.9,84,765
18.9,85,709
19.9,86,752
20.9,68,760
21.9,69,770
22.9,70,718
23.9,71,721
24.9,72,726
25.9,73,739
26.9,74,718
27.9,75,728
28.9,76,759
28.9,74,766
28.9,72,764
28.9,72,775
28.9,73,782
28.9,73,709
28.9,72,769
28.9,72,768
28.9,72,766
28.9,72,728
28.9,72,776
28.9,72,742
29.3,72,688
29.3,72,717
28.9,72,714
28.9,72,760
28.9,72,741
28.9,72,698
28.9,72,751
29.9,73,1024
30.9,74,1024
31.9,75,1024
32.9,76,1024
33.9,77,1024
34.9,78,1024
35.9,79,1024
36.9,80,1024
25.3,70,0
25.3,69,1
25.3,70,2
25.3,70,3
25.3,70,4
25.3,70,5
25.3,70,6
25.3,70,7
25.3,70,8
25.3,69,9
25.3,70,10
25.3,70,11
25.3,70,12
25.3,71,13
25.3,70,14
25.3,70,15
25.3,70,16
25.3,70,17
25.3,70,18
25.3,70,19
25.3,70,20
25.3,70,21
25.3,70,22
25.3,70,23
25.3,70,24
25.3,70,25
25.3,71,26
25.3,71,27
25.3,71,28
25.3,71,29
25.3,71,30
25.3,71,31
25.3,71,32
25.3,71,33
25.3,71,34
25.3,71,35
25.3,72,36
25.3,71,37
25.3,72,38
25.3,71,39
25.3,71,40
25.3,71,41
25.3,71,42
25.3,71,43
25.3,71,44
25.3,71,45
25.3,71,46
26.3,72,47
27.3,73,48
28.3,74,49
22.9,81,50
23,81,51
23,81,52
23,81,53
23,83,54
23,81,55
23,81,56
23,81,57
23,82,58
23.4,84,59
23,82,60
23,84,61
23,82,62
23.4,81,63
23.4,81,64
23.4,81,65
23.4,81,66
23.4,81,67
23.4,80,68
23.4,80,69
60.1,66,70
23.4,81,71
23.4,80,72
23.4,81,73
23.4,81,74
23,81,75
23,81,76
23,81,77
23,81,78
24,82,45
25,83,46
26,84,47
27,85,48
28,86,49
23.8,78,748
23.8,78,753
23.8,79,776
23.8,78,793
23.8,78,738
23.4,77,745
23.4,79,792
23.4,80,735
23.4,80,748
23.4,79,798
23.4,80,768
23.4,80,793
23.4,80,750
23.4,80,794
23.8,80,762
23.4,79,758
23.4,79,745
23.4,79,768
23.4,79,797
23.4,79,799
23.4,79,725
23.4,78,763
23.4,78,798
23.4,79,798
23.4,78,757
23.4,79,797
23.8,79,776
23.8,78,794
23.8,78,756
23.8,77,752
23.8,77,739
23.8,78,760
23.8,77,796
23.8,77,750
23.4,77,796
23.4,77,747
23.4,77,750
23.4,78,793
24.1,79,761
24.1,79,758
24.5,79,765
24.5,79,788
24.5,78,801
24.5,78,780
24.5,78,747
24.5,78,758
24.5,78,774
24.5,78,841
24.5,78,835
24.5,78,837
24.5,77,842
24.5,77,840
24.5,77,860
24.5,78,869
24.5,78,831
24.5,78,826
24.5,77,847
24.5,77,860
24.8,77,842
24.8,77,737
24.8,77,787
24.5,77,754
24.5,77,801
24.8,77,840
24.8,77,841
24.5,77,838
24.5,77,836
24.5,77,866
24.5,77,833
24.5,77,860
24.5,77,836
24.5,77,825
24.5,77,860
24.5,77,834
24.5,77,826
24.5,77,855
24.2,77,848
24.1,77,836
24.1,78,861
24.1,78,834
24.1,78,857
24.1,78,829
24.1,78,848
24.1,78,845
24.1,78,840
24.1,78,836
24.1,78,869
24.1,78,826
24.1,78,833
24.1,78,846
24.1,78,823
24.1,79,825
24.1,79,829
24.5,79,847
24.5,78,859
24.5,78,831
24.5,77,805
24.5,77,823
24.5,77,813
24.5,77,846
24.5,77,705
24.5,77,749
24.5,77,729
24.5,77,747
24.5,77,722
24.5,77,762
24.5,77,711
24.5,77,786
24.5,77,730
24.1,11,865
24.1,77,843
24.1,77,845
24.5,77,841
24.5,77,842
24.5,77,847
24.5,76,846
24.5,76,868
24.5,76,838
24.5,76,862
24.5,76,833
24.5,76,849
24.5,77,836
24.5,77,848
24.5,77,841
24.5,77,864
24.5,77,846
24.5,77,848
24.5,77,850
25.5,78,858
23.8,98,824
23.8,80,822
23.8,73,840
23.8,73,824
23.8,73,824
23.8,73,845
23.8,73,823
23.8,73,821
23.8,73,831
23.8,73,814
23.8,73,723
23.8,73,726
23.8,73,816
23.8,73,843
23.8,73,836
24.1,72,820
23.8,72,763
23.8,72,706
23.8,72,828
23.8,72,821
23.8,72,818
24.1,72,821
24.1,72,811
24.1,72,833
23.8,72,848
24.1,72,810
24.1,73,822
24.1,72,814
24.1,72,837
24.1,72,818
24.1,72,822
23.8,72,820
24.1,72,842
24.1,72,826
24.1,72,829
24.1,72,823
24.1,72,841
24.1,72,853
24.1,72,820
24.1,72,813
24.1,72,762
24.1,72,742
24.1,72,727
24.1,72,745
24.1,72,774
24.1,72,765
24.1,72,718
24.1,72,721
24.1,72,734
24.1,72,740
24.1,72,759
24.1,72,720
24.1,72,738
24.1,72,728
24.1,72,720
24.1,72,740
24.1,72,720
24.1,72,775
24.1,72,735
24.1,72,748
24.1,72,774
24.1,72,734
24.1,71,749
24.1,71,728
24.1,71,723
24.1,72,738
24.1,72,735
24.1,71,768
24.1,71,738
24.1,71,759
24.1,71,749
24.1,71,717
24.1,71,735
24.1,71,727
24.1,71,733
24.1,71,740
24.1,71,766
24.1,71,763
24.1,72,735
24.1,72,732
24.1,71,730
24.1,72,748
24.1,71,712
24.1,71,727
24.1,71,773
24.1,71,773
24.1,71,742
24.1,72,741
24.1,71,769
24.1,71,729
24.1,71,753
24.1,71,708
24.1,71,760
24.1,71,717
24.1,71,740
24.1,71,735
24.1,71,773
24.1,72,774
24.1,71,708
24.1,72,735
24.1,72,716
24.1,72,768
22.6,71,842
22.6,71,833
22.6,71,789
23,71,794
23,70,800
23,71,813
23,70,835
23,70,835
23,69,796
23,69,674
23,70,680
23.4,70,668
23.4,69,729
23.4,70,716
23.4,70,720
23.4,70,750
23.4,69,722
23.4,69,746
23.4,69,696
23.4,70,702
23.4,70,712
23.4,69,715
23.4,69,709
23.4,69,722
23.4,69,727
23.4,69,834
23.4,69,797
23.4,69,816
23.4,69,807
23.4,69,810
23.4,69,812
23.4,69,833
23.4,70,762
23.4,69,776
23.4,69,744
23.4,69,810
23.4,69,796
23.4,70,796
23.4,70,806
23.4,69,758
23.4,69,713
23.4,69,685
23.4,69,718
23.4,70,685
23.4,69,746
23.4,69,686
23.4,69,675
23.4,69,685
23.4,69,741
23.7,69,726
23.4,69,709
23.4,69,756
23.4,70,713
23.4,70,727
23.5,70,686
23.5,70,725
23.4,70,715
23.8,70,722
23.8,70,738
23.8,70,736
23.8,70,713
23.4,69,769
23.4,69,712
23.4,69,756
23.8,69,740
23.8,69,727
23.8,69,768
23.4,70,712
23.4,70,754
23.4,69,768
23.4,69,746
23.4,69,762
23.4,69,738
23.4,69,735
23.4,69,768
23.4,70,736
23.4,70,758
23.4,70,730
23.4,70,748
23.4,71,712
23.4,70,722
23.4,70,716
23.4,70,758
23.4,70,766
23.4,70,725
23.4,70,772
23.4,71,715
23.4,71,737
23.4,71,741
23.4,71,748
23.4,71,752
22.6,71,761
22.6,71,716
22.6,71,715
23,71,776
23,71,716
23,71,760
23,70,726
23,70,742
23,70,749
23,70,805
23,71,730
23,71,727
23,72,729
23.4,71,759
23.4,70,794
23.4,70,787
23.4,69,749
23.4,70,807
23.4,70,741
23.4,70,786
23.4,70,782
23.4,70,754
23.4,70,757
23.4,70,747
23,70,742
23.4,70,758
23.4,70,879
23.4,71,841
23.4,71,866
23.4,71,844
23.4,70,820
23.4,70,834
23.4,69,867
23.4,69,855
23.4,69,871
23.4,69,873
23.4,69,833
23.4,69,831
23.4,69,838
23.4,69,870
23.4,69,835
23.4,69,838
23.4,69,808
23.4,69,807
23.4,69,778
23.4,69,675
23.4,69,676
23.4,69,712
23.4,69,831
23.4,69,822
23.4,69,830
23.4,69,802
23.4,69,794
23.4,69,837
23.4,69,806
23.4,69,833
23.4,69,806
23.4,69,823
23.4,69,834
23.4,69,852
23.4,69,727
23.4,70,728
23.4,69,729
23.4,69,865
23.4,69,864
23.4,69,826
23.4,69,829
23.4,69,832
23.4,69,856
23.4,69,860
23.4,69,843
23.4,69,832
23.4,69,834
23.4,69,860
23.4,69,857
23.4,69,834
23.4,69,855
23.4,69,830
23.4,69,843
23.4,69,840
23.4,69,860
23.4,69,844
23.4,75,840
23.4,73,834
23.4,73,842
23.4,73,819
23.4,73,831
23.4,73,821
23.4,72,855
23.8,73,837
23.8,72,825
23.8,71,842
23.8,71,840
23.8,71,821
23.8,69,855
23.8,69,826
23.8,69,825
23.8,70,857
23.8,70,829
23.8,69,822
23.8,69,848
23.8,71,836
23.8,70,823
23.8,71,820
23.8,71,825
23.8,71,846
23.8,71,826
23.8,70,852
23.8,70,820
23.8,69,852
23.8,69,853
23.8,69,824
23.8,69,843
23.8,69,843
23.8,69,847
23.8,69,847
23.8,69,820
23.8,69,821
23.8,69,846
23.8,69,832
23.8,69,842
23.8,68,856
23.8,68,845
23.8,67,835
23.8,68,845
23.8,69,831
23.8,68,820
23.8,69,824
23.8,69,849
23.8,69,864
23.8,69,841
23.8,69,860
23.8,70,861
23.8,69,852
23.8,69,822
23.8,69,852
23.8,69,829
23.8,69,828
23.8,69,862
23.8,69,822
23.8,69,836
23.8,69,860
23.8,69,821
23.8,69,858
23.8,69,828
23.8,69,773
23.8,69,783
23.4,69,782
23.4,69,718
23.8,69,736
23.8,69,734
23.8,70,781
23,77,848
23,77,822
23,76,849
23.4,75,820
23.4,75,843
23.4,74,849
23.4,74,853
23.4,74,852
23.4,75,843
23.8,74,829
23.8,74,844
23.8,73,814
23.8,74,832
23.8,74,814
23.8,75,841
23.8,75,820
23.8,75,848
23.8,75,830
23.8,75,811
23.8,74,835
24.1,75,849
24.1,75,843
21,69,800
21,69,817
21,70,828
21,70,843
21,70,817
21,69,824
21,69,822
21,69,856
21,69,824
21,69,834
21,69,855
21,68,834
21,69,835
21,69,881
21,69,912
21,68,876
21,70,768
21,70,764
21,69,793
21,69,793
21.4,69,793
21.4,69,782
21.4,69,769
21.4,67,786
21.4,66,762
21.4,66,792
21.4,68,785
21.4,68,776
21.4,67,759
21.4,66,783
21.4,66,763
21.4,66,808
21.4,66,784
21.4,67,796
21.4,68,800
21.4,68,768
21.4,67,773
21.4,66,771
21.4,65,788
21.4,64,808
20.6,70,773
20.6,70,847
20.6,70,822
20.6,70,855
20.6,70,866
20.6,70,854
20.6,70,853
20.6,70,858
20.6,70,876
21,69,843
21,69,847
21,69,881
21,69,860
21,68,848
21,69,881
20.6,70,859
20.6,70,880
20.6,70,877
20.6,70,859
20.6,70,846
20.6,69,855
20.6,70,861
20.6,69,873
20.6,69,866
20.6,69,873
20.6,69,895
20.6,69,885
20.6,69,886
20.6,69,876
20.6,69,888
20.6,69,893
20.6,69,876
20.2,69,890
20.2,69,912
20.2,69,888
20.2,69,895
20.2,69,896
20.6,69,888
20.6,69,886
20.6,69,886
20.6,69,908
20.6,69,888
20.6,69,892
20.6,69,886
20.6,70,883
20.6,70,824
20.6,69,782
18.2,70,618
18.2,70,678
18.2,70,596
18.6,70,522
19.6,71,475
20.6,72,753
21.6,73,772
22.6,74,738
19.4,68,799
19.4,65,853
19.4,65,841
19.4,65,860
19.8,65,825
19.8,65,860
19.8,64,753
19.8,65,842
19.8,65,831
19.8,64,826
19.8,65,822
19.8,64,900
20.2,64,849
20.2,64,849
20.2,63,840
20.2,63,857
20.2,64,818
20.2,64,841
20.2,63,830
20.2,63,842
20.2,63,849
20.2,63,833
20.2,63,855
20.2,71,855
20.2,71,858
20.2,70,856
20.2,70,859
20.3,70,861
20.6,71,853
20.2,71,879
20.2,71,889
20.2,71,871
20.2,71,885
20.2,71,890
20.2,71,855
20.2,71,892
20.6,71,878
20.6,71,868
20.6,71,867
20.6,71,869
20.6,71,857
20.6,71,888
20.6,71,876
20.6,71,856
20.6,71,858
18.2,72,692
18.2,72,684
18.2,72,693
18.2,71,729
18.2,71,675
18.2,70,693
18.2,72,675
18.3,71,736
18.6,71,663
18.6,70,694
18.2,70,692
18.2,70,716
18.6,66,741
18.6,70,667
19.8,70,842
19.8,70,831
19.8,70,831
19.8,70,818
19.8,70,841
20.2,70,842
20.2,70,859
20.2,70,824
20.2,70,866
20.2,70,868
20.2,70,832
20.2,70,845
20.2,69,867
20.2,69,858
20.2,69,825
20.2,69,832
20.2,69,860
20.2,69,868
20.2,69,855
20.2,69,951
20.2,70,822
20.2,69,832
21.8,73,691
21.8,73,702
21.8,73,740
21.8,73,696
21.8,73,762
21.8,73,692
21.8,73,754
22.2,73,721
22.2,73,741
22.2,73,694
22.2,72,701
22.2,73,664
22.2,73,627
22.2,73,580
21.8,73,591
22.8,74,475
21.8,75,720
19.2,76,512
20.2,77,569
21.2,78,810
22.2,79,793
22.2,80,801
22.2,81,835
22.2,82,812
23.2,83,552
22.6,73,826
22.6,73,601
22.6,73,824
22.6,73,830
22.6,73,818
22.6,73,785
22.6,73,834
22.6,73,828
22.7,72,812
22.6,73,796
22.7,73,843
22.6,73,835
22.6,73,694
22.6,73,847
22.7,72,824
22.7,72,794
22.6,72,816
22.7,72,826
20.6,78,816
26.2,59,878
26.2,59,546
24.8,59,564
24.8,59,541
24.5,59,536
25.3,58,555
26.2,58,480
26.2,58,517
26.2,58,550
22.2,73,866
22.2,73,869
22.3,74,885
22.2,86,718
22.2,87,760
22.2,88,718
22.2,86,735
22.2,85,737
22.2,85,749
22.2,86,778
22.6,86,740
22.6,86,769
22.6,85,729
22.6,85,744
22.6,85,782
22.6,85,727
22.6,85,712
22.6,85,722
22.6,85,721
22.6,84,732
22.6,84,727
22.6,83,782
23,82,768
21.8,88,728
21.8,88,730
21.8,88,718
22.2,88,722
22.2,88,727
22.2,89,732
22.2,88,738
22.2,87,777
22.6,87,721
22.6,88,766
22.6,88,763
22.6,87,739
22.6,86,758
22.6,86,746
22.6,86,728
22.6,86,736
22.6,85,744
22.6,85,740
22.6,86,773
22.6,86,774
22.6,86,717
22.6,86,722
22.6,86,721
22.6,85,720
22.6,86,748
22.6,86,768
22.6,85,736
22.6,82,727
22.6,82,729
22.6,84,753
22.6,84,734
22.6,85,749
22.6,85,781
22.6,85,765
22.6,85,741
22.6,85,718
22.6,85,736
22.6,85,722
22.6,85,785
22.6,85,820
22.6,85,817
22.6,85,821
22.6,85,814
22.6,84,812
22.6,84,834
22.6,85,832
22.6,85,852
22.6,84,835
22.6,84,820
22.6,84,855
22.6,82,812
22.6,84,854
22.6,85,826
21,75,842
21,77,831
21.1,77,848
21.4,77,807
21.4,76,833
21.4,76,843
21.4,76,814
21.4,76,847
21.4,76,814
21.4,76,814
21.4,76,720
21.4,76,746
21.4,75,780
21.4,75,836
21.4,76,813
21.8,77,833
21.8,77,842
21.8,76,810
21.8,75,820
21.8,74,845
21.8,74,813
21.8,74,811
21.8,74,813
21.8,74,811
21.8,74,814
21.8,74,941
21.8,74,812
21.8,74,806
21.8,75,818
21.8,75,817
21.8,74,820
21.8,74,818
21.8,74,849
21.8,74,812
21.8,75,805
21.8,75,848
21.8,74,810
21.8,74,845
21.8,74,814
21.8,74,834
21.8,74,813
21.8,74,848
21.8,74,832
21.8,73,818
22.2,73,825
22.2,74,843
21.8,74,840
21.8,74,807
21.8,74,814
21.8,74,813
21.8,74,814
21.8,74,832
21.8,74,807
21.8,74,816
21.8,74,813
22.2,74,807
22.2,74,814
22.2,74,824
22.2,74,849
22.2,74,820
21.9,74,846
22.6,72,667
22.6,73,823
22.6,73,788
22.6,72,800
22.6,72,823
22.6,72,796
22.6,72,794
22.6,72,801
22.6,72,794
22.6,73,824
22.6,73,798
22.6,72,805
22.6,73,799
22.6,73,832
22.6,73,812
22.6,73,807
22.6,73,833
22.6,73,806
22.6,73,819
22.6,73,807
22.6,73,788
22.6,73,825
22.6,73,802
22.6,73,832
23,74,820
23,74,788
23,74,824
23,74,833
23,73,823
23,73,821
23,73,798
23,73,808
23,73,840
23,73,810
23,73,832
23,73,841
22.7,73,806
23,74,800
23,74,795
23,73,821
22.6,73,843
22.8,74,802
23,74,818
23,73,810
22.6,73,824
22.6,73,814
23,76,802
23,74,814
23,73,840
23,73,843
23,73,841
23,73,807
23,73,841
23,73,823
23,73,796
23,73,841
23,73,804
23,73,816
23,73,841
23,73,801
23,73,811
23,72,805
23,72,802
23,72,812
23,73,830
23.4,73,833
23.4,73,797
23.4,72,812
23.4,72,806
23.4,73,805
23.4,73,831
23.4,72,810
23.4,72,817
24.1,71,833
24.1,72,813
24.1,72,841
24.5,72,831
24.5,71,828
24.6,71,817
24.8,69,812
24.8,70,802
24.8,69,795
24.8,69,806
24.8,70,841
24.8,70,831
24.5,69,801
24.5,69,822
24.8,69,801
24.8,70,842
24.8,70,821
24.8,69,841
24.8,70,816
24.8,70,812
25.3,70,831
25.3,70,800
25.3,70,841
25.3,69,798
25.3,69,832
25.3,69,798
24.8,70,821
24.8,70,806
24.8,70,832
24.8,71,798
24.8,70,825
24.8,70,823
25.3,69,814
25.3,69,842
24.8,70,798
24.8,69,806
24.8,70,807
24.8,69,834
25.3,69,819
25.3,69,818
25.3,69,798
25.3,69,806
25.3,69,820
25.8,69,808
25.8,69,813
25.3,69,821
25.3,69,798
25.3,69,805
25.3,69,829
25.8,69,807
25.8,69,808
25.3,69,800
25.3,69,832
25.3,69,807
25.3,70,800
25.3,69,807
25.8,69,801
25.8,69,807
25.8,70,825
25.8,69,806
25.8,69,818
25.3,69,805
26.3,70,775
27.3,71,705
23,77,756
23.4,77,728
23.3,76,729
23,75,729
23,75,715
23,75,759
23,75,714
23,75,766
23,75,736
23,75,717
23,75,712
22.7,75,765
22.6,75,760
23,76,721
23,76,728
23,75,720
23,75,714
23,75,705
23,75,756
23,75,726
23,75,715
23,75,726
23,75,744
23,75,711
23,76,721
23,76,753
23,76,734
23,75,706
23,75,708
23,76,725
23,76,720
23,76,720
23,75,734
23,75,745
22.7,75,750
23,75,716
23,75,765
23,75,745
23,75,728
23,75,816
23,75,856
23,76,847
23,76,835
23,76,860
23,75,811
23,77,835
23,76,823
23.4,77,811
23.4,75,831
23.4,75,805
23.4,74,826
23.4,74,814
23.4,73,807
23.4,74,831
23.4,73,848
23.4,75,834
23.8,74,835
23.8,74,820
23.8,74,842
23.8,74,805
23.8,73,826
23.8,73,855
23.8,73,843
24.1,73,816
23.8,73,850
23.8,73,857
23.8,73,856
23.8,73,826
23.8,73,853
23.8,73,845
23.8,73,845
23.8,73,822
23.8,73,812
23.8,73,806
23.8,73,800
24.1,73,831
24.1,73,818
24.1,73,845
24.1,73,813
23.8,73,806
23.8,73,816
23.8,73,840
23.8,73,828
23.8,73,814
23.8,73,809
23.8,73,833
24,73,856
24.1,73,812
24.1,73,856
24.1,73,810
24.1,73,825
24.1,73,836
24.1,72,812
24.1,72,820
24.1,72,820
24.1,72,842
24.1,72,814
24.1,72,829
23.4,77,837
23.4,77,802
23.8,77,834
23.8,77,812
23.8,76,832
23.8,76,825
23.8,77,760
24.1,76,706
24.1,75,722
24.1,75,747
24.1,75,758
24.1,75,769
24.1,75,758
24.1,74,721
24.1,74,760
24.1,74,732
24.1,74,729
24.1,74,710
24.1,74,770
24.1,74,703
24.1,74,720
24.1,74,745
24.1,74,726
24.1,74,749
24.1,75,716
24.1,75,732
24.1,74,776
24.1,74,757
24.1,75,734
24.1,75,738
24.1,75,729
24.1,74,733
24.1,76,721
24.1,76,744
24.1,76,714
24.1,76,737
24.1,76,736
24.1,75,729
24.1,75,723
24.1,74,748
24.1,74,768
24.1,74,716
24.1,74,773
24.1,74,720
24.2,74,754
24.5,74,765
24.5,73,771
24.5,73,711
24.5,74,777
24.1,73,770
24.1,74,746
24.1,74,773
24.1,74,746
24.1,73,720
24.5,73,740
24.2,73,776
24.1,74,773
24.1,75,766
24.1,75,720
24.1,76,709
24.1,75,768
24.1,75,703
24.1,75,725
24.1,75,773
24.1,77,738
24.5,77,723
24.5,76,714
24.1,75,774
24.1,74,774
24.2,75,703
24.5,75,762
24.5,76,774
18.6,74,735
18.6,74,702
18.6,74,708
18.6,73,732
18.6,73,748
18.6,73,738
18.6,73,701
18.6,73,721
18.6,73,720
18.6,73,702
18.6,73,728
18.6,73,717
18.6,73,715
18.6,73,722
18.6,73,739
18.6,73,703
18.6,72,736
18.6,72,768
18.6,72,709
18.6,72,720
18.6,73,721
18.6,73,734
18.6,73,700
19,73,710
19,73,696
18.8,73,768
19,73,735
19.8,84,786
19.8,86,774
19.8,86,741
19.8,86,793
19.8,85,780
20.2,85,775
20.2,84,780
20.2,84,754
20.2,84,800
20.2,85,749
20.2,83,802
20.2,82,742
20.2,82,817
20.2,82,824
20.2,82,834
20.2,82,859
20.2,82,829
20.2,82,864
20.2,82,860
20.2,81,850
20.2,81,866
20.2,81,824
20.2,81,830
20.2,81,817
20.2,81,861
20.2,81,738
20.2,80,745
20.2,80,738
20.2,80,744
20.2,81,794
20.2,80,736
20.2,80,773
20.2,81,760
20.2,81,768
20.2,81,747
20.2,81,774
20.2,81,748
20.2,81,746
20.2,81,782
20.2,81,800
20.2,81,784
20.2,82,754
20.2,82,769
20.2,81,782
20.2,81,756
20.3,82,754
20.6,82,741
20.6,82,775
20.6,82,740
20.6,82,749
20.6,82,842
20.6,82,825
20.6,82,849
20.6,81,832
20.6,80,825
20.6,80,821
20.6,80,848
20.6,80,745
20.6,80,785
20.6,80,798
20.2,80,749
20.6,80,774
20.6,80,750
20.6,79,797
20.6,79,752
20.6,79,788
20.2,79,776
20.2,79,736
20.2,80,798
20.2,80,738
20.2,80,762
20.2,80,739
20.2,80,736
20.2,80,735
20.2,80,795
20.2,79,787
20.2,79,756
20.2,80,792
20.6,79,764
20.2,79,749
20.2,80,746
20.2,80,798
20.2,80,741
20.2,80,756
20.2,79,766
20.2,79,775
20.2,79,780
20.2,79,745
20.2,79,769
20.2,80,788
20.6,80,750
21.8,70,843
21.8,71,885
21.8,71,865
21.8,71,865
21.8,71,859
21.8,71,841
21.8,71,878
21.8,71,841
21.8,71,867
22.8,72,976
23.8,73,842
24.8,74,726
25.8,75,691
26.8,76,710
27.8,77,701
28.8,78,842
29.8,79,853
30.8,80,849
31.8,81,865
32.8,82,844
33.8,83,800
33.8,38,849
33.2,37,846
28.5,45,867
25.8,53,627
24.1,58,428
23.8,62,355
23,63,364
23,63,352
22.6,65,974
20.6,80,861
20.6,81,878
21,81,842
21,81,835
21,81,113
21.8,71,316
21.8,70,1024
22.2,67,871
22.3,69,866
19.4,82,812
19.4,82,329
19.4,82,847
19.4,80,852
19.4,82,835
19.4,82,840
19.5,82,832
19.8,82,927
19.4,82,825
19.4,82,836
19.4,82,806
19.4,82,834
19.8,82,868
19.8,82,874
19.8,82,336
20.2,79,351
20.2,76,704
21.4,73,798
21.4,73,845
21.4,73,796
21.4,72,835
21.4,72,840
21.4,72,798
21.4,71,818
21.4,72,833
21.8,72,806
21.8,72,806
21.8,72,843
21.8,72,809
21.8,72,811
21.8,72,801
21.8,71,796
21.8,71,814
21.8,71,797
21.8,71,786
21.8,71,811
21.8,71,840
22.8,69,1024
23.8,69,849
24.8,70,848
25.8,71,849
26.8,72,543
27.8,73,487
27.6,67,482
28,64,502
25.8,60,379
25.8,60,421
25.8,58,377
26.8,59,376
27.8,60,384
27.1,58,388
27.1,57,389
27.1,56,382
22.2,70,877
22.2,71,900
22.2,73,876
22.2,73,867
22.2,73,866
22.2,73,876
22.2,73,860
22.2,73,858
22.2,73,860
22.2,73,858
22.2,74,870
22.2,74,866
22.2,73,866
22.2,74,890
22.6,74,871
22.6,74,865
22.6,74,874
22.6,75,879
22.6,74,861
22.6,75,865
22.6,74,870
22.6,75,861
22.6,75,859
22.6,74,860
22.6,74,874
22.6,74,869
22.6,74,857
22.6,74,888
22.6,74,868
22.6,74,865
22.6,74,878
22.6,74,856
22.6,74,856
22.6,74,880
22.6,74,880
22.6,74,866
22.6,74,860
22.6,75,865
22.6,75,860
22.6,75,856
22.6,74,878
22.6,75,865
22.6,75,877
22.6,75,868
22.6,75,866
22.6,75,889
22.6,75,859
22.6,74,873
22.6,74,890
22.6,73,864
22.6,74,862
22.6,74,861
22.6,74,857
22.6,74,859
22.6,74,888
22.6,74,890
22.6,74,889
22.6,74,868
22.6,74,867
22.6,75,884
22.6,75,865
22.6,75,871
22.6,75,878
22.6,75,858
22.6,75,865
22.6,74,883
22.6,74,857
23.6,75,951
21.4,76,933
21.4,86,1024
21.4,85,1024
21.4,82,1024
21,81,692
21,81,689
26.2,73,653
26.7,73,627
26.7,74,684
26.7,73,624
26.7,72,614
26.7,72,689
26.7,71,649
26.7,72,691
26.7,72,685
26.7,71,644
27.1,84,636
27.1,85,662
28.1,86,749
29.1,87,578
30.1,88,855
31.1,89,861
28.5,93,812
28.5,91,888
28,84,734
28,81,676
27.6,83,992
27.6,84,629
27.6,84,615
27.6,84,598
27.6,84,653
27.6,84,850
28,83,869
27.6,81,819
27.6,81,890
27.6,81,835
28,80,825
28,80,818
28,80,836
28,80,811
29,81,692
26.7,82,852
26.7,82,717
26.7,82,627
26.2,79,714
27.2,80,821
24.8,75,858
24.8,75,907
25.3,75,933
25.3,75,913
25.3,74,884
25.3,74,873
25.3,73,893
25.3,73,869
25.3,73,874
25.3,73,878
25.3,74,869
25.3,74,893
25.8,73,871
25.8,74,876
25.8,74,893
25.8,74,880
25.8,74,884
25.8,73,868
25.8,74,877
25.8,73,876
25.8,73,878
25.8,73,873
25.8,73,982
25.8,73,307
25.8,70,389
25.8,69,879
26.8,70,825
27.8,71,841
25.3,74,797
25.3,74,904
25.3,73,849
25.3,73,808
25.8,73,826
25.8,73,846
25.8,73,833
25.8,73,825
25.8,73,847
25.8,73,890
25.8,73,824
25.8,73,822
25.8,73,848
25.8,72,812
25.8,73,831
25.8,73,841
25.8,73,822
25.8,73,847
25.8,73,824
25.8,73,820
25.8,73,845
25.8,72,816
25.8,72,811
25.8,72,488
26.2,66,904
26.2,68,802
26.2,70,917
26.2,71,261
26.2,66,944
27.1,66,931
28.1,67,814
29.1,68,846
27.1,69,852
27.1,69,856
26.7,69,898
26.7,70,794
27.7,71,637
28.7,72,634
26.7,70,865
26.7,70,724
26.7,69,317
27.6,70,614
27.6,70,1024
27.6,69,1024
27.6,69,1024
27.6,69,1024
27.6,69,1024
28,68,1024
28,67,1024
28,67,1024
28,67,1024
28,67,1024
28,66,1024
28,66,1024
28,67,1024
28,67,1024
28,67,1024
28,67,1024
28,67,1024
28,67,1024
28,67,1024
28,67,1024
28,67,1024
28.4,67,1024
28.5,66,1024
28.5,66,1024
28.5,66,1024
28.5,66,1024
28.5,66,1024
28.5,66,1024
28.5,66,662
28,78,619
28,78,665
28,78,624
28,78,652
28,77,710
28,77,691
28,76,642
28.5,76,628
28.5,76,682
28.5,76,673
28.5,76,628
28.5,76,615
28.5,75,625
28.5,75,644
29.4,52,624
29.6,53,313
29.8,46,317
30.2,41,374
26.2,58,602
26.2,59,644
26.4,51,620
26.7,49,980
26.7,49,607
26.7,48,600
26.7,48,610
26.7,48,607
27.1,48,640
27.1,48,620
27.1,48,618
27.1,48,664
27.1,48,676
27.1,48,653
27.1,48,615
27.1,49,604
27.1,49,637
27.1,49,670
27.6,49,648
27.6,49,663
27.6,49,622
27.6,50,614
27.6,48,620
27.6,49,662
27.6,49,604
27.6,49,627
27.6,49,618
27.6,49,633
27.6,49,601
27.6,49,628
27.6,49,604
27.7,49,616
28,49,613
28,49,670
28,49,645
28,49,602
28,49,646
29,50,725
30,51,710
31,52,735
32,53,804
33,54,794
34,55,798
35,56,817
36,57,814
29.3,58,789
30.3,59,816
31.3,60,777
32.3,61,768
33.3,47,764
33.3,48,812
32.8,49,813
32.8,49,797
32.8,49,814
32.8,49,788
32.8,48,775
32.8,48,810
32.8,48,772
32.8,49,780
32.8,49,769
32.8,49,776
32.8,49,775
32.8,49,788
32.8,49,769
33.3,48,768
33.3,48,766
33.3,49,771
33.3,49,801
33.3,48,818
33.3,48,814
33.3,47,817
33.3,47,805
33.3,48,773
33.3,50,798
33.3,48,738
33.3,48,744
33.3,48,741
33.3,48,720
33.3,48,712
33.3,49,674
33.3,48,718
33.3,48,664
33.3,48,735
33.3,49,665
33.3,49,668
33.3,49,705
33.3,49,716
33.3,49,715
33.3,49,687
33.3,49,705
33.3,49,713
33.3,49,810
33.3,49,682
33.3,48,691
33.3,49,729
33.3,49,694
33.3,49,687
33.3,49,696
33.3,49,738
33.3,49,732
33.3,49,753
33.3,49,715
33.3,49,722
33.3,49,720
33.3,49,734
33.3,49,687
33.3,49,715
33.3,49,805
33.3,49,802
33.3,49,788
33.3,49,778
33.3,49,781
33.3,49,824
33.3,49,813
33.3,49,787
33.3,48,740
33.3,49,749
33.3,48,774
33.3,48,750
33.3,48,750
33.3,48,740
33.3,48,711
33.3,48,721
33.3,48,703
33.3,48,686
33.3,48,741
33.3,48,696
33.3,48,792
33.3,48,783
33.3,48,814
33.3,48,788
34.3,49,819
33.3,48,830
33.3,48,817
33.3,48,811
33.3,48,816
33.3,48,811
33.3,48,823
33.3,48,800
32.8,49,806
32.8,49,811
32.8,49,802
32.8,49,805
32.8,49,784
32.8,49,825
32.8,49,812
32.8,49,811
32.8,49,787
32.8,49,784
32.8,49,782
32.8,49,800
32.8,49,783
32.8,49,780
32.8,49,788
32.8,49,793
32.8,49,796
33.2,48,787
33.3,48,830
33.3,48,796
33.3,48,826
33.3,48,821
33.3,48,798
33.3,48,793
34.3,49,805
35.3,50,784
36.3,51,813
37.3,52,802
38.3,53,825
23.8,54,782
24.8,55,762
25.8,56,765
26.8,57,740
27.8,58,775
28.8,59,806
29.8,60,798
30.8,61,812
31.8,62,797
32.8,63,800
33.8,57,797
33.8,57,762
33.3,56,759
33.3,56,788
33.3,56,746
32.8,58,766
32.8,58,774
32.8,58,756
32.8,58,770
32.8,58,758
32.8,58,759
32.8,58,786
32.8,58,759
32.8,58,790
32.8,58,753
32.8,58,754
32.8,58,798
32.8,58,777
32.8,58,784
32.8,58,760
32.8,58,796
32.8,58,807
32.8,58,788
32.8,59,780
32.8,58,801
32.8,59,759
32.8,59,773
33.2,58,775
33.3,57,806
33.3,57,801
33.3,57,798
33.3,57,806
33.3,57,766
33.3,57,778
33.3,57,787
33.3,58,805
33.3,58,774
33.3,58,782
33.3,58,781
33.3,58,774
33.3,58,806
33.3,58,763
33.3,58,780
33.3,58,778
33.3,59,792
33.3,59,781
33.3,59,760
33.3,59,783
33.3,59,804
33.3,59,777
33.3,59,774
33.3,59,801
33.3,59,787
33.3,59,769
33.3,59,777
33.3,59,764
33.3,59,769
33.3,59,787
33.3,59,788
33.3,59,782
33.3,59,769
33.3,59,770
33.3,59,760
33.3,59,805
33.3,59,776
33.3,59,782
33.3,59,795
33.3,59,769
33.3,59,797
33.3,59,806
33.3,59,806
33.3,59,765
33.3,59,759
33.3,59,777
33.3,59,769
33.3,59,776
33.3,59,801
33.3,59,774
33.3,59,763
33.3,59,763
33.3,59,765
33.3,59,773
33.3,60,782
33.3,59,794
33.3,60,802
33.3,60,784
33.3,60,814
34.3,61,681
35.3,62,668
36.3,63,717
37.3,64,665
38.3,65,742
39.3,66,754
28.3,67,662
29.3,68,289
30.3,69,783
31.3,70,267
32.3,71,681
33.3,66,814
33.3,61,817
32.8,57,841
32.8,58,846
32.3,58,833
32.3,58,847
32.3,58,812
32.3,59,780
32.3,59,747
32.3,59,732
32.3,59,739
32.3,60,752
31.8,61,725
32.3,60,750
32.3,60,722
31.8,60,730
31.8,61,760
31.8,61,749
31.8,62,748
31.8,62,768
31.9,62,753
32.3,62,753
32.3,62,747
32.3,63,738
32.3,64,727
32.3,64,766
32.3,65,745
29.3,62,654
29.3,63,821
29.3,63,820
29.8,63,796
29.8,62,794
29.3,63,768
29.3,63,769
29.3,63,777
29.3,63,796
29.3,64,794
29.3,63,768
29.3,63,763
29.3,63,794
29.3,62,785
29.3,63,773
29.3,63,759
29.3,63,821
29.3,63,769
29.3,63,770
29.3,63,766
29.3,63,795
29.3,63,794
29.3,63,758
29.3,63,777
29.8,65,648
28.9,60,622
28.9,60,690
28.9,61,661
28.9,60,717
28.9,60,646
28.9,60,712
29.3,60,701
29.3,59,663
29.3,59,657
29.3,59,655
29.3,59,715
29.3,60,675
29.3,59,658
29.3,59,722
29.3,59,654
29.3,58,684
29.3,58,655
29.3,58,675
29.3,58,727
29.3,58,655
29.3,59,720
29.3,58,724
29.3,58,722
29.3,58,657
29.3,58,663
29.3,58,653
29.3,58,694
29.3,58,693
29.3,59,713
29.3,59,722
29.3,59,685
29.3,59,722
29.3,59,665
29.3,59,701
29.3,61,708
29.3,60,666
29.3,60,673
29.3,60,681
29.3,60,696
29.3,60,777
29.3,60,762
29.3,60,795
29.3,60,786
29.8,59,801
29.8,60,782
29.8,60,786
29.8,60,768
29.8,60,782
29.8,60,798
29.8,61,756
29.8,60,775
29.8,60,785
29.8,60,778
29.8,60,788
29.8,60,782
29.8,59,766
29.8,59,759
29.8,59,760
29.8,59,769
29.8,60,746
29.8,60,765
29.8,60,754
29.8,60,754
27.1,71,784
27.1,71,973
27.1,70,652
26.7,69,484
26.7,69,442
25.7,69,389
26.7,70,801
26.7,70,676
32.2,52,814
33.2,53,702
34.2,54,727
34.2,55,738
28.8,63,665
29.8,64,686
30.8,65,722
31.8,66,724
32.8,67,646
33.8,68,710
33.8,68,688
33.8,67,740
33.9,67,732
34.2,67,708
34.2,67,692
34.2,67,702
34.2,66,726
34.2,66,675
34.2,66,675
34.2,66,664
34.2,66,712
34.2,66,692
34.2,66,716
34.2,66,665
34.2,66,658
34.2,66,512
34.2,66,569
34.2,66,517
35.2,67,542
34.2,66,606
34.2,66,608
34.2,66,606
34.2,66,574
34.2,66,552
34.2,66,567
34.2,65,556
34.2,65,572
35.2,62,786
35.2,62,763
35.2,62,744
35.2,62,768
35.2,62,465
36.2,63,452
35.6,67,461
35.6,66,746
35.6,65,733
35.6,65,583
35.6,65,554
