dhtTemp,dhthum,LDR value,pressure,altitude,rainValue,rainStatusNum
30.2,79,687,1008.62531,28.16959,999,1
29.8,77,688,1008.61737,28.23564,404,0
29.9,78,715,1008.62201,28.19682,506,1
30.8,80,708,1008.61108,28.28807,585,1
31.3,81,753,1008.59741,28.40253,584,1
32.3,82,758,1008.58484,28.5074,566,1
29.3,75,747,1008.59003,28.46404,562,1
28.9,76,754,1008.58875,28.47513,564,1
25.3,73,750,1008.57733,28.57043,568,1
22.9,74,692,1008.57971,28.55026,578,1
23,72,763,1008.56232,28.69597,586,1
23.4,73,702,1008.5639,28.68287,595,1
60.1,71,691,1008.54663,28.82707,427,0
23.8,70,705,1008.52075,29.04338,510,1
24.1,69,696,1008.53204,28.94909,534,1
24.5,83,721,1008.52344,29.02069,590,1
24.8,84,720,1008.51331,29.1054,632,1
24.2,66,729,1008.48407,29.34996,615,1
22.6,11,700,1008.4422,29.69991,665,1
23.7,98,732,1008.43628,29.74933,702,1
23.5,68,765,1008.40369,30.02214,750,1
21,67,709,1008.39502,30.09425,785,1
21.4,65,752,1008.367,30.32874,801,1
20.6,64,760,1008.34564,30.50726,813,1
20.2,63,770,1008.34924,30.477,833,1
18.2,59,718,1008.34985,30.47196,852,1
18.6,58,726,1008.32843,30.65099,868,1
19.4,86,739,1008.26202,31.20624,871,1
19.8,87,728,1008.27045,31.13614,453,0
20.3,88,759,1008.23248,31.45337,694,1
18.3,85,766,1008.23279,31.45085,756,1
21.8,89,764,1008.22162,31.54415,830,1
22.2,38,775,1008.21075,31.63494,856,1
22.7,37,782,1008.18701,31.83365,874,1
26.2,45,769,1008.16656,32.00463,880,1
22.3,53,768,1008.14709,32.16755,895,1
21.1,62,776,1008.12872,32.32088,898,1
21.9,60,742,1008.11938,32.39906,885,1
22.8,57,717,1008.10596,32.51154,907,1
24.6,56,714,1008.06525,32.85151,924,1
25.8,93,741,1008.04498,33.021,932,1
23.3,91,698,1008.02704,33.17131,945,1
24,52,751,1008.0094,33.31861,952,1
19,46,1024,1007.96381,33.69997,960,1
18.8,41,0,1007.93976,33.90125,473,0
33.8,51,5,1007.90393,34.2009,476,0
33.2,49,4,1007.8764,34.43095,597,1
28.5,48,10,1007.86133,34.55707,773,1
19.5,50,6,1007.84265,34.71347,740,1
27.6,47,45,1007.82935,34.82446,832,1
28,48,748,1007.80951,34.99044,882,1
27.1,61,793,1007.76477,35.3648,896,1
26.7,54,738,1007.74341,35.54341,913,1
28.4,55,745,1007.70685,35.84917,914,1
29.4,56,792,1007.6864,36.02021,921,1
29.6,57,735,1007.6933,35.96269,926,1
26.4,82,798,1007.65845,36.25383,940,1
27.7,76,794,1007.64081,36.40167,951,1
33.3,73,762,1007.59717,36.76649,963,1
32.8,72,797,1007.56409,37.04353,805,1
33.8,71,799,1007.54749,37.1823,948,1
32.3,68,725,1007.52576,37.36396,968,1
31.8,69,757,1007.53674,37.27212,975,1
31.9,70,756,1007.52075,37.40585,987,1
34.2,71,796,1007.4986,37.59155,997,1
33.9,72,761,1007.47931,37.75253,1004,1
35.2,73,788,1007.46173,37.89989,1013,1
35.6,61,801,1007.42578,38.20068,1022,1
34.7,58,780,1007.39526,38.45604,1024,1
38.5,54,774,1007.39642,38.44595,682,1
38.6,60,841,1007.37622,38.61502,867,1
39,63,835,1007.35864,38.76239,879,1
39.2,65,837,1007.31189,39.15354,897,1
39.5,63,842,1007.26593,39.53814,942,1
28.7,64,840,1007.23273,39.81575,451,0
35.5,62,860,1007.22015,39.92125,941,1
35.4,63,869,1007.19843,40.10296,262,0
34,62,831,1007.18237,40.23723,807,1
32.6,64,826,1007.1358,40.62692,825,1
31.4,65,847,1007.12061,40.75413,843,1
30.1,66,737,1007.11725,40.78239,949,1
29.7,67,787,1007.07928,41.09992,956,1
30.3,68,838,1007.05725,41.28418,972,1
30.6,69,836,1007.01111,41.67037,988,1
32.7,70,866,1007.01208,41.66229,1003,1
31.07,73.7,833,1006.96295,42.07375,1009,1
31.04,67.61,825,1006.92584,42.38424,1014,1
31.01,68.08,834,1006.76154,43.75961,1017,1
30.99,67.17,855,1006.73767,43.95907,1018,1
30.95,62.98,848,1006.70349,44.24538,1021,1
30.93,62.64,861,1006.69562,44.31153,1020,1
30.94,59.2,857,1006.65967,44.6125,905,1
31.03,60.31,829,1006.64056,44.77207,810,1
31.05,68.99,845,1010.32983,13.93152,550,1
31.06,65.34,846,1010.35876,13.69035,558,1
30.96,61.83,823,1010.35846,13.69287,569,1
30.92,66,859,1010.38031,13.51061,625,1
30.97,65.74,805,1010.39227,13.41041,624,1
30.98,61.97,813,1010.38794,13.44666,622,1
31.09,59.85,749,1010.38721,13.45271,627,1
31.1,65.81,722,1010.37872,13.5237,640,1
31.15,69.58,711,1010.35687,13.70596,657,1
31.16,75.61,786,1010.3689,13.60576,689,1
31.13,75.79,730,1010.3855,13.46731,519,1
31.14,73.93,865,1010.39612,13.3787,582,1
31.39,74.3,843,1010.37036,13.59368,741,1
31.34,57.27,868,1010.36639,13.62641,748,1
31.31,46.36,862,1010.35205,13.74624,774,1
31.24,48.12,849,1010.34467,13.80817,806,1
31.23,47.86,864,1010.82892,9.76692,841,1
30.82,54.38,850,1010.81,9.92445,853,1
30.69,51.18,858,1010.823,9.81624,861,1
30.7,56.29,824,1010.83954,9.67784,878,1
31.74,62.94,822,1010.85919,9.51427,883,1
31.73,51.84,821,1010.87463,9.38543,886,1
31.71,69.23,814,1010.88336,9.31245,892,1
31.72,73.69,723,1010.89954,9.17758,901,1
31.75,60.43,816,1010.91205,9.0729,936,1
31.76,56.58,820,1010.9339,8.89072,943,1
31.77,83.72,706,1010.9342,8.8882,944,1
31.79,89.92,828,1010.95032,8.75383,916,1
31.81,84.21,818,1010.96906,8.59732,955,1
31.82,81.81,811,1010.97516,8.5465,962,1
31.84,69.92,810,1010.96997,8.58978,966,1
31.87,52.24,853,1010.96124,8.66275,973,1
31.9,56.26,727,1010.96857,8.60135,976,1
31.92,54.94,734,1010.96234,8.65369,980,1
31.93,52.22,740,1010.96167,8.65922,978,1
31.95,64.82,733,1010.97797,8.52335,981,1
31.97,69.39,712,1010.98608,8.45541,985,1
31.98,63.57,773,1011.01642,8.20229,993,1
32,77.15,716,1011.03406,8.05535,996,1
32.02,67.14,789,1011.03467,8.05032,1002,1
32.03,69.91,800,1011.0415,7.99295,1005,1
32.06,66.33,674,1011.05719,7.86212,1008,1
32.05,63.61,680,1011.05487,7.88174,1012,1
32.07,72.03,668,1011.02905,8.09712,1016,1
32.08,74.93,746,1011.03296,8.06441,1023,1
32.09,73.55,807,1011.00842,8.26922,708,1
32.12,76.15,812,1011.0094,8.26066,709,1
32.1,73.11,744,1010.9906,8.41767,710,1
32.04,74.87,806,1010.97974,8.50825,701,1
32.01,76.2,713,1010.9903,8.42019,749,1
31.96,73.83,685,1010.98138,8.49466,758,1
31.94,76.55,686,1010.99731,8.36181,753,1
31.91,64.99,675,1011.00537,8.29438,762,1
31.44,74.36,736,1011.04669,7.94967,696,1
31.36,77.63,772,1011.03705,8.03019,693,1
31.35,81.54,879,1011.04346,7.97685,706,1
31.33,78.07,844,1011.0647,7.79972,716,1
31.38,78.02,867,1011.06116,7.82891,722,1
31.37,75.25,871,1011.04846,7.93508,726,1
31.45,64.41,873,1011.04749,7.94313,703,1
31.46,53.54,870,1011.03534,8.04428,727,1
31.47,61.87,808,1011.04919,7.92904,764,1
31.48,62.28,778,1011.04108,7.99647,757,1
31.5,64.51,676,1011.03796,8.02264,770,1
31.51,67.49,830,1011.01221,8.23751,729,1
31.52,70.72,802,1011.0022,8.32105,735,1
31.54,64.16,852,1010.98718,8.44635,715,1
31.56,72.16,832,1010.9881,8.4388,730,1
31.57,74.93,856,1010.98132,8.49517,759,1
31.59,69.8,819,1010.99188,8.4071,763,1
31.61,73.2,783,1010.96765,8.6094,765,1
31.63,74.73,781,1010.97339,8.56109,776,1
31.64,78.37,817,1010.97266,8.56763,777,1
31.65,74.08,881,1010.99408,8.38848,709,1
31.66,72.45,912,1011.01233,8.23651,769,1
31.67,69.72,876,1010.99469,8.38345,728,1
31.68,71.36,785,1011.01141,8.24406,746,1
31.69,73.51,784,1011.05609,7.87117,691,1
31.78,72.96,771,1011.05658,7.86715,720,1
31.8,72.96,854,1011.07422,7.72021,761,1
31.83,71.85,880,1011.09595,7.53906,751,1
31.85,66.67,877,1011.11047,7.4178,692,1
30.56,69.16,895,1011.12811,7.27036,754,1
30.58,71.89,885,1011.13141,7.24319,755,1
30.63,72.82,886,1011.15161,7.07463,41,0
30.65,72.23,888,1011.16022,7.00268,165,0
30.86,65.32,893,1011.15735,7.02683,31,0
31.12,69.17,890,1011.14648,7.1174,32,0
31.17,72.46,896,1011.16248,6.98406,147,0
31.22,69.29,908,1011.15405,7.054,34,0
31.25,71.66,892,1011.17999,6.83764,107,0
31.27,61.26,883,1011.16327,6.97752,804,1
31.29,73.04,618,1011.15002,7.08771,448,0
31.4,69.24,678,1011.15747,7.02582,272,0
31.41,72.54,596,1011.15283,7.06457,745,1
31.53,69.45,522,1011.14771,7.10734,788,1
29.13,71.72,475,1011.15851,7.01677,736,1
29.09,72.35,900,1011.16528,6.96041,787,1
29.11,63.09,889,1011.17236,6.90154,797,1
29.14,67.03,878,1011.16034,7.00167,796,1
29.16,63.15,684,1011.1283,7.26886,760,1
29.17,70.62,693,1011.12781,7.27288,798,1
29.15,67.4,663,1011.14917,7.09476,721,1
29.12,67.49,694,1011.15796,7.0218,766,1
29.18,65.4,667,1011.15845,7.01727,794,1
29.2,68.86,951,1011.1543,7.05199,747,1
29.22,69.67,701,1011.18188,6.82204,790,1
29.21,71.59,664,1011.53632,3.86593,800,1
29.23,78.76,627,1011.52112,3.99269,836,1
29.25,77.43,580,1011.54407,3.80155,840,1
29.27,80.7,591,1011.54437,3.79903,835,1
29.29,76.28,512,1011.54541,3.78998,865,1
29.39,75.31,569,1011.53455,3.88052,870,1
26.46,72.78,552,1011.52533,3.95748,849,1
26.49,71.61,601,1011.52814,3.93434,859,1
26.5,73.24,546,1011.54718,3.77539,784,1
26.53,72.48,564,1011.53485,3.878,802,1
26.55,69.03,541,1011.55078,3.74521,842,1
26.56,71.94,536,1011.54596,3.78545,838,1
26.58,80.33,555,1011.52753,3.93937,834,1
26.61,76.21,480,1011.51257,4.06412,828,1
26.63,84.39,517,1011.51154,4.07267,858,1
26.65,81.05,550,1011.50531,4.12448,829,1
26.66,73.57,777,1011.50232,4.14963,846,1
26.67,77.13,941,1011.5047,4.12951,837,1
26.68,76.39,795,1011.47986,4.33676,824,1
26.69,76.36,804,1011.46857,4.43083,823,1
26.7,72.6,809,1011.44983,4.58727,826,1
32.93,76.43,710,1011.44366,4.63859,845,1
32.89,80.19,703,1011.4458,4.62098,814,1
32.91,88.98,976,1011.44135,4.6582,744,1
32.83,78.43,428,1011.44116,4.65971,712,1
32.95,80.69,355,1011.44708,4.60991,786,1
32.61,88.73,364,1011.43073,4.74674,732,1
32.88,86.5,352,1011.42487,4.79554,844,1
32.9,84.12,974,1011.42877,4.76284,848,1
32.92,81.37,113,1011.40607,4.95199,869,1
32.71,81.83,316,1011.40033,5.00028,847,1
32.73,85.59,329,1011.37671,5.19698,855,1
32.74,83.6,927,1011.36487,5.29559,822,1
32.75,83.3,874,1011.34186,5.48777,821,1
33.79,86.85,336,1011.32617,5.61857,831,1
33.81,88.86,351,1011.323,5.64523,816,1
34.01,86.51,704,1011.29187,5.90484,708,1
34.03,87,543,1011.27966,6.00646,820,1
34.04,83.35,487,1011.24921,6.26054,812,1
34.08,90.71,482,1011.25079,6.24746,811,1
34.14,89.2,502,1011.26001,6.17048,818,1
33.55,88.99,379,1011.2807,5.99791,817,1
33.01,78.46,421,1011.29687,5.86308,772,1
33.3,80.09,377,1011.29486,5.87968,717,1
32.79,94.16,376,1011.27325,6.05979,718,1
33.24,90.13,384,1011.26984,6.08847,738,1
33.11,86.47,388,1011.22321,6.47739,713,1
33.1,82.67,389,1011.20673,6.61475,739,1
33.05,76.43,382,1011.20953,6.5916,792,1
33.14,73.4,884,1011.22314,6.47789,793,1
33.02,75.6,933,1011.22778,6.43915,675,1
33.07,78.29,689,1011.22736,6.44267,680,1
33.19,88.63,653,1011.20667,6.61525,674,1
33.16,92.81,624,1011.16174,6.9901,725,1
33.13,89.61,614,1011.16296,6.98004,705,1
33.17,94.48,649,1011.1756,6.87437,685,1
33.33,94.91,644,1011.15326,7.06105,686,1
33.37,96.01,636,1011.14825,7.10231,684,1
33.44,89.13,662,1011.12585,7.28949,676,1
33.49,86.69,578,1011.1189,7.34735,688,1
33.52,87.31,992,1011.11438,7.38509,723,1
33.57,87.24,629,1011.12061,7.33326,768,1
33.58,80.64,615,1011.12231,7.31917,734,1
33.61,83.12,598,1011.11139,7.41025,724,1
33.62,83.38,907,1011.13892,7.1803,742,1
33.64,81.21,913,1011.14081,7.1647,778,1
33.63,87.28,982,1011.11768,7.35741,873,1
33.67,90.29,307,1011.117,7.36345,775,1
33.68,85.55,904,1011.09985,7.50636,673,1
33.7,88.47,488,1011.10626,7.45302,808,1
33.69,88.42,917,1011.13049,7.25074,864,1
33.71,88.31,261,1011.12518,7.29502,854,1
34.2,84.07,944,1011.12128,7.32773,862,1
34.37,86.02,931,1011.11389,7.38911,857,1
34.23,83.45,898,1011.11096,7.41377,783,1
34.17,84.04,637,1011.1214,7.32672,782,1
34.09,92.66,634,1011.12408,7.30408,780,1
33.97,91.48,724,1011.10803,7.43792,819,1
33.96,90.63,317,1011.12439,7.30156,881,1
33.94,81.16,619,1011.11938,7.34333,860,1
33.95,80.68,665,1011.10278,7.4817,876,1
33.99,83.7,652,1011.09186,7.57278,894,1
34,82.93,642,1011.09875,7.51541,884,1
34.02,85.63,628,1011.11658,7.36697,893,1
33.98,85.43,682,1011.11523,7.37805,909,1
33.93,81.56,673,1011.1156,7.37503,888,1
33.89,83.24,625,1011.11993,7.3388,908,1
33.85,88.55,313,1011.10577,7.45704,781,1
33.87,79.54,374,1011.10016,7.50384,614,1
33.9,78.24,602,1011.10565,7.45805,598,1
33.92,78.84,620,1011.09839,7.51843,525,1
33.91,85.61,980,1011.09534,7.5441,470,0
30.66,86.53,607,1011.08221,7.65329,890,1
30.64,92.01,600,1011.06268,7.81632,889,1
30.61,83.89,610,1011.07751,7.69254,679,1
30.55,88.1,640,1011.07062,7.75041,690,1
30.54,92.24,604,1011.06158,7.82538,677,1
30.57,90.9,670,1013.41296,-11.77151,666,1
30.52,79.18,648,1013.44122,-12.00657,670,1
30.49,77.46,622,1013.43298,-11.93826,866,1
30.47,84.14,633,1013.38562,-11.54449,662,1
30.5,74.42,616,1013.39471,-11.61983,626,1
30.51,77.45,613,1013.28345,-10.69361,580,1
30.41,81.01,645,1013.26154,-10.51077,592,1
30.44,77.82,646,1013.26086,-10.50475,514,1
30.46,76.76,687,1013.29065,-10.75289,567,1
30.48,77.44,790,1013.29889,-10.82221,554,1
30.45,82.76,681,1013.27374,-10.61224,600,1
30.53,82.52,289,1013.25665,-10.47059,809,1
30.43,79.97,267,1013.22455,-10.20235,547,1
30.42,76.09,654,1013.18341,-9.85975,543,1
30.4,72.17,690,1013.17084,-9.75526,535,1
30.6,83.05,661,1013.15997,-9.66484,556,1
30.62,85.24,657,1013.07281,-8.9394,480,0
30.59,90.4,655,1013.04248,-8.6862,518,1
30.68,87.38,658,1013.00073,-8.33852,552,1
31.86,82.48,666,1012.97888,-8.15665,714,1
31.88,80.4,973,1012.97144,-8.09434,737,1
31.89,74.02,484,1012.95422,-7.95165,795,1
29.37,72.69,442,1012.90967,-7.57984,799,1
29.38,74.53,542,1012.88452,-7.37081,711,1
34.38,72.27,606,1012.85883,-7.15676,733,1
34.52,82.56,608,1012.87604,-7.30047,697,1
34.91,87.46,574,1012.87183,-7.2653,979,1
34.95,90.87,567,1012.86139,-7.17786,704,1
34.93,90.16,556,1013.86139,-6.17786,628,1
35.93,93.37,557,1012.81281,-6.77286,355,0
34.72,83.14,558,1012.79272,-6.60603,365,0
34.9,82.74,465,1012.77612,-6.46734,351,0
34.87,76.02,452,1012.76843,-6.40402,113,0
34.81,82.61,461,1017.36719,-44.64458,315,0
34.78,79.09,583,1017.34564,-44.46634,328,0
34.8,87.55,554,1017.30109,-44.09583,927,1
34.82,87.99,214,1017.27533,-43.88253,336,0
34.74,97.23,356,1017.26208,-43.77237,487,0
34.79,88.28,293,1017.24451,-43.62616,482,0
34.77,82.4,288,1017.20612,-43.30769,502,1
34.71,79.21,277,1017.18158,-43.10439,379,0
34.69,84.71,302,1017.18048,-43.09538,420,0
34.33,78.53,401,1017.19226,-43.19252,377,0
34.49,78,406,1017.245,-43.63016,384,0
34.5,74.94,412,1017.27966,-43.91858,389,0
34.54,69.61,340,1017.3078,-44.15191,387,0
34.55,78.78,358,1017.28424,-43.95663,902,1
34.57,87.18,381,1017.26532,-43.79941,872,1
34.58,94.26,346,1017.26202,-43.7273,687,1
34.61,92.98,365,1017.25659,-43.78839,645,1
34.6,78.18,283,1017.26398,-43.85849,620,1
34.59,78.6,373,1017.2724,-44.08081,681,1
34.43,77.04,370,1017.29919,-44.27708,638,1
33.2,85.08,375,1017.32281,-44.41227,663,1
33.18,84.47,361,1017.33911,-44.35118,992,1
33.15,77.43,409,1017.33185,-44.56948,616,1
23,72.59,393,1017.35815,-49.8363,648,1
23,78.13,391,1017.9928,-49.67116,906,1
24,82.32,392,1017.97284,-49.70419,934,1
23,82.72,385,1017.97687,-49.69518,308,0
24,77.2,386,1017.97577,-50.09452,390,0
25,74.34,387,1018.02393,-50.02946,488,0
26,71.46,400,1018.01611,-50.10252,919,1
27,69.3,399,1018.02484,-50.08851,261,0
27,72.46,394,1018.02313,-50.28667,931,1
26.7,68.39,408,1018.04706,-50.80107,639,1
27,67.69,460,1018.10907,-50.85312,634,1
22,69.14,456,1018.1153,-51.05627,317,0
25,69.44,266,1018.13983,-51.42854,618,1
20.6,65.26,264,1018.18475,-51.70472,656,1
23.2,69.05,262,1018.21796,-51.9789,621,1
22.2,65.22,257,1018.25104,-52.71235,672,1
23,60.44,273,1018.33954,-53.33369,619,1
23,67.5,269,1018.41437,-53.76991,655,1
23,90.13,256,1018.46704,-53.98401,699,1
23,90.16,255,1018.4928,-54.24012,637,1
24.6,90.17,253,1018.52368,-54.38618,667,1
23.1,87.2,102,1018.54138,-54.22612,629,1
22.1,79.44,100,1018.52203,-54.34217,313,0
22,74.34,109,1018.53607,-54.44621,374,0
25,63.59,116,1018.54852,83.84582,596,1
24.8,56.3,114,1001.98206,84.32383,608,1
23,61.95,115,1001.92517,84.40392,602,1
21,65.17,104,1001.91565,81.02332,607,1
21.1,66.88,123,1002.31799,80.82772,658,1
23,67.16,118,1002.34125,22.58067,604,1
26,69.57,117,1009.29413,22.03394,642,1
27,71.68,157,1009.35956,21.93769,669,1
27.7,66.73,222,1009.37109,18.05498,668,1
27.2,68.39,166,1009.83594,18.11844,606,1
24,72.98,133,1009.82837,18.14715,636,1
23,72.43,204,1009.82495,18.32798,617,1
23,71.3,200,1009.80328,18.48414,652,1
25,69.43,192,1009.78455,18.55919,601,1
26,70.15,188,1009.77557,18.50932,698,1
26.1,73.51,177,1009.78156,18.68411,771,1
22.8,72.49,181,1009.76062,18.76572,289,0
24,75.32,176,1009.75085,18.81962,267,0
24,87.47,173,1009.74438,18.80803,649,1
25,92.13,168,1009.74579,18.65893,646,1
25.3,83.73,162,1009.76361,18.36929,653,1
26,80.14,154,1009.79834,18.19249,661,1
26,73.99,163,1009.81952,18.15824,484,0
27,75,161,1009.82361,18.06455,442,0
27,71.93,160,1009.83484,18.21163,391,0
28,67.12,159,1009.8172,18.4514,678,1
27,66.38,158,1009.78851,18.49874,679,1
29,78.69,156,1009.78284,18.65137,752,1
28.1,86.65,557,1009.76453,18.72089,743,1
29,81.01,547,1009.75623,53.18661,755,1
29.2,81.5,530,1005.63586,52.94553,791,1
26,78.6,570,1005.66467,51.16066,767,1
30.3,76.78,538,1005.87769,51.10608,731,1
31,71.92,559,1005.88422,50.98734,732,1
30.4,72.56,568,1005.89838,36.30126,733,1
30.1,63.76,562,1007.65283,37.07531,734,1
30.7,67.71,563,1007.5603,36.66053,735,1
30.9,71.27,582,1007.60986,41.96621,736,1
31.2,71.55,560,1006.97577,36.63429,737,1
32,75.38,532,1007.61298,43.11381,738,1
31.6,70.02,548,1006.83868,36.86086,739,1
30.8,74.36,531,1007.58594,36.68222,740,1
32,75.35,603,1007.60724,36.2392,741,1
32.3,68.78,592,1007.66022,36.43144,742,1
33,74.06,573,1007.63727,35.79568,743,1
32.1,74.85,576,1007.71326,36.88407,744,1
32.3,65.84,590,1007.58313,36.11154,745,1
32.3,66.12,581,1007.67548,36.23768,746,1
33,74.54,594,1007.6604,36.25282,747,1
35.1,69.73,553,1007.65857,36.23466,748,1
35.6,69.5,571,1007.66077,36.04796,749,1
35.5,73.55,523,1007.68311,36.05402,750,1
35.2,77.78,529,1007.68237,36.51823,751,1
35,75.61,525,1007.62689,35.91325,752,1
34.3,82.13,513,1007.69922,35.8754,753,1
34.6,75.21,527,1007.70374,36.43346,754,1
34.2,73.3,499,1007.63702,36.22154,755,1
35,68.36,534,1007.66235,36.58585,756,1
34,66.63,496,1007.61877,36.40066,757,1
33,66.54,528,1007.64093,36.8003,758,1
32.2,65.76,521,1007.59314,36.91939,759,1
34,66.97,545,1007.57892,37.03141,760,1
37,66.28,533,1007.56555,36.73672,761,1
35.2,63.17,524,1007.60077,36.6908,762,1
33.4,70.21,549,1007.60626,36.69232,763,1
33,61.1,535,1007.60608,36.49401,764,1
33,60.54,503,1007.62976,36.81796,765,1
33,62.81,505,1007.59106,36.72764,766,1
33.4,64.92,518,1007.60181,36.83058,767,1
33,63.05,454,1007.58954,37.01224,768,1
33,63.22,434,1007.56781,37.03444,769,1
33,63.49,448,1007.56519,36.78769,770,1
34,66.05,441,1007.59467,36.95219,500,1
34,67.51,435,1007.57501,36.49603,501,1
34,64.89,424,1007.62952,36.30782,502,1
34,66.79,445,1007.65204,36.06512,503,1
34.2,77.73,470,1007.68103,36.19782,504,1
33.6,62.9,447,1007.66516,36.02122,505,1
34,53.55,438,1007.68628,36.08126,506,1
34.6,53.95,467,1007.67908,36.14585,507,1
37,62.71,519,1007.67139,36.37291,508,1
35.2,57.37,520,1007.64423,36.50864,509,1
35,50.95,537,1007.62799,36.54699,510,1
35.6,53.57,497,1007.62341,36.53236,511,1
34,59.05,540,1007.62518,36.71957,512,1
35,58.96,551,1007.60278,33.50323,513,1
35,60.08,425,1007.98737,33.06135,525,1
36.2,55.31,449,1008.04016,32.89691,526,1
39,64.88,413,1008.05981,32.68405,527,1
41,55.27,455,1008.08533,32.6326,528,1
39,62.33,422,1008.09143,32.33752,529,1
38.1,65.6,426,1008.12671,32.50196,530,1
37,67.2,418,1008.10706,32.27801,531,1
37,65.44,429,1008.13385,32.32946,532,1
37,61.5,451,1008.12769,32.60032,533,1
35,61.14,481,1008.09534,32.29869,534,1
34.5,56.06,450,1008.13141,32.03439,535,1
34,53.12,474,1008.16296,32.10198,536,1
30,70.95,436,1008.15491,32.11863,537,1
33,64.5,431,1008.15289,31.86694,538,1
36,67.94,471,1008.18304,31.60266,980,1
35.7,60.36,457,1008.2146,31.14119,981,1
36,58.6,458,1008.26984,30.6641,982,1
35,60.48,432,1008.3269,30.57635,983,1
32,62.85,446,1008.3374,30.28285,984,1
33,46.95,479,1008.3725,29.85371,985,1
31,44.01,433,1008.42383,29.89355,805,1
34,45.5,472,1008.41907,29.5804,806,1
34,52.89,463,1008.45648,29.11902,807,1
34.5,48.65,437,1008.51172,28.75345,808,1
35,42.86,483,1008.55542,28.79228,809,1
35,60.79,439,1008.55078,28.34404,810,1
35,60.66,490,1008.60443,28.03245,811,1
36,47.7,743,1008.64166,28.02792,812,1
34,71.07,707,1008.64221,28.14589,813,1
36,66.25,466,1008.62811,28.20589,814,1
36,49.62,202,1008.62091,28.22808,815,1
32,60.05,165,1008.61829,28.04002,816,1
34.1,49.33,241,1008.64081,27.9291,817,1
34.3,57.61,258,1008.65405,27.69264,818,1
36,59.5,231,1008.68237,50.32745,819,1
36.5,67.16,249,1005.97717,50.29966,820,1
36.6,70.89,515,1005.98047,50.51692,821,1
37.4,73.52,462,1005.95453,50.34968,822,1
33.7,73.07,516,1005.97455,50.40324,823,1
35,79.87,504,1005.96814,50.20568,824,1
34,64.26,511,1005.9917,50.10614,825,1
33.2,70.27,492,1006.0036,50.22033,826,1
35,75.13,500,1005.98999,50.34008,827,1
34,73.47,477,1005.97565,50.37848,828,1
35,74.57,501,1005.97107,50.54067,829,1
36,67.85,509,1005.95172,50.27035,830,1
36,66.91,476,1005.98401,50.26227,831,1
36,63.44,477,1005.98499,50.09857,832,1
36,66.46,478,1006.00452,50.16829,833,1
35,65.89,479,1005.99615,50.05511,834,1
34,71.15,480,1006.0097,50.07027,835,1
33,77.72,481,1006.00787,49.86413,836,1
35,68.46,482,1006.03247,49.80199,837,1
36,70.92,483,1006.03992,49.81816,838,1
36,72.79,484,1006.03796,49.8222,839,1
34,69.44,485,1006.03748,49.72671,840,1
35,70.84,486,1006.04889,49.68932,841,1
34,72.1,487,1006.05334,49.92981,842,1
32,66.5,488,1006.02466,50.09503,843,1
34,56.97,489,1006.00494,50.28349,844,1
32,65.22,490,1005.98242,50.21124,845,1
34.2,68.41,491,1005.99103,50.11928,846,1
32,77.69,492,1006.00201,49.80452,847,1
33,74.05,493,1006.03961,49.79491,848,1
33,74.77,494,1006.04077,48.49806,849,1
30,74.75,495,1006.19562,48.54302,850,1
31.2,78.2,496,1006.19025,48.29801,851,1
34,72.78,497,1006.21948,48.31317,852,1
34.1,64.97,498,1006.21765,48.48139,853,1
34,72.73,499,1006.19757,48.47179,854,1
32,67.49,500,1006.19873,48.4627,855,1
31.5,61.64,501,1006.19983,48.40662,856,1
33.6,63.12,502,1006.20654,48.30256,857,1
30.4,68.01,503,1006.21893,48.26972,858,1
34,80.59,504,1006.22284,48.10807,859,1
33,75.27,505,1006.24219,48.16667,860,1
31,73.19,506,1006.23517,48.06614,861,1
33.6,69.82,478,1006.24719,47.99795,862,1
32,73.07,479,1006.25531,48.22375,863,1
32.8,73.61,480,1006.22833,48.27831,864,1
32,74.29,481,1006.22186,48.22931,865,1
33,77.41,482,1006.22766,48.25002,866,1
31.9,74.76,483,1006.22522,48.26619,867,1
32,74.44,484,1006.22327,48.35106,868,1
33,77.18,485,1006.21313,48.39702,869,1
34,74.74,486,1006.20764,48.33944,870,1
32,78.01,487,1006.21454,48.43643,871,1
32.5,84,488,1006.20294,48.47886,872,1
33.2,72.18,489,1006.19788,48.45007,873,1
33,72.76,490,1006.20135,48.3066,874,1
32,83.51,491,1006.21844,48.05907,875,1
32.6,73.31,492,1006.24799,48.17475,876,1
34,82.72,493,1006.23419,48.22527,877,1
31,72.94,147,1006.22815,48.20759,878,1
29,80.1,148,1006.23029,48.33539,879,1
30,72.4,149,1006.21503,48.04948,880,1
32.8,83.16,150,1006.24915,48.12373,881,1
33.2,83.01,151,1006.2403,47.78831,882,1
34.2,76.65,152,1006.28033,47.46806,883,1
34,77.27,153,1006.3186,47.29026,884,1
34.3,76.99,154,1006.33984,47.16348,885,1
33.2,73.02,155,1006.35498,47.25086,886,1
33.3,74.21,156,1006.34454,47.32663,887,1
33.6,75.41,157,1006.33545,47.40644,888,1
31,74.84,158,1006.32593,47.38876,889,1
33,78.24,159,1006.32806,47.49281,890,1
34,88.89,160,1006.31561,47.33421,891,1
30.1,81.42,161,1006.33459,47.1655,892,1
32.9,78.36,162,1006.35474,47.12913,893,1
31,80.82,163,1006.35907,47.10034,894,1
30,80.49,164,1006.36249,47.41502,895,1
30.6,76.82,165,1006.32495,47.3438,896,1
30,77.85,166,1006.33344,47.45341,897,1
33,80.02,167,1006.32031,47.33471,898,1
33.1,85.09,168,1006.33453,47.30693,899,1
28.5,87.28,169,1006.33783,47.1165,900,1
30,86.14,170,1006.3606,46.94174,901,1
34.1,84.97,171,1006.38147,47.10792,902,1
35.1,74.13,172,1006.36157,47.3534,903,1
35,68.16,173,1006.33228,47.49332,904,1
31,59.44,174,1006.31555,47.52565,905,1
30,64.74,175,1006.31171,47.41149,906,1
33,74.93,176,1006.32532,47.38825,907,1
33.7,65.27,177,1006.32813,47.55646,908,1
30.7,71.26,178,1006.30804,47.40391,909,1
30,84.41,179,1006.32623,47.38522,910,1
33,85.29,180,1006.32849,47.52767,911,1
34.2,78.94,181,1006.31146,47.77316,912,1
33.8,87.96,182,1006.28217,47.7767,913,1
32,91.18,183,1006.28174,47.75296,914,1
34,94.71,184,1006.28455,47.82519,915,1
34.7,90.09,185,1006.27594,48.0323,916,1
34.6,86.29,186,1006.25122,48.05149,917,1
34.7,84.87,187,1006.2489,47.83479,918,1
34.4,80.25,188,1006.27478,47.84944,919,1
34,78.41,189,1006.27307,47.86914,920,1
34.6,76.87,190,1006.27069,47.83984,921,1
34,79.13,191,1006.27417,47.82367,922,1
32,89.11,192,1006.27612,47.82923,923,1
34.2,87.82,193,1006.27545,47.70547,924,1
34.4,91.92,194,1006.29022,47.68678,925,1
34.2,83.48,195,1006.29248,47.61455,926,1
33,80.53,196,1006.30109,47.63829,927,1
30,84.32,197,1006.29828,47.8358,928,1
27,88.61,198,1006.27466,47.88631,929,1
28,88.25,199,1006.26862,47.90298,930,1
29,84.21,200,1006.26666,48.07978,931,1
31,85.44,201,1006.24554,48.23386,932,1
33,85.13,202,1006.22717,48.39197,933,1
30.3,87.85,203,1006.20825,48.63749,934,1
33,87.58,204,1006.17896,48.86078,935,1
31.5,86.69,205,1006.15228,49.028,936,1
29,90.78,206,1006.13232,49.223,937,1
31.7,84.19,207,1006.10901,49.48622,938,1
33,77.51,208,1006.07764,49.43469,939,1
33.5,81.3,209,1006.08374,49.368,940,1
33.8,93.45,210,1006.09174,49.35638,941,1
33,94.23,211,1006.09314,49.43873,942,1
33,92.8,212,1006.08325,49.35386,943,1
33,88.91,213,1006.09344,46.53817,944,1
32.5,89.87,214,1006.42963,46.27806,945,1
33.4,94.33,215,1006.46588,46.36898,946,1
33.3,92.5,216,1006.44983,46.48413,947,1
33.4,91.33,217,1006.4361,46.47858,948,1
30.4,90.97,218,1006.43677,46.99326,949,1
30,88.89,219,1006.37531,46.7993,950,1
32,90.7,220,1006.39844,47.15944,951,1
31,94.17,221,1006.35547,47.5802,952,1
31.3,90.01,222,1006.30518,47.71709,953,1
33,87.19,223,1006.28888,47.88833,954,1
34,83.65,224,1006.26843,48.33994,955,1
34,90.66,225,1006.21448,48.3748,956,1
33.1,91.58,226,1006.21033,48.55817,957,1
33.5,91.01,227,1006.18842,48.80824,958,1
33.1,86.55,228,1006.15857,48.8335,959,1
32.7,85.04,229,1006.15552,48.67841,960,1
31.5,79.41,230,1006.17407,48.76934,961,1
32.6,81.24,231,1006.16321,48.72791,962,1
33,82.52,232,1006.16815,48.93504,963,1
32.3,86.79,233,1006.14343,49.21088,964,1
32,86.03,234,1006.11047,49.03962,965,1
30,89.63,235,1006.13092,49.07599,966,1
32,89.77,236,1006.12659,49.08155,967,1
32,80.45,237,1006.12592,49.174,968,1
33,78.52,238,1006.11487,31.20372,969,1
29.8,90.03,239,1008.26233,30.945,970,1
26,89.36,240,1008.29327,30.93592,971,1
30.1,86.91,241,1008.29437,30.80279,972,1
31.8,86.4,242,1008.3103,55.1811,973,1
31.6,80.95,243,1005.39789,55.09416,974,1
30,86.82,244,1005.40826,55.06484,975,1
30,88.05,245,1005.41174,55.36409,976,1
31,86.53,246,1005.37604,82.4099,977,1
31,87.93,247,1003.39081,82.3952,978,1
32,89.35,248,1003.39252,82.31461,979,1
31.1,89.63,249,1003.40216,82.06678,980,1
29.4,86.01,250,1003.4317,81.99026,981,1
31,90.99,251,1003.4408,82.99026,982,1
30.3,85.34,252,-70.73906,78.233,983,1
30,92.2,253,1003.88861,78.48074,984,1
30,85.04,254,1003.85907,77.70056,985,1
31,88.04,255,1003.95209,78.25884,986,1
30,88.82,256,1003.88556,77.24261,987,1
30.4,90.65,257,1004.00671,77.13218,988,1
30,86.67,258,1004.01984,76.41896,989,1
29.4,82.84,259,1004.10492,75.39633,400,0
29,79.82,260,1004.22681,75.35683,401,0
28,79.79,261,1004.23157,74.75211,402,0
29,87.07,262,1004.30365,74.41634,403,0
29,84.16,263,1004.34369,74.41735,404,0
30,79.31,264,1004.34357,74.36469,405,0
29,81.89,265,1004.34985,74.51408,406,0
28,85.36,266,1004.33203,74.55105,407,0
29,80.62,267,1004.32764,74.77642,408,0
29,78.07,268,1004.30078,74.8063,409,0
28.1,73.68,269,1004.29718,74.70096,410,0
28,77.14,270,1004.30975,75.13043,411,0
28,91.4,271,1004.25854,75.35835,412,0
28.1,92.4,272,1004.23138,74.54092,413,0
28,86.42,273,1004.32886,74.51155,414,0
28,78.98,274,1004.33234,73.80965,415,0
29,81.24,275,1004.41608,73.11489,416,0
29,84.48,276,1004.4989,60.88821,417,0
30,83.95,277,1005.95807,60.93879,418,0
29,87.12,278,1005.95203,60.75671,419,0
28,84.68,279,1005.97375,60.36323,420,0
27,83.97,280,1006.02075,59.74927,421,0
27,73.54,281,1006.09406,59.12523,422,0
27,67.8,282,1006.16858,58.26054,423,0
27,66.61,283,1006.27185,57.87828,424,0
26,65.52,284,1006.3175,57.4571,425,0
26,68.61,285,1006.3678,57.01217,426,0
26.3,74.58,286,1006.42096,56.51671,427,0
27,70.58,287,1006.48016,55.58955,428,0
28,70.59,288,1006.59094,55.32113,429,0
28,66.61,289,1006.62299,54.69735,430,0
29,76.72,290,1006.69751,54.34909,431,0
27,87.5,291,1006.73914,49.87424,432,0
27,90,292,1007.27393,49.44833,433,0
25,93.04,293,1007.32483,49.09266,434,0
24.3,92.42,294,1007.36737,47.04226,435,0
26,81.72,295,1007.61249,57.9516,436,0
26,75.1,296,1006.30878,58.08559,437,0
26,67.23,297,1006.29272,58.07952,438,0
27,73.86,298,1006.29346,58.61197,439,0
27,74.6,299,1006.22986,58.26408,440,0
28,75.42,300,1006.27142,58.47949,441,0
29,74.09,301,1006.24573,58.37381,442,0
30,70.53,302,1006.2583,58.39909,443,0
31,70.3,303,1006.25269,58.42083,444,0
30,70.77,304,1006.23242,58.59073,445,0
27,75.81,305,1006.17206,59.0959,446,0
26,62.69,306,1006.14813,59.29615,447,0
26,62.55,307,1006.14807,59.29666,448,0
27,68.78,308,1005.62018,63.71789,449,0
33,74.49,309,1005.73767,62.73394,450,0
35,86.35,310,1005.80658,62.15677,451,0
34,89.81,311,1005.84784,61.81129,452,0
35,78.94,312,1005.73602,62.7476,453,0
31,76.77,313,1005.7171,62.90594,454,0
35,79.35,314,1005.73792,62.73192,455,0
34,73.07,315,1005.63861,63.56359,456,0
35,73.71,316,1005.63159,63.62228,457,0
34,77.4,317,1005.64417,63.51705,458,0
34,72.92,318,1005.78735,62.31762,459,0
34,84.55,319,1005.8822,61.52348,460,0
35,72.65,320,1005.94373,61.00808,461,0
35,69.22,321,1005.83954,61.88058,462,0
34,69.72,322,1005.77704,62.40413,463,0
35.7,70.93,323,1006.10889,59.73157,464,0
33.6,70.07,324,1006.07532,59.90604,465,0
30.5,71.79,325,1006.17303,59.08781,466,0
33,74.49,326,1006.19702,58.88705,467,0
33.1,67.49,327,1006.20111,58.85267,468,0
31,61.93,328,1006.20221,58.86329,469,0
30,67.8,329,1006.09045,58.84357,470,0
35,63.84,330,1006.01489,59.77961,471,0
35,63.8,331,1005.97192,60.41228,472,0
32,74.15,332,1005.93286,60.77188,473,0
30.7,69.51,333,1006.03998,61.09912,474,0
29,68.09,334,1006.05994,60.2019,475,0
31,63.69,335,1006.0625,60.035,476,0
32,68.59,336,1006.06372,60.01326,477,0
34,74.99,337,1006.07947,60.00314,478,0
34,71.88,338,1006.11029,59.87115,479,0
32,70.95,339,1006.11237,59.61323,480,0
31,68.38,340,1006.10187,59.59604,481,0
34,68.43,341,1006.06299,59.68403,482,0
34,66.09,342,1006.47546,60.00921,483,0
32,64.28,343,1006.49249,56.55614,484,0
32,70.86,344,1006.53156,56.41358,485,0
34,68.54,345,1006.57422,56.08649,486,0
35,65.21,346,1006.61127,55.72908,487,0
35,67.28,347,1006.76526,55.4192,488,0
33,69.62,348,1006.7771,54.13023,489,0
33,70.88,349,1006.80469,54.03116,490,0
34.1,68.38,350,1006.82056,53.80018,491,0
35,66.09,351,1006.85858,53.66776,492,0
32,69.03,352,1007.26611,53.34935,493,0
31,70.75,353,1007.21893,49.93941,494,0
32,70.35,354,1007.18414,50.33401,495,0
30,63.45,355,1007.1261,50.62505,496,0
29,61.14,356,1007.08783,51.11063,497,0
32,61.72,357,1007.03516,51.431,498,0
35,59.84,358,1006.96155,51.87164,499,0
35,86.58,359,1006.72192,52.48766,500,1
35,91.59,360,1006.66565,54.49314,501,1
35,80.09,361,1006.6106,54.96425,502,1
34,78.65,362,1006.1283,55.42476,503,1
31,73.1,363,1006.07642,59.46253,504,1
33,70.42,364,1006.03003,59.89694,505,1
32,70.86,365,1006.01733,60.06939,506,1
32,71.14,366,1005.99475,60.39155,507,1
34,64.23,367,1005.9588,60.5807,508,1
34.1,64.47,368,1005.89203,60.88163,509,1
34,62.72,369,765.70905,61.44104,510,1
34,59.71,370,1005.73151,2301.18018,511,1
35,63.29,371,1005.69409,62.78554,512,1
35,64.43,372,1005.65204,63.09867,513,1
34,64.84,373,1005.60571,63.45128,514,1
31,67.37,374,1005.59344,63.83931,515,1
32,64.31,375,1005.53247,63.94201,516,1
34,66.2,376,1005.5022,64.4525,517,1
35,64.89,377,1005.45673,64.70649,518,1
33,66.25,378,1005.46588,65.08749,519,1
33,64.39,379,1005.46753,65.01057,520,1
30,66,380,1005.45221,64.99692,521,1
28,67.1,381,1005.43378,65.12493,522,1
32,68.5,382,1005.39783,65.27976,523,1
32,67.87,383,1005.43829,65.58083,524,1
33,65.17,384,1005.42596,65.24181,525,1
31,68.67,385,1005.38428,65.34503,526,1
33,67.63,386,1005.38513,65.69417,527,1
28,68.89,387,1005.35828,65.68709,528,1
30,64.46,388,1005.31622,65.91226,529,1
30,58.81,389,1005.30658,66.26446,530,1
32,62.97,390,1005.25256,66.44106,531,1
35,67.34,391,1005.23328,66.79784,532,1
33,65.58,392,1005.21564,66.95977,533,1
34.6,69.31,393,1005.15564,67.10754,534,1
33,68.93,394,1005.1463,67.61009,535,1
30,69.38,395,1005.08685,67.68854,536,1
28,67.03,396,1005.0614,68.18655,537,1
33,67.53,397,1005.02716,68.39964,538,1
34,67.47,398,1005.01526,68.68662,539,1
34,66.79,399,1004.97888,68.78634,540,1
34,66.19,400,1004.98138,69.09155,541,1
34,73.41,401,1004.97925,69.0703,542,1
34,59.58,402,1005.03815,69.08852,780,1
33.1,53.94,403,1005.08673,68.59451,781,1
34,63.03,404,1005.09424,68.18757,782,1
35,63.52,405,1005.12872,68.12481,783,1
35,63.88,406,1005.17719,67.83582,784,1
34,57.04,407,1005.19122,67.42941,785,1
35,56.31,408,1005.15393,67.312,786,1
35,57.94,409,1005.11859,67.62426,787,1
33,61.44,410,1005.1311,67.92033,788,1
35,63.61,411,1005.89001,67.81557,789,1
36,66.23,412,1005.8689,61.45773,790,1
34,72.6,413,1005.85468,61.63476,791,1
33,61,414,1005.8728,61.75362,792,1
28,58.82,415,1005.83392,61.60188,793,1
28,57.77,416,1005.71783,61.92763,794,1
31,56.45,417,1005.65454,62.89987,795,1
33,58.56,418,1007.76892,63.43003,796,1
34,62,419,1007.87854,45.73412,797,1
33,68.25,420,1007.91608,44.81752,798,1
32,65.1,421,1008.46326,44.50342,799,1
32,59.1,422,1008.49249,39.92932,800,1
33,64.62,423,1008.5083,39.68502,801,1
32,62.81,424,1002.45374,39.55278,802,1
32,57.95,425,1002.39844,38.63369,803,1
33,69.64,426,1002.40747,90.27671,804,1
32,61.23,427,1002.38367,90.74081,805,1
32,54.53,428,1002.3678,90.66524,806,1
32,84.55,429,1002.31812,90.86509,807,1
31,91.55,430,1002.32581,90.99849,808,1
31,87.03,431,1003.56671,91.41545,809,1
31,88.63,432,1003.54016,91.35103,810,1
30,67.26,433,1003.51532,80.93363,811,1
30,62.54,434,1002.98468,81.1566,100,0
30,62.7,435,1002.95538,81.36488,101,0
30,82.29,436,1002.93091,85.81832,102,0
31,83.26,437,1002.90533,86.06422,103,0
31,80.09,438,1002.91498,86.27006,104,0
31,65.17,439,1002.90814,86.48453,105,0
30,57.53,440,1002.89392,86.4034,106,0
28,53.92,441,1002.91638,86.4612,107,0
26,79.87,442,1002.94031,86.58035,108,0
24,77.04,443,1002.88751,86.39174,109,0
29,72,444,1002.69983,86.19096,110,0
29,74.71,445,1002.66138,86.63409,111,0
30,66.92,446,1002.62335,88.21006,112,0
30,73.13,447,1002.56641,88.53309,113,0
32,63.02,448,1002.58966,88.85207,114,0
31,71.99,449,1002.51971,89.33031,115,0
32,72.89,450,1002.5047,89.13506,116,0
31,68.72,451,1002.50983,89.72235,117,0
31,75.66,452,1002.49268,89.84864,118,0
31,68.34,453,1002.48389,89.80553,119,0
29,76.75,454,1003.48389,89.94957,120,0
28,60.29,455,1004.48389,90.02311,121,0
34.72,67.61,,1016.4,18.76572,,0
34.9,68.08,,1014.6,18.81962,,0
34.87,67.17,,1013.2,18.80803,,0
34.81,62.98,,1011.8,18.65893,,0
34.78,62.64,,1012.3,18.36929,,0
34.8,59.2,,1014.1,18.19249,,0
34.81,60.31,,1013.1,18.15824,,0
34.82,68.99,,1012.8,18.06455,,0
34.81,65.34,,1015.4,18.21163,,0
34.8,61.83,,1017.5,18.4514,,0
34.8,66,,1018.3,18.49874,,0
34.78,65.74,,1018.9,18.65137,,0
34.8,61.97,,1018.9,18.72089,,0
34.74,59.85,,1016.5,53.18661,,0
34.79,65.81,,1015.5,52.94553,,0
34.79,69.58,,1015.2,51.16066,,0
34.79,75.61,,1012.4,51.10608,,0
34.77,75.79,,1008,50.98734,,0
34.74,73.93,,1007.9,36.30126,,0
34.71,74.3,,1009.2,37.07531,,0
34.71,57.27,,1011.7,36.66053,,0
34.71,46.36,,1014,41.96621,,0
34.71,48.12,,1013.3,36.63429,,0
34.69,47.86,,1011.2,43.11381,,0
34.33,54.38,,1013,36.86086,,0
34.49,51.18,,1013.3,36.68222,,0
34.49,56.29,,1012.3,36.2392,,0
34.5,62.94,,1010.4,36.43144,,0
34.49,51.84,,1007.7,35.79568,,0
34.5,69.23,,1008.2,36.88407,,0
34.52,73.69,,1007.5,36.11154,,0
34.54,60.43,,1008.4,36.23768,,0
34.55,56.58,,1009.1,36.25282,,0
34.55,83.72,,1009.1,36.23466,,0
34.57,89.92,,1007.8,36.04796,,0
34.58,84.21,,1006.5,36.05402,,0
34.61,81.81,,1007.9,36.51823,,0
34.61,69.92,,1009.9,35.91325,,0
34.6,52.24,,1013.4,35.8754,,0
34.38,56.26,,1013.9,36.43346,,0
34.58,54.94,,1013,36.22154,,0
34.59,52.22,,1011.1,36.58585,,0
34.43,64.82,,1009.3,36.40066,,0
33.1,69.39,,1009.4,36.8003,,0
33.2,63.57,,1011.4,36.91939,,0
33.18,77.15,,1011.4,37.03141,,0
33.18,67.14,,1012.9,36.73672,,0
33.16,69.91,,1011.1,36.6908,,0
33.15,66.33,,1009.4,36.69232,,0
33.14,63.61,,1008.9,36.49401,,0
33.14,72.03,,1009.2,36.81796,,0
33.15,74.93,,1010,36.72764,,0
33.1,73.55,,1009.9,36.83058,,0
32.9,76.15,,1008.9,37.01224,,0
32.89,73.11,,1007,37.03444,,0
33.05,74.87,,1007.2,36.78769,,0
31.95,76.2,,1008.6,36.95219,,0
32.33,73.83,,1006.9,36.49603,,0
32.43,76.55,,1005.3,36.30782,,0
32.4,64.99,,1005.8,36.06512,,0
32.43,74.36,,1007,36.19782,,0
32.44,77.63,,1007.4,36.02122,,0
32.46,81.54,,1007.4,36.08126,,0
32.51,78.07,,1007.6,36.14585,,0
32.55,78.02,,1007.4,36.37291,,0
32.49,75.25,,1007.3,36.50864,,0
32.53,64.41,,1006.7,36.54699,,0
32.55,53.54,,1006.8,36.53236,,0
32.53,61.87,,1007.6,36.71957,,0
32.5,62.28,,1008.3,33.50323,,0
32.56,64.51,,1007.8,33.06135,,0
31.79,67.49,,1005.7,32.89691,,0
31.78,70.72,,1005.7,32.68405,,0
31.75,64.16,,1006.9,32.6326,,0
31.77,72.16,,1006.8,32.33752,,0
31.75,74.93,,1004.3,32.50196,,0
31.76,69.8,,1005.3,32.27801,,0
31.65,73.2,,1004,32.32946,,0
31.62,74.73,,1003.3,32.60032,,0
31.48,78.37,,1004.9,32.29869,,0
31.52,74.08,,1004.2,32.03439,,0
31.39,72.45,,1003.1,32.10198,,0
31.44,69.72,,1005,32.11863,,0
31.5,71.36,,1006.9,31.86694,,0
31.43,73.51,,1006.3,31.60266,,0
31.33,72.96,,1007.2,31.45337,,0
31.39,72.96,,1007.5,31.14119,,0
31.45,71.85,,1009.3,30.6641,,0
31.55,66.67,,1010.3,30.57635,,0
31.67,69.16,,1009.3,30.28285,,0
31.65,71.89,,1007.8,29.85371,,0
31.64,72.82,,1006.9,29.89355,,0
31.82,72.23,,1008,29.5804,,0
31.76,65.32,,1008.1,29.11902,,0
31.89,69.17,,1007.5,28.75345,,0
32,72.46,,1006.9,28.79228,,0
31.97,69.29,,1007.8,28.34404,,0
32.07,71.66,,1008.3,28.19682,,0
32.14,61.26,,1007.8,28.03245,,0
32.04,73.04,,1005.2,28.02792,,0
31.89,69.24,,1003.1,28.14589,,0
31.89,72.54,,1001.3,28.20589,,0
32,69.45,,1001.9,28.22808,,0
31.99,71.72,,1001.2,28.04002,,0
30.93,72.35,,1003.2,27.9291,,0
30.98,63.09,,1004,27.69264,,0
31.24,67.03,,1002.2,50.32745,,0
31.07,63.15,,1002.2,50.29966,,0
31.05,70.62,,1003.2,50.51692,,0
31,67.4,,1004.1,50.34968,,0
31.02,67.49,,1003.6,50.40324,,0
31.47,65.4,,1003.3,50.20568,,0
31.45,68.86,,1003.3,50.10614,,0
31.55,69.67,,1002.8,50.22033,,0
31.6,71.59,,1001.5,50.34008,,0
31.54,78.76,,998.8,50.37848,,0
31.53,77.43,,997.5,50.54067,,0
31.51,80.7,,1001.2,50.27035,,0
180,76.28,,1001.8,50.26227,,0
24.82,75.31,,1002.4,50.09857,,0
24.82,72.78,,1001.7,50.16829,,0
24.82,71.61,,1000,50.05511,,0
30.85,73.24,,1001.2,50.07027,,0
31.48,72.48,,1003.2,49.86413,,0
31.63,69.03,,1003.2,49.80199,,0
31.65,71.94,,1002,49.81816,,0
31.68,80.33,,1001.3,49.8222,,0
31.7,76.21,,999.9,49.72671,,0
31.72,84.39,,996.9,49.68932,,0
31.72,81.05,,997.4,49.92981,,0
31.74,73.57,,999.8,50.09503,,0
31.76,77.13,,1002,50.37848,,0
31.8,76.39,,1001.4,50.28349,,0
31.79,76.36,,1001.4,50.21124,,0
31.82,72.6,,1001.5,50.11928,,0
31.8,76.43,,1000,49.80452,,0
31.78,80.19,,999.2,49.79491,,0
31.77,88.98,,1000.8,48.49806,,0
31.78,78.43,,1000,48.54302,,0
31.79,80.69,,1000.1,48.29801,,0
31.79,88.73,,999.7,48.31317,,0
31.8,86.5,,998.1,48.48139,,0
31.81,84.12,,998.7,48.47179,,0
31.8,81.37,,1000,48.4627,,0
31.83,81.83,,1000.3,48.40662,,0
31.84,85.59,,1000.9,48.30256,,0
31.84,83.6,,1000.1,48.26972,,0
31.85,83.3,,998,48.10807,,0
31.86,86.85,,997.2,48.16667,,0
31.88,88.86,,998,48.06614,,0
31.89,86.51,,998.9,47.99795,,0
31.89,87,,998.7,48.06614,,0
31.93,83.35,,999.2,48.22375,,0
31.93,90.71,,1000.6,48.27831,,0
31.93,89.2,,1001,48.22931,,0
31.94,88.99,,1001,48.25002,,0
32.08,78.46,,1002.3,48.26619,,0
32.11,80.09,,1002.4,48.35106,,0
32.09,94.16,,1001.6,48.39702,,0
32.06,90.13,,1002,48.33944,,0
32.08,86.47,,1001.5,48.43643,,0
32.09,82.67,,1001.2,48.47886,,0
32.11,76.43,,1000.5,48.45007,,0
33.45,73.4,,999.2,48.3066,,0
33.57,75.6,,998.5,48.05907,,0
33.58,78.29,,998.5,48.17475,,0
33.62,88.63,,997.6,48.22527,,0
33.64,92.81,,997.7,48.20759,,0
33.51,89.61,,1000.1,48.33539,,0
33.64,94.48,,999.8,48.04948,,0
34.53,94.91,,998.4,48.12373,,0
33.78,96.01,,996.8,47.78831,,0
33.85,89.13,,998.1,47.46806,,0
33.41,86.69,,1000.7,47.29026,,0
32.61,87.31,,1003.2,47.16348,,0
32.38,87.24,,1004,47.25086,,0
32.44,80.64,,1004,47.32663,,0
32.37,83.12,,1002.9,47.40644,,0
32.65,83.38,,1002.5,47.38876,,0
32.93,81.21,,1002.1,47.49281,,0
33.16,87.28,,1001,47.33421,,0
33.36,90.29,,999.1,47.1655,,0
33.47,85.55,,997.9,47.12913,,0
33.64,88.47,,998,47.10034,,0
32.41,88.42,,1000.7,47.41502,,0
32.54,88.31,,1003.2,47.3438,,0
32.54,84.07,,1003.4,47.45341,,0
32.01,86.02,,1003.5,47.33471,,0
32.15,83.45,,1001.8,47.30693,,0
32.18,84.04,,1001.6,47.1165,,0
32.23,92.66,,1002.8,46.94174,,0
32.25,91.48,,1004.6,47.10792,,0
32.26,90.63,,1005.5,47.3534,,0
32.28,81.16,,1003.8,47.49332,,0
32.3,80.68,,1001.6,47.52565,,0
32.33,83.7,,999.6,47.41149,,0
32.33,82.93,,1000.8,47.38825,,0
32.14,85.63,,1003.6,47.55646,,0
32.29,85.43,,1003.8,47.40391,,0
32.3,81.56,,1003.1,47.38522,,0
32.16,83.24,,1002.9,47.52767,,0
32.29,88.55,,1003.3,47.77316,,0
32.15,79.54,,1002,47.7767,,0
32.3,78.24,,1001.1,47.75296,,0
32.31,78.84,,999.3,47.82519,,0
32.3,85.61,,999.6,48.0323,,0
32.32,86.53,,1001.3,48.05149,,0
19.9,92.01,,1003.9,47.83479,,0
20.6,83.89,,1005,47.84944,,0
21.1,88.1,,1004.9,47.86914,,0
19.9,92.24,,1004,47.83984,,0
19.6,90.9,,1003.5,47.82367,,0
18.5,79.18,,1004.4,47.82923,,0
17.8,77.46,,1005.1,47.70547,,0
19.1,84.14,,1005.2,47.68678,,0
20,74.42,,1005.5,47.61455,,0
19,77.45,,1005.9,47.63829,,0
19.3,81.01,,1006.2,47.8358,,0
18.2,77.82,,1004.8,47.88631,,0
16.8,76.76,,1006.9,47.90298,,0
15.7,77.44,,1007.4,48.07978,,0
16.3,82.76,,1007.5,48.23386,,0
17.1,82.52,,1007.1,48.39197,,0
18.5,79.97,,1006,48.63749,,0
19.5,76.09,,1004.5,48.86078,,0
19.5,72.17,,1003.4,49.028,,0
19.6,83.05,,1002.6,49.223,,0
19,85.24,,1002.4,49.48622,,0
18.8,90.4,,1002,49.43469,,0
19.5,87.38,,1003.6,49.368,,0
20.6,82.48,,1005,49.35638,,0
21,80.4,,1005.9,49.43873,,0
22.6,74.02,,1007.1,49.35386,,0
21.6,72.69,,1005.9,46.53817,,0
20.7,74.53,,1004.3,46.27806,,0
19.3,72.27,,1005.1,46.36898,,0
20.1,82.56,,1006.2,46.48413,,0
21.3,87.46,,1005.1,46.47858,,0
21.6,90.87,,1005.5,46.99326,,0
20.3,90.16,,1007.9,46.7993,,0
19.9,93.37,,1007.3,47.15944,,0
21,83.14,,1006.1,47.5802,,0
22.4,82.74,,1006.8,47.71709,,0
22.6,76.02,,1007.2,47.88833,,0
23.2,82.61,,1007.2,48.0323,,0
21.9,79.09,,1007.3,48.33994,,0
22.3,87.55,,1006.7,48.3748,,0
23.5,87.99,,1004.7,48.55817,,0
23.2,97.23,,1000.2,48.80824,,0
23.3,88.28,,1004.6,48.8335,,0
23.4,82.4,,1005.6,48.67841,,0
24.7,79.21,,1005.6,48.76934,,0
23.7,84.71,,1004.9,48.72791,,0
23.2,78.53,,1004.9,48.93504,,0
23.6,78,,1005.3,49.21088,,0
24.5,74.94,,1005.4,49.03962,,0
25,69.61,,1005.2,49.07599,,0
26.5,78.78,,1005.9,49.08155,,0
26.8,87.18,,1006.1,49.174,,0
27.1,94.26,,1002.7,31.20372,,0
26.2,92.98,,1001.8,30.945,,0
24,78.18,,1007,30.93592,,0
22.9,78.6,,1008.4,30.80279,,0
23.9,77.04,,1010.8,55.1811,,0
24.8,85.08,,1013.4,55.09416,,0
25.3,84.47,,1014.1,55.06484,,0
25.2,77.43,,1012.7,55.36409,,0
26.6,72.59,,1012.6,82.4099,,0
28,78.13,,1013.7,82.3952,,0
26,82.32,,1013.6,82.31461,,0
27.1,82.72,,1013.4,82.06678,,0
27.2,77.2,,1013.6,81.99026,,0
26.8,74.34,,1012.1,78.233,,0
23.3,71.46,,1011.9,78.48074,,0
23,69.3,,1012.5,77.70056,,0
25.2,72.46,,1012.5,78.25884,,0
25,68.39,,1012.4,77.24261,,0
24.1,67.69,,1012.7,77.13218,,0
23.5,69.14,,1012.4,76.41896,,0
23.4,69.44,,1011.4,75.39633,,0
24.1,65.26,,1011.7,75.35683,,0
24.5,69.05,,1012.2,74.75211,,0
26.3,65.22,,1010.7,74.41634,,0
27.9,60.44,,1009.9,74.41735,,0
26.7,67.5,,1010.4,74.36469,,0
22.9,90.13,,1011.7,74.51408,,0
24.4,90.16,,1011.5,74.55105,,0
26.6,90.17,,1011.2,74.77642,,0
28.1,87.2,,1011.4,74.8063,,0
29.3,79.44,,1011.9,74.70096,,0
29.3,74.34,,1012.5,75.13043,,0
28.7,63.59,,1012.6,75.35835,,0
29.5,56.3,,1011.5,74.54092,,0
29.1,61.95,,1011.6,74.51155,,0
29.4,65.17,,1013.1,73.80965,,0
29.5,66.88,,1014.8,73.11489,,0
30,67.16,,1015,60.88821,,0
29.8,69.57,,1013,60.93879,,0
29.6,71.68,,1013.5,60.75671,,0
30.8,66.73,,1015.1,60.36323,,0
29.6,68.39,,1014.2,59.74927,,0
29.4,72.98,,1013.8,59.12523,,0
29,72.43,,1014.6,58.26054,,0
29.8,71.3,,1014.6,57.87828,,0
30.2,69.43,,1013.4,57.4571,,0
30.6,70.15,,1012.9,57.01217,,0
31.3,73.51,,1012.1,56.51671,,0
31.4,72.49,,1012.4,55.58955,,0
30.5,75.32,,1012.6,55.32113,,0
30,87.47,,1011.2,54.69735,,0
29.3,92.13,,1011,54.34909,,0
29.3,83.73,,1013,49.87424,,0
29.1,80.14,,1014.1,49.44833,,0
30.3,73.99,,1014.4,49.09266,,0
30.1,75,,1015.5,47.04226,,0
30.6,71.93,,1016.1,57.9516,,0
29.7,67.12,,1016.9,58.08559,,0
31.2,66.38,,1017.8,58.07952,,0
30.1,78.69,,1018,58.61197,,0
29.2,86.65,,1018.1,58.26408,,0
30.4,81.01,,1018.6,58.47949,,0
31.9,81.5,,1018,58.37381,,0
31.9,78.6,,1016.1,58.39909,,0
31.1,76.78,,1014.2,58.42083,,0
31.5,71.92,,1014.2,58.59073,,0
31.4,72.56,,1014.2,59.0959,,0
30.5,63.76,,1015.1,59.29615,,0
28.1,67.71,,1015,59.29666,,0
29.2,71.27,,1015.2,63.71789,,0
31.4,71.55,,1016,62.73394,,0
31.4,75.38,,1015.3,62.15677,,0
31.3,70.02,,1013.5,61.81129,,0
31.8,74.36,,1012.1,62.7476,,0
31.7,75.35,,1011.4,62.90594,,0
31.6,68.78,,1012.7,62.73192,,0
28.8,74.06,,1014.8,63.56359,,0
30.1,74.85,,1013.2,63.62228,,0
30.8,65.84,,1012.5,63.51705,,0
31.1,66.12,,1014.2,62.31762,,0
29.9,74.54,,1016.3,61.52348,,0
31.2,69.73,,1017,61.00808,,0
32.2,69.5,,1016.8,61.88058,,0
29.6,73.55,,1015.5,62.40413,,0
31.8,77.78,,1014.5,59.73157,,0
31.2,75.61,,1014.5,59.90604,,0
32.7,82.13,,1015.1,59.08781,,0
32.8,75.21,,1014.2,58.88705,,0
32.9,73.3,,1013.6,58.85267,,0
32.9,68.36,,1013.8,58.86329,,0
32.5,66.63,,1014.1,58.84357,,0
32.8,66.54,,1014.8,59.77961,,0
32.8,65.76,,1013.6,60.41228,,0
31.9,66.97,,1013.5,60.77188,,0
31,66.28,,1012.7,61.09912,,0
31.2,63.17,,1011.5,60.2019,,0
29.3,70.21,,1009.7,60.035,,0
29.2,61.1,,1010.7,60.01326,,0
29,60.54,,1011.8,60.00314,,0
31.4,62.81,,1013,59.87115,,0
31.4,64.92,,1013.8,59.61323,,0
32.7,63.05,,1014.4,59.59604,,0
33.6,63.22,,1012.7,59.68403,,0
31.7,63.49,,1011.6,60.00921,,0
30.7,66.05,,1012.1,56.55614,,0
32,67.51,,1012.4,56.41358,,0
31,64.89,,1013.3,56.08649,,0
29.5,66.79,,1012.9,55.72908,,0
30.7,77.73,,1015.4,55.4192,,0
29.2,62.9,,1014,54.13023,,0
29.1,53.55,,1011.9,54.03116,,0
31.5,53.95,,1011.4,53.80018,,0
31.8,62.71,,1011.5,53.66776,,0
30.7,57.37,,1014.8,53.34935,,0
30.2,50.95,,1016.8,49.93941,,0
31.7,53.57,,1017.8,50.33401,,0
31.6,59.05,,1018.3,50.62505,,0
30.7,58.96,,1016.9,51.11063,,0
26.7,60.08,,1018.3,51.431,,0
30,55.31,,1016,51.87164,,0
29.8,64.88,,1012.1,52.48766,,0
28.3,55.27,,1011.9,54.49314,,0
28.2,62.33,,1012.3,54.96425,,0
28.9,65.6,,1012,55.42476,,0
29.5,67.2,,1010.2,59.46253,,0
29.5,65.44,,1009.9,59.89694,,0
29.2,61.5,,1010.6,60.06939,,0
29.9,61.14,,1012.6,60.39155,,0
30.5,56.06,,1011.6,60.5807,,0
29.8,53.12,,1010.7,60.88163,,0
28.8,70.95,,1011.3,61.44104,,0
29.3,64.5,,1011.1,62.44104,,0
29.2,67.94,,1010.3,2301.18018,,0
30,60.36,,1008.7,2301.18018,,0
28.3,58.6,,1006.6,2301.18018,,0
28.7,60.48,,1007.8,62.78554,,0
29.4,62.85,,1010,63.09867,,0
30.5,46.95,,1010.2,63.45128,,0
30.2,44.01,,1012.1,63.83931,,0
27.4,45.5,,1012.3,63.94201,,0
28.1,52.89,,1011.3,64.4525,,0
28.7,48.65,,1011.1,64.70649,,0
29.5,42.86,,1011.5,65.08749,,0
30.6,60.79,,1010.4,65.01057,,0
31,60.66,,1009.5,64.99692,,0
31,47.7,,1008.7,65.12493,,0
30.6,71.07,,1008,65.27976,,0
28.4,66.25,,1008.5,65.58083,,0
28.2,49.62,,1009.1,65.24181,,0
28.6,60.05,,1010.8,65.34503,,0
27.5,49.33,,1011.7,65.69417,,0
26.6,57.61,,1009.4,65.68709,,0
26.4,59.5,,1008.7,65.91226,,0
27.6,67.16,,1006.7,66.26446,,0
29,70.89,,1007.5,66.44106,,0
28.5,73.52,,1010.5,66.79784,,0
28.8,73.07,,1012.4,66.95977,,0
30.6,79.87,,1010.5,67.10754,,0
29.5,64.26,,1008.6,67.61009,,0
29.9,70.27,,1008.3,67.68854,,0
30.9,75.13,,1007.9,68.18655,,0
29.7,73.47,,1007.7,68.39964,,0
28.6,74.57,,1008.3,68.68662,,0
29.1,67.85,,1010.1,68.78634,,0
29,66.91,,1010.5,69.09155,,0
28.8,63.44,,1009.2,69.0703,,0
28.6,66.46,,1007.6,69.08852,,0
29.7,65.89,,1006.2,68.59451,,0
29.4,71.15,,1007.6,68.18757,,0
29.6,77.72,,1009.8,68.12481,,0
29.7,68.46,,1011.1,67.83582,,0
27.3,70.92,,1011.1,67.42941,,0
26.9,72.79,,1009.6,67.312,,0
27.4,69.44,,1009.1,67.62426,,0
29.3,70.84,,1008.4,67.92033,,0
29.4,72.1,,1008.6,67.81557,,0
29,66.5,,1007.3,61.45773,,0
28.9,56.97,,1007.7,61.63476,,0
28.7,65.22,,1007.9,61.75362,,0
28.8,68.41,,1007.9,61.60188,,0
29.9,77.69,,1006.7,61.92763,,0
29.3,74.05,,1005,62.89987,,0
28.1,74.77,,1005.1,63.43003,,0
29.4,74.75,,1004.8,45.73412,,0
30.1,78.2,,1006.4,44.81752,,0
30.2,72.78,,1007.2,44.50342,,0
28.5,64.97,,1006.7,39.92932,,0
28.5,72.73,,1005.4,39.68502,,0
27.3,67.49,,1006.8,39.55278,,0
29.3,61.64,,1008.5,38.63369,,0
28.7,63.12,,1008,90.27671,,0
27.5,68.01,,1005.1,90.74081,,0
27,80.59,,1005.7,90.66524,,0
29.7,75.27,,1007.2,90.86509,,0
30.4,73.19,,1007.5,90.99849,,0
29.9,69.82,,1008.7,91.41545,,0
31.4,73.07,,1007.5,91.35103,,0
31,73.61,,1006.7,80.93363,,0
30.2,74.29,,1006.3,81.1566,,0
30.6,77.41,,1004.2,81.36488,,0
30.5,74.76,,1003.6,85.81832,,0
30.3,74.44,,1005.1,86.06422,,0
29.1,77.18,,1007.6,86.27006,,0
29.3,74.74,,1006.2,86.48453,,0
30.1,78.01,,1006.6,86.4034,,0
30.7,84,,1005.5,86.4612,,0
31.7,72.18,,1007.6,86.58035,,0
29.6,72.76,,1005.6,86.39174,,0
28.4,83.51,,1004.7,86.19096,,0
27.3,73.31,,1004.8,86.63409,,0
28,82.72,,1003.1,88.21006,,0
29.6,72.94,,1003.4,88.53309,,0
29.9,80.1,,1004,88.85207,,0
30.9,72.4,,1004.3,89.33031,,0
31.5,83.16,,1004.6,89.13506,,0
31.4,83.01,,1004.8,89.72235,,0
31.7,76.65,,1003.6,89.84864,,0
29.3,77.27,,1003.3,89.80553,,0
27.4,76.99,,1003.4,89.94957,,0
27.1,73.02,,1003.6,90.02311,,0
27.6,74.21,,1001.3,,,0
26.1,75.41,,1000.9,,,0
29.1,74.84,,1001.4,,,0
29,78.24,,1003.7,,,0
30.2,88.89,,1005.8,,,0
28.1,81.42,,1004.8,,,0
28.9,78.36,,1001.8,,,0
27.7,80.82,,1001.7,,,0
26.6,80.49,,1003.8,,,0
24.7,76.82,,1004.1,,,0
27.5,77.85,,1001.2,,,0
29.2,80.02,,998.1,,,0
29.6,85.09,,995.6,,,0
28.9,87.28,,994.1,,,0
29.7,86.14,,992.9,,,0
29.8,84.97,,993.4,,,0
30,74.13,,994.7,,,0
29.6,68.16,,996.3,,,0
29.5,59.44,,997.7,,,0
27.4,64.74,,999.2,,,0
25.5,74.93,,999,,,0
24.6,65.27,,998,,,0
26.7,71.26,,999.2,,,0
28.3,84.41,,1001.6,,,0
29,85.29,,1002.1,,,0
26.7,78.94,,1001.5,,,0
26.7,87.96,,1000.9,,,0
25.8,91.18,,1000.3,,,0
26,94.71,,999,,,0
25.9,90.09,,998.8,,,0
25,86.29,,998.8,,,0
23.6,84.87,,1002.8,,,0
24.3,80.25,,1002.7,,,0
24.7,78.41,,1002.2,,,0
25.1,76.87,,1001.9,,,0
26.4,79.13,,1000.9,,,0
27.3,89.11,,1000.1,,,0
26.6,87.82,,1000,,,0
25.5,91.92,,1000.1,,,0
25.6,83.48,,998.9,,,0
25.6,80.53,,997.8,,,0
25.2,84.32,,997.3,,,0
24.7,88.61,,998.5,,,0
25.1,88.25,,998.7,,,0
25.2,84.21,,997.6,,,0
25,85.44,,996.6,,,0
22,85.13,,997.2,,,0
22,87.85,,996.4,,,0
22.6,87.58,,995.4,,,0
25.1,86.69,,995.1,,,0
26.4,90.78,,997.4,,,0
25.7,84.19,,997.9,,,0
23.8,77.51,,997,,,0
21,81.3,,995.2,,,0
20.1,93.45,,993.6,,,0
19.9,94.23,,995.6,,,0
20.3,92.8,,999.2,,,0
20.2,88.91,,1000.9,,,0
20.6,89.87,,1000.6,,,0
19.9,94.33,,1000.7,,,0
20.2,92.5,,999.8,,,0
19.6,91.33,,999.8,,,0
20,90.97,,999.3,,,0
20.5,88.89,,998.6,,,0
20.7,90.7,,998.5,,,0
20.5,94.17,,999.6,,,0
19.9,90.01,,1001.1,,,0
20.1,87.19,,1000.3,,,0
21.3,83.65,,999.9,,,0
21.9,90.66,,999.6,,,0
20.3,91.58,,997.8,,,0
22,91.01,,997.5,,,0
23.1,86.55,,1000.3,,,0
23.4,85.04,,1002.3,,,0
,79.41,,1001.3,,,0
,81.24,,999,,,0
,,,997.3,,,0
