Temperature,Humidity,LightIntensity,Label
30.2,79,426,0
30.2,77,427,1
30.2,78,428,0
30.2,79,429,1
30.2,78,430,0
30.2,78,431,1
30.2,78,432,0
30.2,77,433,1
30.2,77,434,0
30.2,77,435,1
30.2,78,436,0
30.2,78,437,0
30.2,79,438,1
30.2,78,439,0
30.2,79,440,1
30.2,78,441,0
30.2,78,442,1
30.2,77,443,0
30.2,78,444,1
30.2,77,445,0
30.2,79,446,1
30.2,79,447,0
30.2,79,448,0
30.2,79,449,1
30.2,79,450,0
30.2,78,451,1
30.2,79,452,0
30.2,79,453,1
30.2,78,454,0
30.2,78,455,1
30.2,78,456,0
30.2,78,457,1
30.2,78,458,0
30.2,79,459,0
30.2,78,460,1
30.2,78,461,0
30.2,78,462,1
29.8,80,463,0
29.8,80,464,1
29.8,80,465,0
29.8,80,466,1
29.8,80,467,0
29.8,80,468,1
29.8,80,469,0
29.8,80,470,0
29.8,81,471,1
29.8,80,472,0
29.8,80,473,1
29.8,80,474,0
29.8,81,475,1
29.8,81,476,0
29.8,80,477,1
29.8,80,478,0
29.8,80,479,1
29.8,81,480,0
29.8,81,481,0
29.8,80,482,1
29.8,80,483,0
29.8,80,484,1
29.8,80,485,0
29.8,80,486,1
29.8,80,487,0
29.8,80,488,1
29.8,80,489,0
29.8,80,490,1
29.8,80,491,0
29.8,80,492,0
29.8,80,493,1
29.8,80,494,0
29.8,80,495,1
29.8,80,496,0
29.8,80,497,1
29.8,80,498,0
29.8,81,499,1
29.8,81,500,0
29.8,80,501,1
29.8,81,502,0
29.8,81,503,0
29.8,81,504,1
29.8,81,505,0
29.8,81,506,1
29.8,81,507,0
29.8,81,508,1
29.8,81,509,0
29.8,81,510,1
29.8,81,511,0
29.8,82,512,1
29.8,82,513,0
29.8,82,514,0
29.8,82,515,1
29.8,82,516,0
29.8,82,517,1
29.8,81,518,0
29.8,81,519,1
29.8,81,520,0
29.8,81,521,1
29.8,81,522,0
29.8,81,523,1
29.8,81,524,0
29.8,81,525,0
29.8,81,526,1
29.8,81,527,0
29.8,81,528,1
29.8,81,529,0
29.8,81,530,1
29.8,81,531,0
29.8,81,532,1
29.8,81,533,0
29.9,81,534,1
30.2,80,535,0
29.8,81,536,0
29.8,81,537,1
29.8,81,538,0
29.8,81,539,1
30.2,80,540,0
30.2,79,541,1
30.2,79,542,0
30.2,79,543,1
30.2,79,544,0
29.8,81,545,1
29.8,81,546,0
29.8,80,547,0
29.8,80,548,1
29.8,80,549,0
29.8,80,550,1
29.8,80,551,0
29.8,80,552,1
30.2,79,553,0
30.2,79,554,1
30.2,79,555,0
30.2,79,556,1
30.2,79,557,0
30.2,79,558,0
30.2,79,559,1
30.2,79,560,0
30.2,79,561,1
30.2,79,562,0
30.2,78,563,1
30.2,79,564,0
30.2,79,565,1
30.2,79,566,0
30.2,79,567,1
30.2,79,568,0
30.2,79,569,0
30.2,79,570,1
30.2,79,571,0
30.2,79,572,1
30.2,79,573,0
30.2,79,574,1
30.2,80,575,0
30.2,79,576,1
30.2,79,577,0
30.2,79,578,1
30.2,79,579,0
30.2,79,580,0
30.2,79,581,1
30.2,79,582,0
30.2,79,583,1
30.2,79,584,0
30.2,79,585,1
30.2,79,586,0
30.2,79,587,1
30.2,79,588,0
30.2,79,589,1
30.2,80,590,0
30.2,80,591,0
30.2,80,592,1
30.2,79,593,0
30.2,79,594,1
30.2,79,595,0
30.2,79,596,1
30.2,79,597,0
30.2,79,598,1
30.2,79,599,0
30.2,79,600,1
30.2,79,601,0
30.2,79,602,0
30.2,79,603,1
30.2,79,604,0
30.2,79,605,1
30.2,79,606,0
30.2,79,607,1
30.2,79,608,0
30.2,79,609,1
30.2,79,610,0
30.2,79,611,1
30.2,79,612,0
30.2,79,613,0
30.2,79,614,1
30.2,79,615,0
30.2,79,616,1
30.8,78,617,0
30.8,75,618,1
30.8,77,619,0
30.8,75,620,1
30.8,75,621,0
30.8,75,622,1
30.8,78,623,0
30.8,75,624,0
30.8,76,625,1
30.8,75,626,0
30.8,73,627,1
30.8,74,628,0
30.8,75,629,1
30.8,75,630,0
30.8,74,631,1
30.8,73,632,0
30.8,75,633,1
30.8,74,634,0
30.8,77,635,0
31.3,76,636,1
31.3,75,637,0
31.3,77,638,1
31.3,77,639,0
31.3,78,640,1
31.3,78,641,0
31.3,76,642,1
31.3,75,643,0
31.3,76,644,1
31.3,77,645,0
31.3,76,646,0
31.3,76,647,1
31.3,75,648,0
31.3,74,649,1
31.3,74,650,0
30.8,74,651,1
30.8,75,652,0
30.8,75,653,1
30.8,75,654,0
30.8,75,655,1
30.8,75,656,0
30.8,75,657,0
30.8,75,658,1
30.8,75,659,0
30.8,75,660,1
30.8,75,661,0
30.8,76,662,1
30.8,77,663,0
30.8,75,664,1
30.8,75,665,0
30.8,75,666,1
30.8,76,667,0
30.8,76,668,0
31.3,76,669,1
31.3,76,670,0
31.3,75,671,1
31.3,76,672,0
31.3,76,673,1
31.3,75,674,0
31.3,75,675,1
30.8,75,676,0
30.8,75,677,1
30.8,75,678,0
30.8,75,679,0
30.8,75,680,1
30.8,74,681,0
30.8,74,682,1
30.8,72,683,0
30.8,72,684,1
30.8,73,685,0
31.8,74,686,1
32.8,75,687,0
29.3,71,688,1
28.9,71,715,0
28.9,71,708,0
28.9,71,753,1
28.9,71,758,0
28.9,72,747,1
28.9,72,754,0
28.9,72,750,1
28.9,72,692,0
28.9,73,763,1
29.9,74,702,0
30.9,75,691,1
31.9,76,705,0
32.9,77,696,0
33.9,78,721,1
34.9,79,720,0
35.9,80,729,1
14.9,81,750,0
15.9,82,700,1
16.9,83,732,0
17.9,84,765,1
18.9,85,709,0
19.9,86,752,1
20.9,68,760,0
21.9,69,770,0
22.9,70,718,1
23.9,71,721,0
24.9,72,726,1
25.9,73,739,0
26.9,74,718,1
27.9,75,728,0
28.9,76,759,1
28.9,74,766,0
28.9,72,764,1
28.9,72,775,0
28.9,73,782,0
28.9,73,709,1
28.9,72,769,0
28.9,72,768,1
28.9,72,766,0
28.9,72,728,1
28.9,72,776,0
28.9,72,742,1
29.3,72,688,0
29.3,72,717,1
28.9,72,714,0
28.9,72,760,0
28.9,72,741,1
28.9,72,698,0
28.9,72,751,1
29.9,73,1024,0
30.9,74,1024,1
31.9,75,1024,0
32.9,76,1024,1
33.9,77,1024,0
34.9,78,1024,1
35.9,79,1024,0
36.9,80,1024,0
25.3,70,0,1
25.3,69,1,0
25.3,70,2,1
25.3,70,3,0
25.3,70,4,1
25.3,70,5,0
25.3,70,6,1
25.3,70,7,0
25.3,70,8,1
25.3,69,9,0
25.3,70,10,0
25.3,70,11,1
25.3,70,12,0
25.3,71,13,1
25.3,70,14,0
25.3,70,15,1
25.3,70,16,0
25.3,70,17,1
25.3,70,18,0
25.3,70,19,1
25.3,70,20,0
25.3,70,21,0
25.3,70,22,1
25.3,70,23,0
25.3,70,24,1
25.3,70,25,0
25.3,71,26,1
25.3,71,27,0
25.3,71,28,1
25.3,71,29,0
25.3,71,30,1
25.3,71,31,0
25.3,71,32,0
25.3,71,33,1
25.3,71,34,0
25.3,71,35,1
25.3,72,36,0
25.3,71,37,1
25.3,72,38,0
25.3,71,39,1
25.3,71,40,0
25.3,71,41,1
25.3,71,42,0
25.3,71,43,0
25.3,71,44,1
25.3,71,45,0
25.3,71,46,1
26.3,72,47,0
27.3,73,48,1
28.3,74,49,0
22.9,81,50,1
23,81,51,0
23,81,52,1
23,81,53,0
23,83,54,0
23,81,55,1
23,81,56,0
23,81,57,1
23,82,58,0
23.4,84,59,1
23,82,60,0
23,84,61,1
23,82,62,0
23.4,81,63,1
23.4,81,64,0
23.4,81,65,0
23.4,81,66,1
23.4,81,67,0
23.4,80,68,1
23.4,80,69,0
60.1,66,70,1
23.4,81,71,0
23.4,80,72,1
23.4,81,73,0
23.4,81,74,1
23,81,75,0
23,81,76,0
23,81,77,1
23,81,78,0
24,82,45,1
25,83,46,0
26,84,47,1
27,85,48,0
28,86,49,1
23.8,78,748,0
23.8,78,753,1
23.8,79,776,0
23.8,78,793,0
23.8,78,738,1
23.4,77,745,0
23.4,79,792,1
23.4,80,735,0
23.4,80,748,1
23.4,79,798,0
23.4,80,768,1
23.4,80,793,0
23.4,80,750,1
23.4,80,794,0
23.8,80,762,0
23.4,79,758,1
23.4,79,745,0
23.4,79,768,1
23.4,79,797,0
23.4,79,799,1
23.4,79,725,0
23.4,78,763,1
23.4,78,798,0
23.4,79,798,1
23.4,78,757,0
23.4,79,797,0
23.8,79,776,1
23.8,78,794,0
23.8,78,756,1
23.8,77,752,0
23.8,77,739,1
23.8,78,760,0
23.8,77,796,1
23.8,77,750,0
23.4,77,796,1
23.4,77,747,0
23.4,77,750,0
23.4,78,793,1
24.1,79,761,0
24.1,79,758,1
24.5,79,765,0
24.5,79,788,1
24.5,78,801,0
24.5,78,780,1
24.5,78,747,0
24.5,78,758,1
24.5,78,774,0
24.5,78,841,0
24.5,78,835,1
24.5,78,837,0
24.5,77,842,1
24.5,77,840,0
24.5,77,860,1
24.5,78,869,0
24.5,78,831,1
24.5,78,826,0
24.5,77,847,1
24.5,77,860,0
24.8,77,842,0
24.8,77,737,1
24.8,77,787,0
24.5,77,754,1
24.5,77,801,0
24.8,77,840,1
24.8,77,841,0
24.5,77,838,1
24.5,77,836,0
24.5,77,866,1
24.5,77,833,0
24.5,77,860,0
24.5,77,836,1
24.5,77,825,0
24.5,77,860,1
24.5,77,834,0
24.5,77,826,1
24.5,77,855,0
24.2,77,848,1
24.1,77,836,0
24.1,78,861,1
24.1,78,834,0
24.1,78,857,0
24.1,78,829,1
24.1,78,848,0
24.1,78,845,1
24.1,78,840,0
24.1,78,836,1
24.1,78,869,0
24.1,78,826,1
24.1,78,833,0
24.1,78,846,1
24.1,78,823,0
24.1,79,825,0
24.1,79,829,1
24.5,79,847,0
24.5,78,859,1
24.5,78,831,0
24.5,77,805,1
24.5,77,823,0
24.5,77,813,1
24.5,77,846,0
24.5,77,705,1
24.5,77,749,0
24.5,77,729,0
24.5,77,747,1
24.5,77,722,0
24.5,77,762,1
24.5,77,711,0
24.5,77,786,1
24.5,77,730,0
24.1,11,865,1
24.1,77,843,0
24.1,77,845,1
24.5,77,841,0
24.5,77,842,0
24.5,77,847,1
24.5,76,846,0
24.5,76,868,1
24.5,76,838,0
24.5,76,862,1
24.5,76,833,0
24.5,76,849,1
24.5,77,836,0
24.5,77,848,1
24.5,77,841,0
24.5,77,864,0
24.5,77,846,1
24.5,77,848,0
24.5,77,850,1
25.5,78,858,0
23.8,98,824,1
23.8,80,822,0
23.8,73,840,1
23.8,73,824,0
23.8,73,824,1
23.8,73,845,0
23.8,73,823,0
23.8,73,821,1
23.8,73,831,0
23.8,73,814,1
23.8,73,723,0
23.8,73,726,1
23.8,73,816,0
23.8,73,843,1
23.8,73,836,0
24.1,72,820,1
23.8,72,763,0
23.8,72,706,0
23.8,72,828,1
23.8,72,821,0
23.8,72,818,1
24.1,72,821,0
24.1,72,811,1
24.1,72,833,0
23.8,72,848,1
24.1,72,810,0
24.1,73,822,1
24.1,72,814,0
24.1,72,837,0
24.1,72,818,1
24.1,72,822,0
23.8,72,820,1
24.1,72,842,0
24.1,72,826,1
24.1,72,829,0
24.1,72,823,1
24.1,72,841,0
24.1,72,853,1
24.1,72,820,0
24.1,72,813,0
24.1,72,762,1
24.1,72,742,0
24.1,72,727,1
24.1,72,745,0
24.1,72,774,1
24.1,72,765,0
24.1,72,718,1
24.1,72,721,0
24.1,72,734,1
24.1,72,740,0
24.1,72,759,0
24.1,72,720,1
24.1,72,738,0
24.1,72,728,1
24.1,72,720,0
24.1,72,740,1
24.1,72,720,0
24.1,72,775,1
24.1,72,735,0
24.1,72,748,1
24.1,72,774,0
24.1,72,734,0
24.1,71,749,1
24.1,71,728,0
24.1,71,723,1
24.1,72,738,0
24.1,72,735,1
24.1,71,768,0
24.1,71,738,1
24.1,71,759,0
24.1,71,749,1
24.1,71,717,0
24.1,71,735,0
24.1,71,727,1
24.1,71,733,0
24.1,71,740,1
24.1,71,766,0
24.1,71,763,1
24.1,72,735,0
24.1,72,732,1
24.1,71,730,0
24.1,72,748,1
24.1,71,712,0
24.1,71,727,0
24.1,71,773,1
24.1,71,773,0
24.1,71,742,1
24.1,72,741,0
24.1,71,769,1
24.1,71,729,0
24.1,71,753,1
24.1,71,708,0
24.1,71,760,1
24.1,71,717,0
24.1,71,740,0
24.1,71,735,1
24.1,71,773,0
24.1,72,774,1
24.1,71,708,0
24.1,72,735,1
24.1,72,716,0
24.1,72,768,1
22.6,71,842,0
22.6,71,833,1
22.6,71,789,0
23,71,794,0
23,70,800,1
23,71,813,0
23,70,835,1
23,70,835,0
23,69,796,1
23,69,674,0
23,70,680,1
23.4,70,668,0
23.4,69,729,1
23.4,70,716,0
23.4,70,720,0
23.4,70,750,1
23.4,69,722,0
23.4,69,746,1
23.4,69,696,0
23.4,70,702,1
23.4,70,712,0
23.4,69,715,1
23.4,69,709,0
23.4,69,722,1
23.4,69,727,0
23.4,69,834,0
23.4,69,797,1
23.4,69,816,0
23.4,69,807,1
23.4,69,810,0
23.4,69,812,1
23.4,69,833,0
23.4,70,762,1
23.4,69,776,0
23.4,69,744,1
23.4,69,810,0
23.4,69,796,0
23.4,70,796,1
23.4,70,806,0
23.4,69,758,1
23.4,69,713,0
23.4,69,685,1
23.4,69,718,0
23.4,70,685,1
23.4,69,746,0
23.4,69,686,1
23.4,69,675,0
23.4,69,685,0
23.4,69,741,1
23.7,69,726,0
23.4,69,709,1
23.4,69,756,0
23.4,70,713,1
23.4,70,727,0
23.5,70,686,1
23.5,70,725,0
23.4,70,715,1
23.8,70,722,0
23.8,70,738,0
23.8,70,736,1
23.8,70,713,0
23.4,69,769,1
23.4,69,712,0
23.4,69,756,1
23.8,69,740,0
23.8,69,727,1
23.8,69,768,0
23.4,70,712,1
23.4,70,754,0
23.4,69,768,0
23.4,69,746,1
23.4,69,762,0
23.4,69,738,1
23.4,69,735,0
23.4,69,768,1
23.4,70,736,0
23.4,70,758,1
23.4,70,730,0
23.4,70,748,1
23.4,71,712,0
23.4,70,722,0
23.4,70,716,1
23.4,70,758,0
23.4,70,766,1
23.4,70,725,0
23.4,70,772,1
23.4,71,715,0
23.4,71,737,1
23.4,71,741,0
23.4,71,748,1
23.4,71,752,0
22.6,71,761,0
22.6,71,716,1
22.6,71,715,0
23,71,776,1
23,71,716,0
23,71,760,1
23,70,726,0
23,70,742,1
23,70,749,0
23,70,805,1
23,71,730,0
23,71,727,0
23,72,729,1
23.4,71,759,0
23.4,70,794,1
23.4,70,787,0
23.4,69,749,1
23.4,70,807,0
23.4,70,741,1
23.4,70,786,0
23.4,70,782,1
23.4,70,754,0
23.4,70,757,0
23.4,70,747,1
23,70,742,0
23.4,70,758,1
23.4,70,879,0
23.4,71,841,1
23.4,71,866,0
23.4,71,844,1
23.4,70,820,0
23.4,70,834,1
23.4,69,867,0
23.4,69,855,0
23.4,69,871,1
23.4,69,873,0
23.4,69,833,1
23.4,69,831,0
23.4,69,838,1
23.4,69,870,0
23.4,69,835,1
23.4,69,838,0
23.4,69,808,1
23.4,69,807,0
23.4,69,778,0
23.4,69,675,1
23.4,69,676,0
23.4,69,712,1
23.4,69,831,0
23.4,69,822,1
23.4,69,830,0
23.4,69,802,1
23.4,69,794,0
23.4,69,837,1
23.4,69,806,0
23.4,69,833,0
23.4,69,806,1
23.4,69,823,0
23.4,69,834,1
23.4,69,852,0
23.4,69,727,1
23.4,70,728,0
23.4,69,729,1
23.4,69,865,0
23.4,69,864,1
23.4,69,826,0
23.4,69,829,0
23.4,69,832,1
23.4,69,856,0
23.4,69,860,1
23.4,69,843,0
23.4,69,832,1
23.4,69,834,0
23.4,69,860,1
23.4,69,857,0
23.4,69,834,1
23.4,69,855,0
23.4,69,830,0
23.4,69,843,1
23.4,69,840,0
23.4,69,860,1
23.4,69,844,0
23.4,75,840,1
23.4,73,834,0
23.4,73,842,1
23.4,73,819,0
23.4,73,831,1
23.4,73,821,0
23.4,72,855,0
23.8,73,837,1
23.8,72,825,0
23.8,71,842,1
23.8,71,840,0
23.8,71,821,1
23.8,69,855,0
23.8,69,826,1
23.8,69,825,0
23.8,70,857,1
23.8,70,829,0
23.8,69,822,0
23.8,69,848,1
23.8,71,836,0
23.8,70,823,1
23.8,71,820,0
23.8,71,825,1
23.8,71,846,0
23.8,71,826,1
23.8,70,852,0
23.8,70,820,1
23.8,69,852,0
23.8,69,853,0
23.8,69,824,1
23.8,69,843,0
23.8,69,843,1
23.8,69,847,0
23.8,69,847,1
23.8,69,820,0
23.8,69,821,1
23.8,69,846,0
23.8,69,832,1
23.8,69,842,0
23.8,68,856,0
23.8,68,845,1
23.8,67,835,0
23.8,68,845,1
23.8,69,831,0
23.8,68,820,1
23.8,69,824,0
23.8,69,849,1
23.8,69,864,0
23.8,69,841,1
23.8,69,860,0
23.8,70,861,0
23.8,69,852,1
23.8,69,822,0
23.8,69,852,1
23.8,69,829,0
23.8,69,828,1
23.8,69,862,0
23.8,69,822,1
23.8,69,836,0
23.8,69,860,1
23.8,69,821,0
23.8,69,858,0
23.8,69,828,1
23.8,69,773,0
23.8,69,783,1
23.4,69,782,0
23.4,69,718,1
23.8,69,736,0
23.8,69,734,1
23.8,70,781,0
23,77,848,1
23,77,822,0
23,76,849,0
23.4,75,820,1
23.4,75,843,0
23.4,74,849,1
23.4,74,853,0
23.4,74,852,1
23.4,75,843,0
23.8,74,829,1
23.8,74,844,0
23.8,73,814,1
23.8,74,832,0
23.8,74,814,0
23.8,75,841,1
23.8,75,820,0
23.8,75,848,1
23.8,75,830,0
23.8,75,811,1
23.8,74,835,0
24.1,75,849,1
24.1,75,843,0
21,69,800,1
21,69,817,0
21,70,828,0
21,70,843,1
21,70,817,0
21,69,824,1
21,69,822,0
21,69,856,1
21,69,824,0
21,69,834,1
21,69,855,0
21,68,834,1
21,69,835,0
21,69,881,0
21,69,912,1
21,68,876,0
21,70,768,1
21,70,764,0
21,69,793,1
21,69,793,0
21.4,69,793,1
21.4,69,782,0
21.4,69,769,1
21.4,67,786,0
21.4,66,762,0
21.4,66,792,1
21.4,68,785,0
21.4,68,776,1
21.4,67,759,0
21.4,66,783,1
21.4,66,763,0
21.4,66,808,1
21.4,66,784,0
21.4,67,796,1
21.4,68,800,0
21.4,68,768,0
21.4,67,773,1
21.4,66,771,0
21.4,65,788,1
21.4,64,808,0
20.6,70,773,1
20.6,70,847,0
20.6,70,822,1
20.6,70,855,0
20.6,70,866,1
20.6,70,854,0
20.6,70,853,0
20.6,70,858,1
20.6,70,876,0
21,69,843,1
21,69,847,0
21,69,881,1
21,69,860,0
21,68,848,1
21,69,881,0
20.6,70,859,1
20.6,70,880,0
20.6,70,877,0
20.6,70,859,1
20.6,70,846,0
20.6,69,855,1
20.6,70,861,0
20.6,69,873,1
20.6,69,866,0
20.6,69,873,1
20.6,69,895,0
20.6,69,885,1
20.6,69,886,0
20.6,69,876,0
20.6,69,888,1
20.6,69,893,0
20.6,69,876,1
20.2,69,890,0
20.2,69,912,1
20.2,69,888,0
20.2,69,895,1
20.2,69,896,0
20.6,69,888,1
20.6,69,886,0
20.6,69,886,0
20.6,69,908,1
20.6,69,888,0
20.6,69,892,1
20.6,69,886,0
20.6,70,883,1
20.6,70,824,0
20.6,69,782,1
18.2,70,618,0
18.2,70,678,1
18.2,70,596,0
18.6,70,522,0
19.6,71,475,1
20.6,72,753,0
21.6,73,772,1
22.6,74,738,0
19.4,68,799,1
19.4,65,853,0
19.4,65,841,1
19.4,65,860,0
19.8,65,825,1
19.8,65,860,0
19.8,64,753,0
19.8,65,842,1
19.8,65,831,0
19.8,64,826,1
19.8,65,822,0
19.8,64,900,1
20.2,64,849,0
20.2,64,849,1
20.2,63,840,0
20.2,63,857,1
20.2,64,818,0
20.2,64,841,0
20.2,63,830,1
20.2,63,842,0
20.2,63,849,1
20.2,63,833,0
20.2,63,855,1
20.2,71,855,0
20.2,71,858,1
20.2,70,856,0
20.2,70,859,1
20.3,70,861,0
20.6,71,853,0
20.2,71,879,1
20.2,71,889,0
20.2,71,871,1
20.2,71,885,0
20.2,71,890,1
20.2,71,855,0
20.2,71,892,1
20.6,71,878,0
20.6,71,868,1
20.6,71,867,0
20.6,71,869,0
20.6,71,857,1
20.6,71,888,0
20.6,71,876,1
20.6,71,856,0
20.6,71,858,1
18.2,72,692,0
18.2,72,684,1
18.2,72,693,0
18.2,71,729,1
18.2,71,675,0
18.2,70,693,0
18.2,72,675,1
18.3,71,736,0
18.6,71,663,1
18.6,70,694,0
18.2,70,692,1
18.2,70,716,0
18.6,66,741,1
18.6,70,667,0
19.8,70,842,1
19.8,70,831,0
19.8,70,831,0
19.8,70,818,1
19.8,70,841,0
20.2,70,842,1
20.2,70,859,0
20.2,70,824,1
20.2,70,866,0
20.2,70,868,1
20.2,70,832,0
20.2,70,845,1
20.2,69,867,0
20.2,69,858,0
20.2,69,825,1
20.2,69,832,0
20.2,69,860,1
20.2,69,868,0
20.2,69,855,1
20.2,69,951,0
20.2,70,822,1
20.2,69,832,0
21.8,73,691,1
21.8,73,702,0
21.8,73,740,0
21.8,73,696,1
21.8,73,762,0
21.8,73,692,1
21.8,73,754,0
22.2,73,721,1
22.2,73,741,0
22.2,73,694,1
22.2,72,701,0
22.2,73,664,1
22.2,73,627,0
22.2,73,580,0
21.8,73,591,1
22.8,74,475,0
21.8,75,720,1
19.2,76,512,0
20.2,77,569,1
21.2,78,810,0
22.2,79,793,1
22.2,80,801,0
22.2,81,835,1
22.2,82,812,0
23.2,83,552,0
22.6,73,826,1
22.6,73,601,0
22.6,73,824,1
22.6,73,830,0
22.6,73,818,1
22.6,73,785,0
22.6,73,834,1
22.6,73,828,0
22.7,72,812,1
22.6,73,796,0
22.7,73,843,0
22.6,73,835,1
22.6,73,694,0
22.6,73,847,1
22.7,72,824,0
22.7,72,794,1
22.6,72,816,0
22.7,72,826,1
20.6,78,816,0
26.2,59,878,1
26.2,59,546,0
24.8,59,564,0
24.8,59,541,1
24.5,59,536,0
25.3,58,555,1
26.2,58,480,0
26.2,58,517,1
26.2,58,550,0
22.2,73,866,1
22.2,73,869,0
22.3,74,885,1
22.2,86,718,0
22.2,87,760,0
22.2,88,718,1
22.2,86,735,0
22.2,85,737,1
22.2,85,749,0
22.2,86,778,1
22.6,86,740,0
22.6,86,769,1
22.6,85,729,0
22.6,85,744,1
22.6,85,782,0
22.6,85,727,0
22.6,85,712,1
22.6,85,722,0
22.6,85,721,1
22.6,84,732,0
22.6,84,727,1
22.6,83,782,0
23,82,768,1
21.8,88,728,0
21.8,88,730,1
21.8,88,718,0
22.2,88,722,0
22.2,88,727,1
22.2,89,732,0
22.2,88,738,1
22.2,87,777,0
22.6,87,721,1
22.6,88,766,0
22.6,88,763,1
22.6,87,739,0
22.6,86,758,1
22.6,86,746,0
22.6,86,728,0
22.6,86,736,1
22.6,85,744,0
22.6,85,740,1
22.6,86,773,0
22.6,86,774,1
22.6,86,717,0
22.6,86,722,1
22.6,86,721,0
22.6,85,720,1
22.6,86,748,0
22.6,86,768,0
22.6,85,736,1
22.6,82,727,0
22.6,82,729,1
22.6,84,753,0
22.6,84,734,1
22.6,85,749,0
22.6,85,781,1
22.6,85,765,0
22.6,85,741,1
22.6,85,718,0
22.6,85,736,0
22.6,85,722,1
22.6,85,785,0
22.6,85,820,1
22.6,85,817,0
22.6,85,821,1
22.6,85,814,0
22.6,84,812,1
22.6,84,834,0
22.6,85,832,1
22.6,85,852,0
22.6,84,835,0
22.6,84,820,1
22.6,84,855,0
22.6,82,812,1
22.6,84,854,0
22.6,85,826,1
21,75,842,0
21,77,831,1
21.1,77,848,0
21.4,77,807,1
21.4,76,833,0
21.4,76,843,0
21.4,76,814,1
21.4,76,847,0
21.4,76,814,1
21.4,76,814,0
21.4,76,720,1
21.4,76,746,0
21.4,75,780,1
21.4,75,836,0
21.4,76,813,1
21.8,77,833,0
21.8,77,842,0
21.8,76,810,1
21.8,75,820,0
21.8,74,845,1
21.8,74,813,0
21.8,74,811,1
21.8,74,813,0
21.8,74,811,1
21.8,74,814,0
21.8,74,941,1
21.8,74,812,0
21.8,74,806,0
21.8,75,818,1
21.8,75,817,0
21.8,74,820,1
21.8,74,818,0
21.8,74,849,1
21.8,74,812,0
21.8,75,805,1
21.8,75,848,0
21.8,74,810,1
21.8,74,845,0
21.8,74,814,0
21.8,74,834,1
21.8,74,813,0
21.8,74,848,1
21.8,74,832,0
21.8,73,818,1
22.2,73,825,0
22.2,74,843,1
21.8,74,840,0
21.8,74,807,1
21.8,74,814,0
21.8,74,813,0
21.8,74,814,1
21.8,74,832,0
21.8,74,807,1
21.8,74,816,0
21.8,74,813,1
22.2,74,807,0
22.2,74,814,1
22.2,74,824,0
22.2,74,849,1
22.2,74,820,0
21.9,74,846,0
22.6,72,667,1
22.6,73,823,0
22.6,73,788,1
22.6,72,800,0
22.6,72,823,1
22.6,72,796,0
22.6,72,794,1
22.6,72,801,0
22.6,72,794,1
22.6,73,824,0
22.6,73,798,0
22.6,72,805,1
22.6,73,799,0
22.6,73,832,1
22.6,73,812,0
22.6,73,807,1
22.6,73,833,0
22.6,73,806,1
22.6,73,819,0
22.6,73,807,1
22.6,73,788,0
22.6,73,825,0
22.6,73,802,1
22.6,73,832,0
23,74,820,1
23,74,788,0
23,74,824,1
23,74,833,0
23,73,823,1
23,73,821,0
23,73,798,1
23,73,808,0
23,73,840,0
23,73,810,1
23,73,832,0
23,73,841,1
22.7,73,806,0
23,74,800,1
23,74,795,0
23,73,821,1
22.6,73,843,0
22.8,74,802,1
23,74,818,0
23,73,810,0
22.6,73,824,1
22.6,73,814,0
23,76,802,1
23,74,814,0
23,73,840,1
23,73,843,0
23,73,841,1
23,73,807,0
23,73,841,1
23,73,823,0
23,73,796,0
23,73,841,1
23,73,804,0
23,73,816,1
23,73,841,0
23,73,801,1
23,73,811,0
23,72,805,1
23,72,802,0
23,72,812,1
23,73,830,0
23.4,73,833,0
23.4,73,797,1
23.4,72,812,0
23.4,72,806,1
23.4,73,805,0
23.4,73,831,1
23.4,72,810,0
23.4,72,817,1
24.1,71,833,0
24.1,72,813,1
24.1,72,841,0
24.5,72,831,0
24.5,71,828,1
24.6,71,817,0
24.8,69,812,1
24.8,70,802,0
24.8,69,795,1
24.8,69,806,0
24.8,70,841,1
24.8,70,831,0
24.5,69,801,1
24.5,69,822,0
24.8,69,801,0
24.8,70,842,1
24.8,70,821,0
24.8,69,841,1
24.8,70,816,0
24.8,70,812,1
25.3,70,831,0
25.3,70,800,1
25.3,70,841,0
25.3,69,798,1
25.3,69,832,0
25.3,69,798,0
24.8,70,821,1
24.8,70,806,0
24.8,70,832,1
24.8,71,798,0
24.8,70,825,1
24.8,70,823,0
25.3,69,814,1
25.3,69,842,0
24.8,70,798,1
24.8,69,806,0
24.8,70,807,0
24.8,69,834,1
25.3,69,819,0
25.3,69,818,1
25.3,69,798,0
25.3,69,806,1
25.3,69,820,0
25.8,69,808,1
25.8,69,813,0
25.3,69,821,1
25.3,69,798,0
25.3,69,805,0
25.3,69,829,1
25.8,69,807,0
25.8,69,808,1
25.3,69,800,0
25.3,69,832,1
25.3,69,807,0
25.3,70,800,1
25.3,69,807,0
25.8,69,801,1
25.8,69,807,0
25.8,70,825,0
25.8,69,806,1
25.8,69,818,0
25.3,69,805,1
26.3,70,775,0
27.3,71,705,1
23,77,756,0
23.4,77,728,1
23.3,76,729,0
23,75,729,1
23,75,715,0
23,75,759,0
23,75,714,1
23,75,766,0
23,75,736,1
23,75,717,0
23,75,712,1
22.7,75,765,0
22.6,75,760,1
23,76,721,0
23,76,728,1
23,75,720,0
23,75,714,0
23,75,705,1
23,75,756,0
23,75,726,1
23,75,715,0
23,75,726,1
23,75,744,0
23,75,711,1
23,76,721,0
23,76,753,1
23,76,734,0
23,75,706,0
23,75,708,1
23,76,725,0
23,76,720,1
23,76,720,0
23,75,734,1
23,75,745,0
22.7,75,750,1
23,75,716,0
23,75,765,1
23,75,745,0
23,75,728,0
23,75,816,1
23,75,856,0
23,76,847,1
23,76,835,0
23,76,860,1
23,75,811,0
23,77,835,1
23,76,823,0
23.4,77,811,1
23.4,75,831,0
23.4,75,805,0
23.4,74,826,1
23.4,74,814,0
23.4,73,807,1
23.4,74,831,0
23.4,73,848,1
23.4,75,834,0
23.8,74,835,1
23.8,74,820,0
23.8,74,842,1
23.8,74,805,0
23.8,73,826,0
23.8,73,855,1
23.8,73,843,0
24.1,73,816,1
23.8,73,850,0
23.8,73,857,1
23.8,73,856,0
23.8,73,826,1
23.8,73,853,0
23.8,73,845,1
23.8,73,845,0
23.8,73,822,0
23.8,73,812,1
23.8,73,806,0
23.8,73,800,1
24.1,73,831,0
24.1,73,818,1
24.1,73,845,0
24.1,73,813,1
23.8,73,806,0
23.8,73,816,1
23.8,73,840,0
23.8,73,828,0
23.8,73,814,1
23.8,73,809,0
23.8,73,833,1
24,73,856,0
24.1,73,812,1
24.1,73,856,0
24.1,73,810,1
24.1,73,825,0
24.1,73,836,1
24.1,72,812,0
24.1,72,820,0
24.1,72,820,1
24.1,72,842,0
24.1,72,814,1
24.1,72,829,0
23.4,77,837,1
23.4,77,802,0
23.8,77,834,1
23.8,77,812,0
23.8,76,832,1
23.8,76,825,0
23.8,77,760,0
24.1,76,706,1
24.1,75,722,0
24.1,75,747,1
24.1,75,758,0
24.1,75,769,1
24.1,75,758,0
24.1,74,721,1
24.1,74,760,0
24.1,74,732,1
24.1,74,729,0
24.1,74,710,0
24.1,74,770,1
24.1,74,703,0
24.1,74,720,1
24.1,74,745,0
24.1,74,726,1
24.1,74,749,0
24.1,75,716,1
24.1,75,732,0
24.1,74,776,1
24.1,74,757,0
24.1,75,734,0
24.1,75,738,1
24.1,75,729,0
24.1,74,733,1
24.1,76,721,0
24.1,76,744,1
24.1,76,714,0
24.1,76,737,1
24.1,76,736,0
24.1,75,729,1
24.1,75,723,0
24.1,74,748,0
24.1,74,768,1
24.1,74,716,0
24.1,74,773,1
24.1,74,720,0
24.2,74,754,1
24.5,74,765,0
24.5,73,771,1
24.5,73,711,0
24.5,74,777,1
24.1,73,770,0
24.1,74,746,0
24.1,74,773,1
24.1,74,746,0
24.1,73,720,1
24.5,73,740,0
24.2,73,776,1
24.1,74,773,0
24.1,75,766,1
24.1,75,720,0
24.1,76,709,1
24.1,75,768,0
24.1,75,703,0
24.1,75,725,1
24.1,75,773,0
24.1,77,738,1
24.5,77,723,0
24.5,76,714,1
24.1,75,774,0
24.1,74,774,1
24.2,75,703,0
24.5,75,762,1
24.5,76,774,0
18.6,74,735,0
18.6,74,702,1
18.6,74,708,0
18.6,73,732,1
18.6,73,748,0
18.6,73,738,1
18.6,73,701,0
18.6,73,721,1
18.6,73,720,0
18.6,73,702,1
18.6,73,728,0
18.6,73,717,0
18.6,73,715,1
18.6,73,722,0
18.6,73,739,1
18.6,73,703,0
18.6,72,736,1
18.6,72,768,0
18.6,72,709,1
18.6,72,720,0
18.6,73,721,1
18.6,73,734,0
18.6,73,700,0
19,73,710,1
19,73,696,0
18.8,73,768,1
19,73,735,0
19.8,84,786,1
19.8,86,774,0
19.8,86,741,1
19.8,86,793,0
19.8,85,780,1
20.2,85,775,0
20.2,84,780,0
20.2,84,754,1
20.2,84,800,0
20.2,85,749,1
20.2,83,802,0
20.2,82,742,1
20.2,82,817,0
20.2,82,824,1
20.2,82,834,0
20.2,82,859,1
20.2,82,829,0
20.2,82,864,0
20.2,82,860,1
20.2,81,850,0
20.2,81,866,1
20.2,81,824,0
20.2,81,830,1
20.2,81,817,0
20.2,81,861,1
20.2,81,738,0
20.2,80,745,1
20.2,80,738,0
20.2,80,744,0
20.2,81,794,1
20.2,80,736,0
20.2,80,773,1
20.2,81,760,0
20.2,81,768,1
20.2,81,747,0
20.2,81,774,1
20.2,81,748,0
20.2,81,746,1
20.2,81,782,0
20.2,81,800,0
20.2,81,784,1
20.2,82,754,0
20.2,82,769,1
20.2,81,782,0
20.2,81,756,1
20.3,82,754,0
20.6,82,741,1
20.6,82,775,0
20.6,82,740,1
20.6,82,749,0
20.6,82,842,0
20.6,82,825,1
20.6,82,849,0
20.6,81,832,1
20.6,80,825,0
20.6,80,821,1
20.6,80,848,0
20.6,80,745,1
20.6,80,785,0
20.6,80,798,1
20.2,80,749,0
20.6,80,774,0
20.6,80,750,1
20.6,79,797,0
20.6,79,752,1
20.6,79,788,0
20.2,79,776,1
20.2,79,736,0
20.2,80,798,1
20.2,80,738,0
20.2,80,762,1
20.2,80,739,0
20.2,80,736,0
20.2,80,735,1
20.2,80,795,0
20.2,79,787,1
20.2,79,756,0
20.2,80,792,1
20.6,79,764,0
20.2,79,749,1
20.2,80,746,0
20.2,80,798,1
20.2,80,741,0
20.2,80,756,0
20.2,79,766,1
20.2,79,775,0
20.2,79,780,1
20.2,79,745,0
20.2,79,769,1
20.2,80,788,0
20.6,80,750,1
21.8,70,843,0
21.8,71,885,1
21.8,71,865,0
21.8,71,865,0
21.8,71,859,1
21.8,71,841,0
21.8,71,878,1
21.8,71,841,0
21.8,71,867,1
22.8,72,976,0
23.8,73,842,1
24.8,74,726,0
25.8,75,691,1
26.8,76,710,0
27.8,77,701,0
28.8,78,842,1
29.8,79,853,0
30.8,80,849,1
31.8,81,865,0
32.8,82,844,1
33.8,83,800,0
33.8,38,849,1
33.2,37,846,0
28.5,45,867,1
25.8,53,627,0
24.1,58,428,0
23.8,62,355,1
23,63,364,0
23,63,352,1
22.6,65,974,0
20.6,80,861,1
20.6,81,878,0
21,81,842,1
21,81,835,0
21,81,113,1
21.8,71,316,0
21.8,70,1024,0
22.2,67,871,1
22.3,69,866,0
19.4,82,812,1
19.4,82,329,0
19.4,82,847,1
19.4,80,852,0
19.4,82,835,1
19.4,82,840,0
19.5,82,832,1
19.8,82,927,0
19.4,82,825,0
19.4,82,836,1
19.4,82,806,0
19.4,82,834,1
19.8,82,868,0
19.8,82,874,1
19.8,82,336,0
20.2,79,351,1
20.2,76,704,0
21.4,73,798,1
21.4,73,845,0
21.4,73,796,0
21.4,72,835,1
21.4,72,840,0
21.4,72,798,1
21.4,71,818,0
21.4,72,833,1
21.8,72,806,0
21.8,72,806,1
21.8,72,843,0
21.8,72,809,1
21.8,72,811,0
21.8,72,801,0
21.8,71,796,1
21.8,71,814,0
21.8,71,797,1
21.8,71,786,0
21.8,71,811,1
21.8,71,840,0
22.8,69,1024,1
23.8,69,849,0
24.8,70,848,1
25.8,71,849,0
26.8,72,543,0
27.8,73,487,1
27.6,67,482,0
28,64,502,1
25.8,60,379,0
25.8,60,421,1
25.8,58,377,0
26.8,59,376,1
27.8,60,384,0
27.1,58,388,1
27.1,57,389,0
27.1,56,382,0
22.2,70,877,1
22.2,71,900,0
22.2,73,876,1
22.2,73,867,0
22.2,73,866,1
22.2,73,876,0
22.2,73,860,1
22.2,73,858,0
22.2,73,860,1
22.2,73,858,0
22.2,74,870,0
22.2,74,866,1
22.2,73,866,0
22.2,74,890,1
22.6,74,871,0
22.6,74,865,1
22.6,74,874,0
22.6,75,879,1
22.6,74,861,0
22.6,75,865,1
22.6,74,870,0
22.6,75,861,0
22.6,75,859,1
22.6,74,860,0
22.6,74,874,1
22.6,74,869,0
22.6,74,857,1
22.6,74,888,0
22.6,74,868,1
22.6,74,865,0
22.6,74,878,1
22.6,74,856,0
22.6,74,856,0
22.6,74,880,1
22.6,74,880,0
22.6,74,866,1
22.6,74,860,0
22.6,75,865,1
22.6,75,860,0
22.6,75,856,1
22.6,74,878,0
22.6,75,865,1
22.6,75,877,0
22.6,75,868,0
22.6,75,866,1
22.6,75,889,0
22.6,75,859,1
22.6,74,873,0
22.6,74,890,1
22.6,73,864,0
22.6,74,862,1
22.6,74,861,0
22.6,74,857,1
22.6,74,859,0
22.6,74,888,0
22.6,74,890,1
22.6,74,889,0
22.6,74,868,1
22.6,74,867,0
22.6,75,884,1
22.6,75,865,0
22.6,75,871,1
22.6,75,878,0
22.6,75,858,1
22.6,75,865,0
22.6,74,883,0
22.6,74,857,1
23.6,75,951,0
21.4,76,933,1
21.4,86,1024,0
21.4,85,1024,1
21.4,82,1024,0
21,81,692,1
21,81,689,0
26.2,73,653,1
26.7,73,627,0
26.7,74,684,0
26.7,73,624,1
26.7,72,614,0
26.7,72,689,1
26.7,71,649,0
26.7,72,691,1
26.7,72,685,0
26.7,71,644,1
27.1,84,636,0
27.1,85,662,1
28.1,86,749,0
29.1,87,578,0
30.1,88,855,1
31.1,89,861,0
28.5,93,812,1
28.5,91,888,0
28,84,734,1
28,81,676,0
27.6,83,992,1
27.6,84,629,0
27.6,84,615,1
27.6,84,598,0
27.6,84,653,0
27.6,84,850,1
28,83,869,0
27.6,81,819,1
27.6,81,890,0
27.6,81,835,1
28,80,825,0
28,80,818,1
28,80,836,0
28,80,811,1
29,81,692,0
26.7,82,852,0
26.7,82,717,1
26.7,82,627,0
26.2,79,714,1
27.2,80,821,0
24.8,75,858,1
24.8,75,907,0
25.3,75,933,1
25.3,75,913,0
25.3,74,884,1
25.3,74,873,0
25.3,73,893,0
25.3,73,869,1
25.3,73,874,0
25.3,73,878,1
25.3,74,869,0
25.3,74,893,1
25.8,73,871,0
25.8,74,876,1
25.8,74,893,0
25.8,74,880,1
25.8,74,884,0
25.8,73,868,0
25.8,74,877,1
25.8,73,876,0
25.8,73,878,1
25.8,73,873,0
25.8,73,982,1
25.8,73,307,0
25.8,70,389,1
25.8,69,879,0
26.8,70,825,1
27.8,71,841,0
25.3,74,797,0
25.3,74,904,1
25.3,73,849,0
25.3,73,808,1
25.8,73,826,0
25.8,73,846,1
25.8,73,833,0
25.8,73,825,1
25.8,73,847,0
25.8,73,890,1
25.8,73,824,0
25.8,73,822,0
25.8,73,848,1
25.8,72,812,0
25.8,73,831,1
25.8,73,841,0
25.8,73,822,1
25.8,73,847,0
25.8,73,824,1
25.8,73,820,0
25.8,73,845,1
25.8,72,816,0
25.8,72,811,0
25.8,72,488,1
26.2,66,904,0
26.2,68,802,1
26.2,70,917,0
26.2,71,261,1
26.2,66,944,0
27.1,66,931,1
28.1,67,814,0
29.1,68,846,1
27.1,69,852,0
27.1,69,856,0
26.7,69,898,1
26.7,70,794,0
27.7,71,637,1
28.7,72,634,0
26.7,70,865,1
26.7,70,724,0
26.7,69,317,1
27.6,70,614,0
27.6,70,1024,1
27.6,69,1024,0
27.6,69,1024,0
27.6,69,1024,1
27.6,69,1024,0
28,68,1024,1
28,67,1024,0
28,67,1024,1
28,67,1024,0
28,67,1024,1
28,66,1024,0
28,66,1024,1
28,67,1024,0
28,67,1024,0
28,67,1024,1
28,67,1024,0
28,67,1024,1
28,67,1024,0
28,67,1024,1
28,67,1024,0
28,67,1024,1
28.4,67,1024,0
28.5,66,1024,1
28.5,66,1024,0
28.5,66,1024,0
28.5,66,1024,1
28.5,66,1024,0
28.5,66,1024,1
28.5,66,662,0
28,78,619,1
28,78,665,0
28,78,624,1
28,78,652,0
28,77,710,1
28,77,691,0
28,76,642,0
28.5,76,628,1
28.5,76,682,0
28.5,76,673,1
28.5,76,628,0
28.5,76,615,1
28.5,75,625,0
28.5,75,644,1
29.4,52,624,0
29.6,53,313,1
29.8,46,317,0
30.2,41,374,0
26.2,58,602,1
26.2,59,644,0
26.4,51,620,1
26.7,49,980,0
26.7,49,607,1
26.7,48,600,0
26.7,48,610,1
26.7,48,607,0
27.1,48,640,1
27.1,48,620,0
27.1,48,618,0
27.1,48,664,1
27.1,48,676,0
27.1,48,653,1
27.1,48,615,0
27.1,49,604,1
27.1,49,637,0
27.1,49,670,1
27.6,49,648,0
27.6,49,663,1
27.6,49,622,0
27.6,50,614,0
27.6,48,620,1
27.6,49,662,0
27.6,49,604,1
27.6,49,627,0
27.6,49,618,1
27.6,49,633,0
27.6,49,601,1
27.6,49,628,0
27.6,49,604,1
27.7,49,616,0
28,49,613,0
28,49,670,1
28,49,645,0
28,49,602,1
28,49,646,0
29,50,725,1
30,51,710,0
31,52,735,1
32,53,804,0
33,54,794,1
34,55,798,0
35,56,817,0
36,57,814,1
29.3,58,789,0
30.3,59,816,1
31.3,60,777,0
32.3,61,768,1
33.3,47,764,0
33.3,48,812,1
32.8,49,813,0
32.8,49,797,1
32.8,49,814,0
32.8,49,788,0
32.8,48,775,1
32.8,48,810,0
32.8,48,772,1
32.8,49,780,0
32.8,49,769,1
32.8,49,776,0
32.8,49,775,1
32.8,49,788,0
32.8,49,769,1
33.3,48,768,0
33.3,48,766,0
33.3,49,771,1
33.3,49,801,0
33.3,48,818,1
33.3,48,814,0
33.3,47,817,1
33.3,47,805,0
33.3,48,773,1
33.3,50,798,0
33.3,48,738,1
33.3,48,744,0
33.3,48,741,0
33.3,48,720,1
33.3,48,712,0
33.3,49,674,1
33.3,48,718,0
33.3,48,664,1
33.3,48,735,0
33.3,49,665,1
33.3,49,668,0
33.3,49,705,1
33.3,49,716,0
33.3,49,715,0
33.3,49,687,1
33.3,49,705,0
33.3,49,713,1
33.3,49,810,0
33.3,49,682,1
33.3,48,691,0
33.3,49,729,1
33.3,49,694,0
33.3,49,687,1
33.3,49,696,0
33.3,49,738,0
33.3,49,732,1
33.3,49,753,0
33.3,49,715,1
33.3,49,722,0
33.3,49,720,1
33.3,49,734,0
33.3,49,687,1
33.3,49,715,0
33.3,49,805,1
33.3,49,802,0
33.3,49,788,0
33.3,49,778,1
33.3,49,781,0
33.3,49,824,1
33.3,49,813,0
33.3,49,787,1
33.3,48,740,0
33.3,49,749,1
33.3,48,774,0
33.3,48,750,1
33.3,48,750,0
33.3,48,740,0
33.3,48,711,1
33.3,48,721,0
33.3,48,703,1
33.3,48,686,0
33.3,48,741,1
33.3,48,696,0
33.3,48,792,1
33.3,48,783,0
33.3,48,814,1
33.3,48,788,0
34.3,49,819,0
33.3,48,830,1
33.3,48,817,0
33.3,48,811,1
33.3,48,816,0
33.3,48,811,1
33.3,48,823,0
33.3,48,800,1
32.8,49,806,0
32.8,49,811,1
32.8,49,802,0
32.8,49,805,0
32.8,49,784,1
32.8,49,825,0
32.8,49,812,1
32.8,49,811,0
32.8,49,787,1
32.8,49,784,0
32.8,49,782,1
32.8,49,800,0
32.8,49,783,1
32.8,49,780,0
32.8,49,788,0
32.8,49,793,1
32.8,49,796,0
33.2,48,787,1
33.3,48,830,0
33.3,48,796,1
33.3,48,826,0
33.3,48,821,1
33.3,48,798,0
33.3,48,793,1
34.3,49,805,0
35.3,50,784,0
36.3,51,813,1
37.3,52,802,0
38.3,53,825,1
23.8,54,782,0
24.8,55,762,1
25.8,56,765,0
26.8,57,740,1
27.8,58,775,0
28.8,59,806,1
29.8,60,798,0
30.8,61,812,0
31.8,62,797,1
32.8,63,800,0
33.8,57,797,1
33.8,57,762,0
33.3,56,759,1
33.3,56,788,0
33.3,56,746,1
32.8,58,766,0
32.8,58,774,1
32.8,58,756,0
32.8,58,770,0
32.8,58,758,1
32.8,58,759,0
32.8,58,786,1
32.8,58,759,0
32.8,58,790,1
32.8,58,753,0
32.8,58,754,1
32.8,58,798,0
32.8,58,777,1
32.8,58,784,0
32.8,58,760,0
32.8,58,796,1
32.8,58,807,0
32.8,58,788,1
32.8,59,780,0
32.8,58,801,1
32.8,59,759,0
32.8,59,773,1
33.2,58,775,0
33.3,57,806,1
33.3,57,801,0
33.3,57,798,0
33.3,57,806,1
33.3,57,766,0
33.3,57,778,1
33.3,57,787,0
33.3,58,805,1
33.3,58,774,0
33.3,58,782,1
33.3,58,781,0
33.3,58,774,1
33.3,58,806,0
33.3,58,763,0
33.3,58,780,1
33.3,58,778,0
33.3,59,792,1
33.3,59,781,0
33.3,59,760,1
33.3,59,783,0
33.3,59,804,1
33.3,59,777,0
33.3,59,774,1
33.3,59,801,0
33.3,59,787,0
33.3,59,769,1
33.3,59,777,0
33.3,59,764,1
33.3,59,769,0
33.3,59,787,1
33.3,59,788,0
33.3,59,782,1
33.3,59,769,0
33.3,59,770,1
33.3,59,760,0
33.3,59,805,0
33.3,59,776,1
33.3,59,782,0
33.3,59,795,1
33.3,59,769,0
33.3,59,797,1
33.3,59,806,0
33.3,59,806,1
33.3,59,765,0
33.3,59,759,1
33.3,59,777,0
33.3,59,769,0
33.3,59,776,1
33.3,59,801,0
33.3,59,774,1
33.3,59,763,0
33.3,59,763,1
33.3,59,765,0
33.3,59,773,1
33.3,60,782,0
33.3,59,794,1
33.3,60,802,0
33.3,60,784,0
33.3,60,814,1
34.3,61,681,0
35.3,62,668,1
36.3,63,717,0
37.3,64,665,1
38.3,65,742,0
39.3,66,754,1
28.3,67,662,0
29.3,68,289,1
30.3,69,783,0
31.3,70,267,0
32.3,71,681,1
33.3,66,814,0
33.3,61,817,1
32.8,57,841,0
32.8,58,846,1
32.3,58,833,0
32.3,58,847,1
32.3,58,812,0
32.3,59,780,1
32.3,59,747,0
32.3,59,732,0
32.3,59,739,1
32.3,60,752,0
31.8,61,725,1
32.3,60,750,0
32.3,60,722,1
31.8,60,730,0
31.8,61,760,1
31.8,61,749,0
31.8,62,748,1
31.8,62,768,0
31.9,62,753,0
32.3,62,753,1
32.3,62,747,0
32.3,63,738,1
32.3,64,727,0
32.3,64,766,1
32.3,65,745,0
29.3,62,654,1
29.3,63,821,0
29.3,63,820,1
29.8,63,796,0
29.8,62,794,0
29.3,63,768,1
29.3,63,769,0
29.3,63,777,1
29.3,63,796,0
29.3,64,794,1
29.3,63,768,0
29.3,63,763,1
29.3,63,794,0
29.3,62,785,1
29.3,63,773,0
29.3,63,759,0
29.3,63,821,1
29.3,63,769,0
29.3,63,770,1
29.3,63,766,0
29.3,63,795,1
29.3,63,794,0
29.3,63,758,1
29.3,63,777,0
29.8,65,648,1
28.9,60,622,0
28.9,60,690,0
28.9,61,661,1
28.9,60,717,0
28.9,60,646,1
28.9,60,712,0
29.3,60,701,1
29.3,59,663,0
29.3,59,657,1
29.3,59,655,0
29.3,59,715,1
29.3,60,675,0
29.3,59,658,0
29.3,59,722,1
29.3,59,654,0
29.3,58,684,1
29.3,58,655,0
29.3,58,675,1
29.3,58,727,0
29.3,58,655,1
29.3,59,720,0
29.3,58,724,1
29.3,58,722,0
29.3,58,657,0
29.3,58,663,1
29.3,58,653,0
29.3,58,694,1
29.3,58,693,0
29.3,59,713,1
29.3,59,722,0
29.3,59,685,1
29.3,59,722,0
29.3,59,665,1
29.3,59,701,0
29.3,61,708,0
29.3,60,666,1
29.3,60,673,0
29.3,60,681,1
29.3,60,696,0
29.3,60,777,1
29.3,60,762,0
29.3,60,795,1
29.3,60,786,0
29.8,59,801,1
29.8,60,782,0
29.8,60,786,0
29.8,60,768,1
29.8,60,782,0
29.8,60,798,1
29.8,61,756,0
29.8,60,775,1
29.8,60,785,0
29.8,60,778,1
29.8,60,788,0
29.8,60,782,1
29.8,59,766,0
29.8,59,759,0
29.8,59,760,1
29.8,59,769,0
29.8,60,746,1
29.8,60,765,0
29.8,60,754,1
29.8,60,754,0
27.1,71,784,1
27.1,71,973,0
27.1,70,652,1
26.7,69,484,0
26.7,69,442,0
25.7,69,389,1
26.7,70,801,0
26.7,70,676,1
32.2,52,814,0
33.2,53,702,1
34.2,54,727,0
34.2,55,738,1
28.8,63,665,0
29.8,64,686,1
30.8,65,722,0
31.8,66,724,0
32.8,67,646,1
33.8,68,710,0
33.8,68,688,1
33.8,67,740,0
33.9,67,732,1
34.2,67,708,0
34.2,67,692,1
34.2,67,702,0
34.2,66,726,1
34.2,66,675,0
34.2,66,675,0
34.2,66,664,1
34.2,66,712,0
34.2,66,692,1
34.2,66,716,0
34.2,66,665,1
34.2,66,658,0
34.2,66,512,1
34.2,66,569,0
34.2,66,517,1
35.2,67,542,0
34.2,66,606,0
34.2,66,608,1
34.2,66,606,0
34.2,66,574,1
34.2,66,552,0
34.2,66,567,1
34.2,65,556,0
34.2,65,572,1
35.2,62,786,0
35.2,62,763,1
35.2,62,744,0
35.2,62,768,0
35.2,62,465,1
36.2,63,452,0
35.6,67,461,1
35.6,66,746,0
35.6,65,733,1
35.6,65,583,0
35.6,65,554,1
