MaxTemp,mintemp,Rain Value,rainStatus,WindStream,cloud,Label
24.79000092,14.72,999,0,5.8,2,0
23.57999992,15.72,404,1,8.1,2,1
23.85000038,14.73,506,0,9.2,2,0
24.68000031,15.73,585,0,8.1,2,1
24.63999939,16.73,584,0,8.1,2,0
25.37999916,14.7,566,0,11.4,2,1
25.46999931,15.7,562,0,8.1,2,0
25.68000031,16.7,564,0,8.1,2,1
26.17000008,14.72,568,0,5.8,2,0
27.64999962,15.72,578,0,16.1,2,1
25.51000023,16.72,586,0,9.2,2,0
25.52000046,17.72,595,0,11.4,2,0
26.46999931,18.72,427,1,11.4,2,1
28.09000015,14.6,510,0,12.8,2,0
28.36000061,15.6,534,0,9.2,2,1
28.70999908,16.6,590,0,8.1,2,0
28.88999939,17.6,632,0,8.1,2,1
27.02000046,13.6,615,0,10.3,2,0
24.56999969,14.6,665,0,11.4,2,1
24.72999954,15.6,702,0,9.2,2,0
24.15999985,16.6,750,0,11.4,2,1
24.29000092,12.67,785,0,11.4,2,0
23.72999954,13.67,801,0,11.4,2,0
23.61000061,14.67,813,0,10.3,2,1
24.06999969,15.67,833,0,9.2,2,0
24.11000061,16.67,852,0,5.8,2,1
24.65999985,17.67,868,0,5.8,2,0
25.55999947,18.67,871,0,11.4,2,1
26.36000061,19.67,453,1,10.3,2,0
26.86000061,20.67,694,0,8.1,2,1
27.37000084,16.55,756,0,6.9,2,0
27.35000038,17.55,830,0,6.9,2,1
28.45000076,18.55,856,0,8.1,2,0
28.98999977,19.55,874,0,10.3,2,0
28.32999992,20.55,880,0,9.2,2,1
27.07999992,21.55,895,0,5.8,2,0
27.45000076,19.56,898,0,6.9,2,1
27.98999977,20.56,885,0,10.3,2,0
27.72999954,21.56,907,0,9.2,2,1
27.94000053,22.56,924,0,6.9,2,0
29.26000023,18.69,932,0,6.9,2,1
31.62000084,19.69,945,0,9.2,2,0
31.95999908,20.69,952,0,8.1,2,1
29.70000076,21.69,960,0,5.8,2,0
28.70999908,22.69,473,1,5.8,2,0
28.78000069,23.69,476,1,8.1,2,1
27.51000023,24.69,597,0,5.8,2,0
28.11000061,10.33,773,0,6.9,2,1
27.26000023,11.33,740,0,6.9,2,0
28.09000015,12.33,832,0,6.9,2,1
29.61000061,13.33,882,0,10.3,2,0
31.02000046,14.33,896,0,16.1,2,1
31.39999962,15.33,913,0,15,2,0
32.75999832,16.33,914,0,10.3,2,1
32.52000046,17.33,921,0,6.9,2,0
32.27000046,18.33,926,0,11.4,2,0
33.09000015,19.33,940,0,6.9,2,1
32.88000107,20.33,951,0,5.8,2,0
32.61999893,21.33,963,0,8.1,2,1
32.56000137,22.33,805,0,8.1,2,0
32.86000061,23.33,868,0,11.4,2,1
33.22999954,23.4,948,0,11.4,2,0
33.27999878,24.4,968,0,12.8,2,1
33.06999969,25.4,975,0,11.4,2,0
33.74000168,26.4,987,0,11.4,2,1
34.56999969,22.01,997,0,10.3,2,0
35.34999847,23.01,1004,0,15,2,0
35.63999939,24.01,1013,0,10.3,2,1
36.72000122,25.01,1022,0,16.1,2,0
35.81999969,18,1024,0,10.3,2,1
36.61000061,19,1024,0,9.2,2,0
33.86000061,20,1024,0,12.8,2,1
34.70000076,21,1024,0,6.9,2,0
33.18999863,22,1024,0,9.2,2,1
34.27000046,23,1024,0,6.9,2,0
34.88000107,17.01,1024,0,12.8,2,1
34.52000046,18.01,1024,0,15,2,0
35.31000137,19.01,1024,0,8.1,2,0
31.29000092,20.01,1024,0,10.3,2,1
29.54999924,21.01,1024,0,9.2,2,0
32.38999939,22.01,1024,0,9.2,2,1
31.68000031,23.01,1024,0,15,2,0
31.72999954,24.01,1024,0,11.4,2,1
32.41999817,17.89,1024,0,12.8,2,0
30.22999954,18.89,1024,0,12.8,2,1
26.17000008,19.89,682,0,12.8,2,0
29.82999992,20.89,867,0,12.8,2,1
32.27999878,21.89,879,0,13.9,2,0
28.62999916,22.89,897,0,23,2,0
26.51000023,23.89,924,0,19.7,2,1
27.72999954,24.89,942,0,18.3,2,0
29.86000061,10.8,451,1,18.3,2,1
31.11000061,11.8,941,0,19.7,2,0
32.38000107,12.8,262,1,16.1,2,1
33.02000046,13.8,807,0,18.3,2,0
33.65999985,14.8,825,0,10.3,2,1
35.27999878,15.8,843,0,16.1,2,0
34.65000153,16.8,867,0,13.9,2,1
35.75999832,17.8,898,0,12.8,2,0
34.56999969,18.8,926,0,13.9,2,0
31.12000084,19.8,942,0,10.3,2,1
32.81000137,20.8,949,0,11.4,2,0
33.56999969,10.9,956,0,15,2,1
34.50999832,11.9,972,0,16.1,2,0
35.86999893,12.9,988,0,19.7,2,1
36.54999924,13.9,1003,0,13.9,2,0
38.25999832,14.9,1009,0,13.9,2,1
38.02999878,15.9,1014,0,16.1,2,0
36.93999863,16.9,1014,0,23,2,1
30.86000061,17.9,1017,0,19.7,2,0
31.28000069,18.9,1018,0,23,2,0
34.15000153,19.9,1021,0,19.7,2,1
35.04999924,20.9,1020,0,19.7,2,0
34.95999908,11.9,905,0,21.9,2,1
36.58000183,12.9,1024,0,16.1,2,0
37.06000137,13.9,1024,0,13.9,2,1
37.56999969,14.9,1024,0,17.2,2,0
36.61000061,15.9,1024,0,17.2,2,1
34.88000107,16.9,1024,0,16.1,2,0
33.90999985,17.9,1024,0,20.8,2,1
32.83000183,18.9,1024,0,21.7,2,0
32.68000031,19.9,1024,0,11.4,2,0
32.20999908,20.9,1024,0,15,2,1
34.68000031,21.9,1024,0,17.2,2,0
36.95999908,22.9,1024,0,17.2,2,1
37.63000107,9.8,1024,0,18.3,2,0
38.31999969,10.8,1024,0,13.9,2,1
38.40999985,11.8,1024,0,13.9,2,0
39.16999817,12.8,1024,0,19.7,2,1
38.52999878,13.8,1024,0,13.9,2,0
39.02999878,14.8,1024,0,13.9,2,1
40.16999817,15.8,1024,0,12.8,2,0
39.47000122,16.8,1024,0,23,2,0
40.63000107,17.8,1024,0,16.1,2,1
38.29000092,18.8,1024,0,16.1,2,0
37.11999893,19.8,1024,0,28.9,2,1
37.91999817,20.8,1024,0,9.2,2,0
38.70000076,22.09,1024,0,13.9,2,1
38.02000046,11.08,1024,0,13.9,2,0
38.77000046,12.08,1024,0,18.3,2,1
38.47999954,13.08,1024,0,16.1,2,0
35.65999985,14.08,1024,0,15,2,1
33.93000031,15.08,1024,0,13.9,2,0
32.13000107,16.08,1024,0,17.2,2,0
32.90000153,17.08,1024,0,16.1,2,1
34.45000076,18.08,1024,0,15,2,0
35.29999924,19.08,1024,0,11.4,2,1
35.04999924,20.08,1024,0,16.1,2,0
34.38000107,21.08,1024,0,11.4,2,1
34.84999847,22.08,1024,0,9.2,2,0
32.86999893,7.11,1024,0,8.1,2,1
34.49000168,8.11,1024,0,16.1,2,0
34.43999863,9.11,1024,0,20.8,2,1
34.15000153,10.11,1024,0,19.7,2,0
33.25,11.11,1024,0,17.2,2,0
31.29999924,12.11,1024,0,16.1,2,1
30.89999962,13.11,1024,0,9.2,2,0
32.49000168,14.11,1024,0,10.3,2,1
33.13999939,15.11,1024,0,11.4,2,0
34.77999878,16.11,1024,0,17.2,2,1
34.59000015,17.11,1024,0,11.4,2,0
34.15000153,18.11,1024,0,13.9,2,1
34.34000015,19.11,1024,0,12.8,2,0
35.5,20.11,1024,0,15,2,1
34.54000092,21.11,1024,0,17.2,2,0
34.52999878,11.09,1024,0,11.4,2,0
31.47999954,12.09,1024,0,10.3,2,1
32.58000183,13.09,1024,0,16.1,2,0
34.25999832,14.09,1024,0,17.2,2,1
36.38999939,15.09,1024,0,13.9,2,0
37.72000122,16.09,1024,0,11.4,2,1
36.22999954,17.09,1024,0,11.4,2,0
34.20000076,18.09,1024,0,9.2,2,1
35.5,19.09,1024,0,11.4,2,0
36.66999817,20.09,1024,0,9.2,2,1
35.31999969,21.09,810,0,12.8,2,0
34.61000061,22.09,550,0,11.4,2,0
32.09000015,9.05,558,0,15,2,1
32.00999832,10.05,569,0,12.8,2,0
32.34000015,11.05,625,0,13.9,2,1
32.04999924,12.05,624,0,12.8,2,0
33.70000076,13.05,622,0,11.4,2,1
33.29000092,14.05,627,0,9.2,2,0
33.04999924,15.05,640,0,13.9,2,1
31.95999908,16.05,657,0,11.4,2,0
31.21999931,17.05,689,0,8.1,2,1
30.11000061,18.05,1024,0,11.4,2,0
29.13999939,19.05,1024,0,11.4,2,0
30.14999962,20.05,1024,0,12.8,2,1
31.54999924,21.05,1024,0,13.9,2,0
32.47000122,22.05,1024,0,16.1,2,1
32.81999969,23.05,1024,0,9.2,2,0
32.06999969,8.04,1024,0,6.9,2,1
30.20000076,9.04,519,0,12.8,2,0
32.36999893,10.04,582,0,13.9,2,1
34.16999817,11.04,773,0,10.3,2,0
33.41999817,12.04,741,0,11.4,2,1
32.72999954,13.04,748,0,11.4,2,0
32.75,14.04,774,0,11.4,2,0
32.47999954,15.04,806,0,12.8,2,1
32.06999969,16.04,830,0,13.9,2,0
31.48999977,17.04,841,0,10.3,2,1
31.59000015,18.04,853,0,6.9,2,0
31.76000023,19.04,861,0,13.9,2,1
33.24000168,20.04,874,0,17.2,2,0
32.31999969,21.04,878,0,15,2,1
30.29999924,22.04,879,0,96.6,2,0
31.21999931,6.3,883,0,9.2,2,1
33.72000122,7.3,885,0,11.4,2,0
33.50999832,8.3,886,0,5.8,2,0
31.54999924,9.3,886,0,15,2,1
31.40999985,10.3,892,0,8.1,2,0
31.62999916,11.3,901,0,13.9,2,1
31,12.3,913,0,10.3,2,0
32.08000183,13.3,924,0,12.8,2,1
32.43999863,14.3,936,0,10.3,2,0
32.29999924,15.3,941,0,8.1,2,1
31.61000061,16.3,943,0,11.4,2,0
30.54999924,17.3,944,0,11.4,2,1
30.37999916,18.3,942,0,10.3,2,0
30.77000046,19.3,945,0,16.1,2,0
32.79999924,20.3,874,0,17.2,2,1
33.54000092,21.3,916,0,12.8,2,0
32.61000061,22.3,941,0,12.8,2,1
31.21999931,10.06,955,0,16.1,2,0
32.68999863,11.06,962,0,9.2,2,1
33.15999985,12.06,966,0,8.1,2,0
31.10000038,13.06,966,0,8.1,2,1
31.43000031,14.06,973,0,10.3,2,0
31.03000069,15.06,976,0,10.3,2,1
32.52999878,16.06,980,0,13.9,2,0
33.04999924,17.06,978,0,10.3,2,0
33.29000092,18.06,981,0,8.1,2,1
32.09999847,19.06,985,0,5.8,2,0
30.26000023,20.06,985,0,11.4,2,1
31.40999985,21.06,987,0,8.1,2,0
31.30999947,22.06,988,0,13.9,2,1
32.58000183,23.06,993,0,11.4,2,0
32.88000107,24.06,993,0,16.1,2,1
32.74000168,13.58,996,0,17.2,2,0
34.20999908,14.58,1002,0,10.3,2,1
32.93999863,19.58,1005,0,11.4,2,0
31.10000038,20.58,1008,0,10.3,2,0
30.95000076,17.56,1012,0,15,2,1
31.31999969,18.56,1016,0,9.2,2,0
31.90999985,19.56,1021,0,11.4,2,1
32.65000153,20.56,1020,0,10.3,2,0
33.50999832,21.56,1024,0,10.3,2,1
32.95000076,22.56,1023,0,11.4,2,0
31.25,23.56,1023,0,13.3,2,1
30.70999908,11.69,1024,0,11.4,2,0
32.04000092,12.59,1022,0,13.9,2,1
33.20000076,14.69,1024,0,13.9,2,0
29.19000053,14.39,1024,0,11.4,2,0
29.39999962,18.59,1022,0,9.2,2,1
31.34000015,14.58,1024,0,10.3,2,0
31.45999908,12.25,1024,0,9.2,2,1
32.34000015,14.56,1024,0,8.1,2,0
33.33000183,11.36,1024,0,9.2,2,1
33.34000015,12.96,1024,0,8.1,2,0
34.11000061,14.78,4,1,15,2,1
33.63000107,8.9,10,1,13.9,2,0
34.40000153,9.9,682,0,13.9,2,1
34.34000015,10.9,710,0,11.4,2,0
33.63999939,11.9,701,0,11.4,2,0
33.38000107,12.9,749,0,9.2,2,1
33.70999908,13.9,758,0,9.2,2,0
33.56999969,14.9,753,0,10.3,2,1
33.93999863,15.9,750,0,8.1,2,0
33.02000046,16.9,748,0,6.9,2,1
33.75999832,17.9,694,0,10.3,2,0
32.65999985,18.9,762,0,19.7,2,1
32.75999832,19.9,696,0,5.8,2,0
30.18000031,20.9,693,0,11.4,2,1
29.95000076,21.9,706,0,9.2,2,0
29.64999962,22.9,694,0,9.2,2,0
31.36000061,23.9,716,0,6.9,2,1
30.67000008,7.89,722,0,18.3,2,0
34.13000107,8.89,726,0,10.3,2,1
34.31999969,9.89,748,0,9.2,2,0
32.95999908,10.89,703,0,15,2,1
32.70000076,11.89,727,0,23,2,0
32.66999817,12.89,764,0,15,2,1
29.55999947,13.89,710,0,8.1,2,0
28.92000008,14.89,748,0,9.2,2,1
30.44000053,15.89,757,0,10.3,2,0
31.72999954,16.89,770,0,8.1,2,0
33.25999832,17.89,716,0,6.9,2,1
34.04999924,18.89,722,0,5.8,2,0
32.99000168,19.89,729,0,8.1,2,1
34.65000153,20.89,735,0,12.8,2,0
34.72000122,21.89,715,0,13.9,2,1
34.5,22.89,730,0,16.1,2,0
34.24000168,23.89,759,0,15,2,1
33.84000015,5.96,763,0,9.2,2,0
33.61000061,6.96,765,0,6.9,2,1
32.90999985,7.96,776,0,9.2,2,0
32.84000015,8.96,777,0,11.4,2,0
31.98999977,9.96,709,0,8.1,2,1
32.45999908,10.96,769,0,5.8,2,0
30.59000015,11.96,765,0,5.8,2,1
31.18000031,12.96,769,0,5.8,2,0
31.68000031,13.96,728,0,10.3,2,1
32.11000061,14.96,774,0,8.1,2,0
30.04999924,15.96,746,0,8.1,2,1
30.12999916,16.96,691,0,6.9,2,0
31.06999969,17.96,720,0,8.1,2,1
31.71999931,18.96,709,0,8.1,2,0
30.45000076,19.96,761,0,8.1,2,0
30.97999954,20.96,751,0,10.3,2,1
30.97999954,10.45,692,0,11.4,2,0
31.37000084,11.45,754,0,9.2,2,1
30.97999954,12.45,1024,0,9.2,2,0
31.26000023,13.45,1024,0,9.2,2,1
30.07999992,14.45,1024,0,6.9,2,0
29.54000092,15.46,1024,0,9.2,2,1
29.38999939,16.46,1024,0,9.2,2,0
29.56999969,17.46,1024,0,9.2,2,1
29.85000038,18.47,1024,0,8.1,2,0
29.89999962,19.47,1024,0,8.1,2,0
29.06999969,20.47,0,1,10.3,2,1
29.54999924,21.45,0,1,4.7,2,0
30.02000046,22.45,0,1,4.7,2,1
30.38999939,9.8,0,1,8.1,2,0
31.02000046,10.8,0,1,9.2,2,1
30.65999985,11.8,0,1,11.4,2,0
29.39999962,12.8,0,1,8.1,2,1
29.04999924,13.8,0,1,6.9,2,0
28.30999947,14.8,0,1,9.2,2,1
25.65999985,15.8,0,1,6.9,2,0
22.95999908,16.8,0,1,6.9,2,0
25.72999954,17.8,0,1,6.9,2,1
26.72999954,18.8,0,1,9.2,2,0
26.17000008,19.8,0,1,10.3,2,1
25.87000084,20.8,0,1,9.2,2,0
26.71999931,21.8,0,1,9.2,2,1
26.23999977,22.8,0,1,9.2,2,0
26.40999985,23.8,0,1,5.8,2,1
26.78000069,11.09,0,1,8.1,2,0
27.60000038,12.09,0,1,8.1,2,1
28.61000061,13.09,0,1,8.1,2,0
28.12000084,14.09,0,1,6.9,2,0
26.97999954,15.09,0,1,9.2,2,1
27.56999969,16.09,0,1,9.2,2,0
27.01000023,17.09,0,1,6.9,2,1
29.26000023,18.09,0,1,6.9,2,0
29.13999939,19.09,0,1,62.2,2,1
28.70999908,20.09,0,1,6.9,2,0
27.87000084,21.09,0,1,6.9,2,1
26.05999947,22.09,0,1,11.4,2,0
26.87999916,12.3,0,1,12.8,2,1
27.03000069,14.52,0,1,6.9,2,0
26.62999916,15.52,0,1,8.1,2,0
25.97999954,16.52,0,1,6.9,2,1
26.12999916,17.52,0,1,5.8,2,0
25.63999939,18.52,0,1,6.9,2,1
25.01000023,19.52,0,1,8.1,2,0
25.71999931,20.52,0,1,8.1,2,1
25.45999908,21.52,0,1,8.1,2,0
25.95999908,22.52,0,1,11.4,2,1
25.69000053,23.52,0,1,10.3,2,0
26,24.52,0,1,9.2,2,1
25.80999947,14.52,0,1,8.1,2,0
25.80999947,5.69,0,1,8.1,2,0
25.93000031,6.69,0,1,9.2,2,1
25.64999962,7.69,0,1,6.9,2,0
25.25,8.69,0,1,10.3,2,1
25.42000008,9.69,4,1,11.4,2,0
25.29999924,10.69,10,1,9.2,2,1
25.13999939,11.69,10,1,6.9,2,0
25.19000053,12.69,0,1,8.1,2,1
25.43000031,13.69,0,1,9.2,2,0
26.76000023,14.69,0,1,10.3,2,1
26.59000015,15.69,0,1,11.4,2,0
28.28000069,16.69,0,1,11.4,2,0
27.64999962,17.69,0,1,10.3,2,1
26.79999924,18.69,0,1,6.9,2,0
24.71999931,19.69,0,1,6.9,2,1
25.04999924,20.69,0,1,8.1,2,0
25.76000023,21.69,0,1,8.1,2,1
28.30999947,22.69,0,1,9.2,2,0
28.55999947,23.69,0,1,8.1,2,1
27.36000061,10.4,0,1,8.1,2,0
25.32999992,11.4,0,1,6.9,2,1
25.39999962,12.4,0,1,11.4,2,0
26.81999969,13.41,0,1,10.3,2,0
27.01000023,14.41,0,1,11.4,2,1
28.07999992,15.41,0,1,5.8,2,0
28.34000015,16.41,0,1,8.1,2,1
28.69000053,17.42,0,1,10.3,2,0
28.84000015,18.42,0,1,5.8,2,1
28.18000031,19.42,0,1,9.2,2,0
28.01000023,20.42,0,1,6.9,2,1
27.70000076,21.43,41,1,9.2,2,0
29.06999969,22.43,165,1,9.2,2,1
28.95999908,11.2,2,1,10.3,2,0
28.20999908,12.2,32,1,10.3,2,0
28.88999939,13.2,147,1,8.1,2,1
29.51000023,14.21,34,1,6.9,2,0
27.68000031,15.21,107,1,9.2,2,1
28.62999916,16.21,804,0,4.7,2,0
29.37000084,17.21,0,1,9.2,2,1
29.47999954,18.23,448,1,8.1,2,0
30.13999939,19.23,272,1,6.9,2,1
31.51000023,20.23,745,0,8.1,2,0
31.06999969,21.23,749,0,11.4,2,1
26.52000046,22.24,773,0,9.2,2,0
28.12999916,15.21,788,0,11.4,2,0
29.51000023,16.21,736,0,11.4,2,1
29.72999954,17.22,745,0,9.2,2,0
30.97999954,18.22,787,0,8.1,2,1
31.59000015,19.22,736,0,8.1,2,0
34.06000137,20.22,746,0,8.1,2,1
34.20999908,21.58,797,0,9.2,2,0
34.43000031,22.58,769,0,11.4,2,1
34.61999893,23.58,796,0,8.1,2,0
33.90999985,24.58,753,0,5.8,2,1
32.66999817,10.85,797,0,9.2,2,0
27.75,11.85,758,0,11.4,2,0
28.35000038,12.85,760,0,8.1,2,1
28.63999939,13.83,746,0,9.2,2,0
29.96999931,14.83,774,0,10.3,2,1
31.55999947,15.83,798,0,6.9,2,0
32.27999878,16.83,798,0,8.1,2,1
33.20000076,17.85,721,0,8.1,2,0
33.29999924,18.87,766,0,9.2,2,1
31.97999954,19.87,797,0,9.2,2,0
29.32999992,20.87,796,0,9.2,2,1
26.63999939,21.87,758,0,13.9,2,0
29.12999916,22.88,796,0,9.2,2,0
32.27000046,23.88,773,0,9.2,2,1
33.81000137,24.88,797,0,11.4,2,0
33.38000107,12.34,753,0,6.9,2,1
33.56999969,13.34,748,0,10.3,2,0
31.53000069,14.34,740,0,8.1,2,1
31.22999954,15.35,762,0,11.4,2,0
31.11000061,16.35,798,0,9.2,2,1
31.70999908,17.35,753,0,8.1,2,0
32.15000153,18.35,794,0,10.3,2,1
28.46999931,19.45,747,0,10.3,2,0
30.56999969,20.45,753,0,77.2,2,0
28.71999931,21.45,790,0,6.9,2,1
29.45000076,22.45,756,0,10.3,2,0
29.39999962,23.34,760,0,9.2,2,1
29.87000084,11.22,766,0,10.3,2,0
31.03000069,12.22,794,0,13.9,2,1
32.29000092,13.22,800,0,13.9,2,0
32.11000061,14.23,776,0,11.4,2,1
32.04999924,15.23,748,0,11.4,2,0
30.46999931,16.23,758,0,12.8,2,1
30.44000053,17.23,776,0,11.4,2,0
31.19000053,18.9,836,0,13.9,2,0
32.31999969,19.9,836,0,17.2,2,1
33.84999847,20.9,840,0,16.1,2,0
33.70999908,21.9,843,0,15,2,1
33.25999832,10.96,835,0,20.8,2,0
32.43999863,11.96,865,0,11.4,2,1
32.43000031,12.96,870,0,8.1,2,0
28.38999939,13.12,832,0,11.4,2,1
29.85000038,14.12,825,0,15,2,0
32.33000183,15.12,849,0,13.9,2,1
33.75,16.12,859,0,17.2,2,0
34.49000168,17.99,840,0,11.4,2,0
33.81000137,18.99,735,0,15,2,1
34.25999832,19.99,784,0,11.4,2,0
33.84999847,20.99,750,0,13.9,2,1
33.54000092,21.99,802,0,16.1,2,0
34.34999847,22.96,841,0,17.2,2,1
35.16999817,15.79,842,0,13.9,2,0
34.5,16.79,835,0,11.4,2,1
34.29999924,17.79,838,0,13.9,2,0
34.36999893,18.78,865,0,17.2,2,1
32.77999878,19.79,834,0,16.1,2,0
31.89999962,20.79,865,0,18.3,2,0
33.00999832,21.79,838,0,17.2,2,1
33.27999878,22.79,828,0,20.8,2,0
33.40999985,23.79,858,0,13.9,2,1
32.90999985,11.45,835,0,9.2,2,0
34.24000168,12.45,829,0,16.1,2,1
33.97000122,13.45,858,0,15,2,0
34.22000122,14.45,849,0,28.9,2,1
32.22999954,15.58,838,0,15,2,0
30.54999924,16.58,859,0,11.4,2,1
32.75,17.58,835,0,15,2,0
32.86999893,18.58,856,0,23,2,0
35.38000107,19.58,832,0,11.4,2,1
36.74000168,20.75,846,0,18.3,2,0
35.68999863,21.75,846,0,10.3,2,1
35.13000107,22.75,841,0,13.9,2,0
34.95999908,23.75,837,0,18.3,2,1
34.24000168,24.45,868,0,18.3,2,0
31.37000084,11.87,824,0,20.8,2,1
33.31999969,12.96,833,0,18.3,2,0
34.56999969,13.96,843,0,17.2,2,1
33.04999924,14.96,823,0,11.4,2,0
33.31000137,15.96,826,0,30,2,0
33.88000107,16.96,826,0,10.3,2,1
34.56000137,17.96,845,0,15,2,0
31.18000031,18.96,865,0,9.2,2,1
33.15999985,19.96,832,0,16.1,2,0
34.29999924,20.96,801,0,17.2,2,1
35.86999893,21.96,824,0,10.3,2,0
34.65000153,22.96,814,0,17.2,2,1
34.22999954,10.1,843,0,13.9,2,0
34.43999863,11.1,706,0,12.8,2,1
34.04999924,12.1,746,0,12.8,2,0
33.70000076,13.1,727,0,17.2,2,0
34.15999985,14.1,744,0,16.1,2,1
34.22999954,15.1,720,0,21.9,2,0
34.93999863,16.1,757,0,21.9,2,1
35.31999969,17.1,712,0,18.3,2,0
34.84000015,18.1,786,0,16.1,2,1
34.90999985,19.1,732,0,13.9,2,0
35.09000015,20.1,861,0,12.8,2,1
34.43000031,21.1,844,0,18.3,2,0
33.90999985,11.25,846,0,23,2,1
36.24000168,12.25,842,0,11.4,2,0
37.65999985,13.25,843,0,10.3,2,0
37.27999878,14.25,848,0,13.9,2,1
34.86000061,15.25,844,0,11.4,2,0
31.78000069,16.25,869,0,9.2,2,1
34.02999878,17.25,836,0,13.9,2,0
34.31000137,18.25,868,0,16.1,2,1
36.52000046,19.25,834,0,8.1,2,0
36.65000153,20.25,847,0,13.9,2,1
37.75,21.25,840,0,9.2,2,0
36.65999985,22.25,847,0,12.8,2,1
37.34999847,23.25,842,0,8.1,2,0
36.68000031,9.65,861,0,15,2,0
37.88000107,10.65,843,0,12.8,2,1
38.79999924,11.65,849,0,13.9,2,0
38.24000168,12.65,852,0,11.4,2,1
35.65999985,13.65,855,0,13.9,2,0
34.95000076,14.65,823,0,9.2,2,1
31.93000031,15.65,822,0,9.2,2,0
30.29000092,16.65,836,0,13.9,2,1
30.38999939,17.65,825,0,13.9,2,0
31.95999908,18.65,825,0,10.3,2,1
32.58000183,19.65,843,0,11.4,2,0
33.13000107,20.65,824,0,12.8,2,0
32.72000122,21.65,821,0,10.3,2,1
31.57999992,12.79,831,0,6.9,2,0
31.54000092,13.79,816,0,17.2,2,1
30.17000008,14.79,726,0,13.9,2,0
31.15999985,15.79,720,0,15,2,1
35.25999832,16.79,813,0,13.9,2,0
34.25,17.79,846,0,16.1,2,1
33.29999924,18.79,841,0,15,2,0
32.47999954,19.79,816,0,10.3,2,1
34.90999985,20.79,762,0,18.3,2,0
31.05999947,21.79,708,0,8.1,2,0
27.94000053,22.79,834,0,53.5,2,1
30.59000015,12.85,820,0,11.4,2,0
33.02999878,13.85,820,0,12.8,2,1
34.22999954,14.85,821,0,10.3,2,0
34.49000168,15.85,812,0,9.2,2,1
34.81000137,16.85,831,0,11.4,2,0
34.00999832,17.85,849,0,11.4,2,1
32.22000122,18.85,811,0,15,2,0
34.34000015,19.85,823,0,12.8,2,1
34.86999893,20.85,813,0,12.8,2,0
32.11999893,21.85,841,0,13.9,2,0
32.20000076,22.85,818,0,11.4,2,1
31.56999969,14.63,824,0,10.3,2,0
31.40999985,15.63,821,0,9.2,2,1
32.27000046,16.63,841,0,13.9,2,0
31.37000084,17.63,829,0,15,2,1
30.60000038,18.63,831,0,20.8,2,0
30.70000076,19.63,822,0,10.4,2,1
30.54000092,20.63,840,0,16.1,2,0
29.64999962,21.63,855,0,10.3,2,1
28.10000038,14.64,817,0,9.2,2,0
28.42000008,15.64,813,0,8.1,2,0
28.82999992,16.64,766,0,9.2,2,1
29.22999954,17.64,745,0,8.1,2,0
28.86000061,18.64,728,0,10.3,2,1
30.60000038,19.64,747,0,10.3,2,0
30.62000084,20.64,772,0,10.3,2,1
30.69000053,21.64,769,0,11.4,2,0
30.26000023,22.64,717,0,10.3,2,1
29.37999916,14.68,722,0,10.3,2,0
29.32999992,15.68,727,0,11.4,2,1
29.44000053,16.68,744,0,6.9,2,0
32.00999832,17.68,756,0,16.1,2,0
32.88999939,18.68,717,0,13.9,2,1
30.54000092,19.68,740,0,9.2,2,0
32.63000107,20.68,729,0,10.3,2,1
31.53000069,21.68,721,0,10.3,2,0
31.97999954,22.68,736,0,13.9,2,1
31.43000031,10.59,720,0,10.3,2,0
31.10000038,11.59,777,0,11.4,2,1
31.54999924,12.59,736,0,13.9,2,0
31.72999954,13.59,745,0,11.4,2,1
30.76000023,14.59,777,0,9.2,2,0
31.62999916,15.59,735,0,9.2,2,0
30.45999908,16.59,753,0,8.1,2,1
30.04000092,17.59,728,0,13.9,2,0
30.36000061,18.59,726,0,9.2,2,1
30.87000084,19.59,735,0,10.3,2,0
30.89999962,5.69,730,0,11.4,2,1
31.88999939,6.69,772,0,11.4,2,0
31.65999985,7.69,735,0,10.3,2,1
31.48999977,8.69,756,0,10.3,2,0
29.57999992,9.69,746,0,13.9,2,1
31.53000069,10.69,718,0,10.3,2,0
31.84000015,11.69,736,0,34.4,2,0
32,12.69,728,0,13.9,2,1
31.87000084,13.69,729,0,9.2,2,0
31.48999977,14.69,738,0,11.4,2,1
31.86000061,15.69,765,0,11.4,2,0
31.96999931,16.69,761,0,9.2,2,1
31.81999969,17.69,738,0,8.1,2,0
31.67000008,18.69,728,0,11.4,2,1
31.62999916,19.69,727,0,17.2,2,0
31.54000092,20.69,753,0,13.9,2,1
32.00999832,21.69,713,0,12.8,2,0
32.09999847,12.33,728,0,11.4,2,0
31.95999908,13.33,774,0,65.5,2,1
31.55999947,14.33,772,0,9.2,2,0
31.31999969,15.33,739,0,8.1,2,1
31.34000015,16.33,745,0,8.1,2,0
31.61000061,17.33,773,0,10.3,2,1
31.64999962,18.33,726,0,9.2,2,0
31.86000061,19.33,760,0,5.8,2,1
32.38999939,20.33,710,0,9.2,2,0
32.20000076,21.33,764,0,8.1,2,1
32.36999893,22.33,715,0,8.1,2,0
32.38000107,23.33,736,0,9.2,2,0
32.45999908,10.24,730,0,13.9,2,1
32.27999878,11.24,772,0,9.2,2,0
31.92000008,12.24,774,0,6.9,2,1
31.82999992,13.24,706,0,8.1,2,0
31.75,14.24,738,0,13.9,2,1
31.80999947,15.24,717,0,9.2,2,0
31.87999916,16.24,763,0,15,2,1
31.5,17.24,838,0,6.9,2,0
31.97999954,18.24,832,0,11.4,2,1
32.11000061,19.24,792,0,8.1,2,0
32.43999863,20.24,793,0,8.1,2,0
30.28000069,12.56,798,0,8.1,2,1
31.71999931,13.56,817,0,8.1,2,0
32.33000183,14.56,834,0,8.1,2,1
32.52000046,15.56,833,0,8.1,2,0
32.81999969,16.56,797,0,8.1,2,1
32.49000168,17.56,675,0,4.7,2,0
31.54999924,18.56,680,0,6.9,2,1
28.60000038,19.56,674,0,9.2,2,0
29.03000069,20.56,732,0,11.4,2,1
27.02000046,21.56,717,0,11.4,2,0
28.52000046,22.56,716,0,8.1,2,0
30.96999931,9.58,747,0,10.3,2,1
30.60000038,10.58,725,0,6.9,2,0
30.54000092,11.58,750,0,6.9,2,1
30.65999985,12.58,696,0,8.1,2,0
30.52000046,13.58,705,0,5.8,2,1
32.33000183,14.58,717,0,8.1,2,0
33.09999847,15.58,716,0,6.9,2,1
33.09000015,16.58,709,0,5.8,2,0
32.36000061,17.58,725,0,8.1,2,1
32.09000015,18.58,728,0,8.1,2,0
31.29000092,19.58,833,0,6.9,2,0
30.45000076,20.58,800,0,5.8,2,1
31.45000076,21.58,812,0,6.9,2,0
31.71999931,8.94,807,0,5.8,2,1
30.62000084,9.94,811,0,6.9,2,0
31.06999969,10.94,813,0,6.9,2,1
31.09000015,11.94,833,0,8.1,2,0
31.17000008,12.94,762,0,8.1,2,1
31.11000061,13.94,772,0,11.4,2,0
31.12000084,14.94,745,0,6.9,2,1
31.70999908,15.94,811,0,5.8,2,0
32.54999924,16.94,794,0,4.7,2,0
31.70999908,17.94,797,0,6.9,2,1
30.44000053,18.94,807,0,10.3,2,0
29.82999992,19.94,757,0,8.1,2,1
30.35000038,20.94,717,0,5.8,2,0
30.46999931,21.94,685,0,8.1,2,1
29.86000061,22.94,728,0,4.7,2,0
28.64999962,23.94,686,0,9.2,2,1
27.46999931,7.56,745,0,11.4,2,0
27.85000038,8.56,684,0,8.1,2,1
28.94000053,9.56,676,0,6.9,2,0
29.51000023,10.56,686,0,4.7,2,0
29.71999931,11.56,740,0,5.8,2,1
29.25,12.56,728,0,5.8,2,0
29.19000053,13.56,710,0,9.2,2,1
29.78000069,14.56,759,0,9.2,2,0
29.01000023,15.56,715,0,6.9,2,1
29.45000076,16.56,729,0,5.8,2,0
29.32999992,17.56,688,0,6.9,2,1
29.75,18.56,728,0,10.3,2,0
29.37000084,19.56,720,0,8.1,2,1
29.43000031,20.56,723,0,8.1,2,0
28.38999939,21.56,747,0,8.1,2,0
28.76000023,22.56,745,0,5.8,2,1
29.65999985,23.56,710,0,8.1,2,0
30.42000008,10.63,769,0,4.7,2,1
28.96999931,11.63,713,0,5.8,2,0
27.61000061,12.63,753,0,8.1,2,1
27.14999962,13.63,745,0,8.1,2,0
27.29999924,14.63,729,0,8.1,2,1
26.89999962,15.63,765,0,8.1,2,0
27.20999908,16.63,713,0,10.3,2,1
27.31999969,17.63,758,0,8.1,2,0
27.51000023,18.63,768,0,6.9,2,0
27.88999939,19.63,740,0,8.1,2,1
27.71999931,20.63,759,0,8.1,2,0
28.25,21.63,740,0,8.1,2,1
28.35000038,22.63,736,0,9.2,2,0
28.5,11.65,765,0,9.2,2,1
27.87000084,12.65,732,0,6.9,2,0
28.02000046,13.65,756,0,9.2,2,1
25.87999916,14.65,734,0,12.8,2,0
26.30999947,15.65,753,0,11.4,2,1
26.37000084,16.65,713,0,10.3,2,0
25.94000053,17.65,724,0,12.8,2,0
26.11000061,18.65,718,0,13.9,2,1
26.38999939,19.65,754,0,11.4,2,0
27.57999992,20.65,762,0,9.2,2,1
27.62999916,21.65,721,0,11.4,2,0
27.40999985,22.65,772,0,8.1,2,1
27.55999947,12.56,716,0,9.2,2,0
27.98999977,13.56,734,0,9.2,2,1
28.55999947,14.56,746,0,6.9,2,0
28.62999916,15.56,745,0,9.2,2,1
28.18000031,16.56,756,0,10.3,2,0
27.01000023,17.56,768,0,13.9,2,0
26.96999931,18.56,718,0,10.3,2,1
27.04999924,19.56,716,0,12.8,2,0
26.77000046,20.56,774,0,13.9,2,1
26.32999992,21.56,716,0,9.2,2,0
28.93000031,22.56,757,0,9.2,2,1
27.20999908,10.23,726,0,6.9,2,0
27.18000031,11.23,738,0,9.2,2,1
24.75,12.23,754,0,11.4,2,0
24.12000084,13.23,802,0,8.1,2,1
24.54999924,14.23,732,0,9.2,2,0
25.05999947,15.23,725,0,9.2,2,0
26.12000084,16.23,729,0,6.9,2,1
25.17000008,17.23,763,0,8.1,2,0
25.37000084,18.23,794,0,10.3,2,1
27.29999924,19.23,785,0,9.2,2,0
27.5,20.23,751,0,8.1,2,1
26.85000038,21.23,806,0,5.8,2,0
27.12000084,12.87,742,0,10.3,2,1
27.70999908,13.87,784,0,11.4,2,0
26.76000023,14.87,778,0,6.9,2,1
23.73999977,15.87,757,0,6.9,2,0
23.11000061,16.87,759,0,8.1,2,0
21.17000008,17.87,748,0,8.1,2,1
22.47999954,18.87,744,0,5.8,2,0
25.01000023,19.87,761,0,5.8,2,1
23.48999977,20.87,878,0,5.8,2,0
22.79000092,21.87,842,0,6.9,2,1
21.29999924,22.87,865,0,9.2,2,0
22.97999954,13.58,841,0,10.3,2,1
22.48999977,14.58,820,0,12.8,2,0
23.67000008,15.58,833,0,9.2,2,1
25.63999939,16.58,865,0,13.9,2,0
26.35000038,17.58,853,0,10.3,2,0
27.12999916,18.58,870,0,10.3,2,1
26.72999954,19.58,873,0,5.8,2,0
26.03000069,20.58,834,0,8.1,2,1
21.95000076,21.58,831,0,10.3,2,0
24.44000053,22.58,835,0,8.1,2,1
25.40999985,10.89,869,0,11.4,2,0
26.36000061,11.89,835,0,6.9,2,1
28.38999939,12.89,838,0,6.9,2,0
28.85000038,13.89,806,0,12.8,2,1
27.71999931,14.89,810,0,12.8,2,0
27.79000092,15.89,775,0,13.9,2,0
27.90999985,16.89,673,0,12.8,2,1
27.51000023,17.89,676,0,11.4,2,0
29.29000092,18.89,716,0,10.3,2,1
30.29999924,19.89,828,0,6.9,2,0
30.57999992,20.89,820,0,10.3,2,1
30.86000061,15.68,826,0,11.4,2,0
31.38999939,16.68,802,0,9.2,2,1
32.15000153,17.68,793,0,9.2,2,0
32.77999878,18.68,835,0,9.2,2,1
33.25999832,19.68,808,0,8.1,2,0
33.09000015,20.68,832,0,6.9,2,0
30.06999969,21.68,805,0,6.9,2,1
30.43000031,22.68,824,0,12.8,2,0
32.00999832,13.68,832,0,9.2,2,1
33.38000107,14.68,849,0,25.3,2,0
33.25,15.68,725,0,16.1,2,1
32.97999954,12.96,725,0,13.9,2,0
32.29000092,13.96,726,0,11.4,2,1
32.77999878,14.96,864,0,11.4,2,0
31.79000092,15.98,864,0,8.1,2,1
32.11000061,16.98,829,0,6.9,2,0
32.68000031,17.98,831,0,11.4,2,0
33.65999985,18.96,833,0,9.2,2,1
32.90999985,19.96,854,0,8.1,2,0
32.45999908,20.96,861,0,13.9,2,1
33.54000092,21.96,846,0,8.1,2,0
33.47999954,22.96,830,0,8.1,2,1
34.18000031,23.96,834,0,15,2,0
33.11999893,24.96,862,0,8.1,2,1
32.00999832,25.96,857,0,8.1,2,0
33.34999847,10.8,833,0,12.8,2,1
34.34999847,11.8,852,0,17.2,2,0
35.36000061,12.8,831,0,15,2,0
35.72999954,13.8,845,0,11.4,2,1
35,14.8,836,0,17.2,2,0
34.18000031,15.8,859,0,9.2,2,1
34.36999893,16.8,842,0,9.2,2,0
34.00999832,17.8,835,0,11.4,2,1
34.16999817,18.8,836,0,11.4,2,0
34.40999985,19.8,838,0,15.9,2,1
34.38000107,20.8,822,0,9.2,2,0
33.65999985,21.8,829,0,8.1,2,1
33.95000076,22.8,821,0,6.9,2,0
33.75,4.2,857,0,19.7,2,0
33.54999924,5.2,834,0,9.2,2,1
33.97000122,6.2,822,0,8.1,2,0
34.47999954,7.2,841,0,15,2,1
33.65999985,8.2,842,0,11.4,2,0
33.84999847,9.2,821,0,17.2,2,1
33.77999878,10.2,855,0,18.3,2,0
34.40999985,6.1,829,0,13.9,2,1
34.25999832,7.1,826,0,16.1,2,0
34.13000107,8.1,857,0,16.1,2,1
34.06999969,9.1,830,0,28.9,2,0
34.00999832,10.1,821,0,21.9,2,0
33.70000076,11.1,847,0,12.8,2,1
34.86999893,12.1,835,0,123.3,2,0
33.90000153,13.1,824,0,17.2,2,1
34.66999817,14.1,818,0,16.1,2,0
34.43999863,13.8,825,0,13.9,2,1
34.77999878,14.8,849,0,10.3,2,0
34.83000183,15.8,824,0,13.9,2,1
34.86999893,16.8,849,0,13.9,2,0
35.11999893,17.8,821,0,16.1,2,1
35.24000168,18.8,856,0,17.2,2,0
35.59000015,19.8,857,0,9.2,2,0
35.38000107,20.8,822,0,11.4,2,1
35.38999939,21.8,841,0,11.4,2,0
35.27999878,22.8,847,0,10.3,2,1
23.8,23.8,846,0,17.2,2,0
23.8,23.8,849,0,9.2,2,1
23.8,23.8,821,0,9.2,2,0
23.8,23.8,823,0,10.3,2,1
23.8,23.8,848,0,13.9,2,0
23.8,23.8,833,0,23,2,1
23.8,23.8,841,0,16.1,2,0
23.8,23.8,857,0,18.3,2,0
23.8,23.8,842,0,18.3,2,1
23.8,23.8,841,0,18.3,2,0
23.8,23.8,842,0,19.7,2,1
23.8,23.8,833,0,15,2,0
23.8,23.8,822,0,16.1,2,1
23.8,23.8,822,0,19.7,2,0
23.8,23.8,853,0,13.9,2,1
23.8,23.8,865,0,15,2,0
23.8,23.8,842,0,12.8,2,1
23.8,23.8,864,0,13.9,2,0
23.8,23.8,861,0,15,2,0
23.8,23.8,848,0,18.3,2,1
23.8,23.8,824,0,17.2,2,0
23.8,23.8,855,0,17.2,2,1
23.8,23.8,831,0,16.1,2,0
23.8,23.8,831,0,13.9,2,1
23.8,23.8,861,0,15,2,0
23.8,23.8,822,0,15,2,1
23.8,23.8,837,0,15,2,0
23.8,23.8,859,0,15,2,1
23.8,23.8,820,0,13.9,2,0
23.8,23.8,861,0,16.1,2,0
23.8,23.8,831,0,12.8,2,1
23.8,23.8,772,0,17.2,2,0
23.8,23.8,783,0,17.2,2,1
23.8,23.4,782,0,16.1,2,0
23.8,23.4,718,0,26.4,2,1
23.8,23.4,739,0,13.9,2,0
23.8,23.4,735,0,16.1,2,1
23.8,23.4,780,0,13.9,2,0
23,23,848,0,13.9,2,1
23,23,822,0,17.2,2,0
23,23,849,0,16.1,2,0
23.4,23,822,0,13.9,2,1
23.4,23,841,0,18.3,2,0
23.4,23,848,0,11.4,2,1
23.4,23,853,0,13.9,2,0
23.4,23,852,0,13.9,2,1
23.4,23,841,0,9.2,2,0
23.8,23,825,0,9.2,2,1
23.8,23,842,0,9.2,2,0
23.8,23,817,0,11.4,2,1
23.8,23,826,0,13.9,2,0
23.8,23,814,0,13.9,2,0
23.8,23,840,0,17.2,2,1
23.8,23,814,0,9.2,2,0
23.8,23,853,0,9.2,2,1
23.8,23,825,0,17.2,2,0
23.8,23,810,0,17.2,2,1
23.8,23,836,0,11.4,2,0
24.1,23,852,0,17.2,2,1
24.1,23,841,0,9.3,2,0
21,21,802,0,9.2,2,1
21,21,816,0,12.8,2,0
21,21,825,0,17.2,2,0
21,21,845,0,16.1,2,1
21,21,819,0,12.8,2,0
21,21,824,0,17.2,2,1
21,21,823,0,18.3,2,0
21,21,856,0,15,2,1
21,21,824,0,11.4,2,0
21,21,832,0,11.4,2,1
21,21,853,0,8.1,2,0
21,21,835,0,11.4,2,1
21,21,836,0,10.3,2,0
21,21,880,0,11.4,2,0
21,21,913,0,9.2,2,1
21,21,874,0,10.3,2,0
21,21,763,0,13.9,2,1
21,21,762,0,13.9,2,0
21,21,792,0,16.1,2,1
21,21,794,0,19.7,2,0
21.4,21,793,0,13.9,2,1
21.4,21,784,0,17.2,2,0
21.4,21,770,0,15,2,1
21.4,21,784,0,13.9,2,0
21.4,21,760,0,13.9,2,0
21.4,21,788,0,10.3,2,1
21.4,21,782,0,11.4,2,0
21.4,21,773,0,11.4,2,1
21.4,21,759,0,10.3,2,0
21.4,21,780,0,12.8,2,1
21.4,21,765,0,13.9,2,0
21.4,21,806,0,15,2,1
21.4,21,786,0,16.1,2,0
21.4,21,794,0,17.2,2,1
21.4,21,797,0,11.4,2,0
21.4,21,765,0,10.3,2,0
21.4,21,774,0,9.2,2,1
21.4,21,772,0,10.3,2,0
21.4,21,785,0,13.9,2,1
21.4,21,806,0,17.2,2,0
20.6,20.6,769,0,13.9,2,1
20.6,20.6,847,0,10.3,2,0
20.6,20.6,823,0,11.4,2,1
20.6,20.6,854,0,11.4,2,0
20.6,20.6,865,0,8.1,2,1
20.6,20.6,852,0,6.9,2,0
20.6,20.6,855,0,9.2,2,0
20.6,20.6,855,0,15,2,1
20.6,20.6,879,0,16.1,2,0
21,20.6,845,0,12.8,2,1
21,20.6,848,0,10.3,2,0
21,20.6,881,0,6.9,2,1
21,20.6,859,0,9.2,2,0
21,20.6,849,0,8.1,2,1
21,20.6,881,0,11.4,2,0
21,20.6,860,0,13.9,2,1
21,20.6,880,0,13.9,2,0
21,20.6,876,0,9.2,2,0
21,20.6,860,0,9.2,2,1
21,20.6,845,0,12.8,2,0
21,20.6,852,0,16.1,2,1
21,20.6,859,0,10.3,2,0
21,20.6,874,0,10.3,2,1
21,20.6,865,0,10.3,2,0
21,20.6,873,0,15,2,1
21,20.6,894,0,6.9,2,0
21,20.6,884,0,10.3,2,1
21,20.6,884,0,12.8,2,0
21,20.6,874,0,11.4,2,0
21,20.6,885,0,10.3,2,1
21,20.6,893,0,9.2,2,0
21,20.6,878,0,8.1,2,1
20.2,20.2,893,0,9.2,2,0
20.2,20.2,909,0,9.2,2,1
20.2,20.2,888,0,17.2,2,0
20.2,20.2,894,0,10.3,2,1
20.2,20.2,895,0,11.4,2,0
20.6,20.2,888,0,12.8,2,1
20.6,20.2,888,0,12.8,2,0
20.6,20.2,888,0,12.8,2,0
20.6,20.2,908,0,9.2,2,1
20.6,20.2,888,0,13.9,2,0
20.6,20.2,894,0,8.1,2,1
20.6,20.2,888,0,8.1,2,0
20.6,20.2,883,0,13.9,2,1
20.6,20.2,823,0,15,2,0
20.6,20.2,781,0,13.9,2,1
18.2,18.2,614,0,9.2,2,0
18.2,18.2,675,0,12.8,2,1
18.2,18.2,598,0,9.2,2,0
18.6,18.2,525,0,11.4,2,0
18.6,18.2,470,1,9.2,2,1
19.6,1000,756,0,13.9,2,0
20.6,1000,769,0,11.4,2,1
21.6,1000,740,0,10.3,2,0
19.4,19.4,800,0,11.4,2,1
19.4,19.4,849,0,12.8,2,0
19.4,19.4,843,0,6.9,2,1
19.4,19.4,859,0,7.2,2,0
19.8,19.4,824,0,6.9,2,1
19.8,19.4,861,0,16.1,2,0
19.8,19.4,754,0,6.9,2,0
19.8,19.4,841,0,10.3,2,1
19.8,19.4,829,0,9.2,2,0
19.8,19.4,830,0,8.1,2,1
19.8,19.4,823,0,12.8,2,0
19.8,19.4,898,0,11.4,2,1
20.2,19.4,852,0,12.8,2,0
20.2,19.4,847,0,10.3,2,1
20.2,19.4,836,0,10.3,2,0
20.2,19.4,857,0,10.3,2,1
20.2,19.4,820,0,8.1,2,0
20.2,19.4,843,0,8.1,2,0
20.2,19.4,831,0,9.2,2,1
20.2,19.4,840,0,6.9,2,0
20.2,19.4,848,0,6.9,2,1
20.2,19.4,832,0,46.1,2,0
20.2,19.4,855,0,6.9,2,1
20.2,20.2,857,0,9.2,2,0
20.2,20.2,859,0,5.8,2,1
20.2,20.2,857,0,5.8,2,0
20.2,20.2,857,0,6.9,2,1
20.3,20.2,865,0,6.9,2,0
20.6,20.2,854,0,8.1,2,0
20.2,20.2,883,0,8.1,2,1
20.2,20.2,890,0,8.1,2,0
20.2,20.2,873,0,9.2,2,1
20.2,20.2,884,0,10.3,2,0
20.2,20.2,890,0,8.1,2,1
20.2,20.2,855,0,8.1,2,0
20.2,20.2,893,0,9.2,2,1
20.6,20.2,874,0,8.1,2,0
20.6,20.2,869,0,8.1,2,1
20.6,20.2,868,0,8.1,2,0
20.6,20.2,867,0,8.1,2,0
20.6,20.2,857,0,9.2,2,1
20.6,20.2,889,0,9.2,2,0
20.6,20.2,873,0,8.1,2,1
20.6,20.2,857,0,8.1,2,0
20.6,20.2,857,0,9.2,2,1
18.2,18.2,701,0,10.3,2,0
18.2,18.2,679,0,9.2,2,1
18.2,18.2,690,0,17.2,2,0
18.2,18.2,736,0,18.3,2,1
18.2,18.2,677,0,9.2,2,0
18.2,18.2,689,0,8.1,2,0
18.2,18.2,673,0,6.9,2,1
18.3,18.2,732,0,6.9,2,0
18.6,18.2,666,0,5.8,2,1
18.6,18.2,691,0,6.9,2,0
18.6,18.2,688,0,8.1,2,1
18.6,18.2,712,0,6.9,2,0
18.6,18.2,745,0,9.2,2,1
18.6,18.2,670,0,5.8,2,0
19.8,19.8,838,0,9.2,2,1
19.8,19.8,832,0,8.1,2,0
19.8,19.8,828,0,4.7,2,0
19.8,19.8,822,0,5.8,2,1
19.8,19.8,842,0,6.9,2,0
20.2,19.8,845,0,5.8,2,1
20.2,19.8,860,0,6.9,2,0
20.2,19.8,830,0,6.9,2,1
20.2,19.8,865,0,5.8,2,0
20.2,19.8,868,0,6.9,2,1
20.2,19.8,833,0,9.2,2,0
20.2,19.8,846,0,9.2,2,1
20.2,19.8,866,0,8.1,2,0
20.2,19.8,860,0,9.2,2,0
20.2,19.8,828,0,8.1,2,1
20.2,19.8,833,0,6.9,2,0
20.2,19.8,859,0,5.8,2,1
20.2,19.8,868,0,8.1,2,0
20.2,19.8,852,0,9.2,2,1
20.2,19.8,951,0,5.8,2,0
20.2,19.8,824,0,5.8,2,1
20.2,19.8,830,0,4.7,2,0
21.8,21.8,685,0,5.8,2,1
21.8,21.8,694,0,5.8,2,0
21.8,21.8,746,0,6.9,2,0
21.8,21.8,701,0,8.1,2,1
21.8,21.8,763,0,8.1,2,0
21.8,21.8,693,0,11.4,2,1
21.8,21.8,750,0,8.1,2,0
22.2,21.8,725,0,6.9,2,1
22.2,21.8,739,0,8.1,2,0
22.2,21.8,696,0,8.1,2,1
22.2,21.8,705,0,9.2,2,0
22.2,21.8,662,0,9.2,2,1
22.2,21.8,626,0,5.8,2,0
22.2,21.8,580,0,9.2,2,0
21.8,21.8,592,0,6.9,2,1
21.8,21.8,476,1,9.2,2,0
21.8,21.8,722,0,9.2,2,1
21.8,21.8,514,0,9.2,2,0
-1000,1000,567,0,5.8,2,1
-1000,1000,811,0,6.9,2,0
22.2,22.2,788,0,8.1,2,1
22.2,22.2,800,0,12.8,2,0
22.2,22.2,835,0,6.9,2,1
22.2,22.2,814,0,8.1,2,0
-1000,1000,554,0,9.2,2,0
22.6,22.6,824,0,9.2,2,1
22.6,22.6,600,0,9.2,2,0
22.6,22.6,822,0,5.8,2,1
22.6,22.6,832,0,11.4,2,0
22.6,22.6,814,0,9.2,2,1
22.6,22.6,778,0,11.4,2,0
22.6,22.6,838,0,8.1,2,1
22.6,22.6,833,0,5.8,2,0
22.7,22.6,809,0,6.9,2,1
22.7,22.6,797,0,5.8,2,0
22.7,22.6,843,0,6.9,2,0
22.7,22.6,840,0,5.8,2,1
22.7,22.6,694,0,9.2,2,0
22.7,22.6,847,0,9.2,2,1
22.7,22.6,826,0,8.1,2,0
22.7,22.6,794,0,5.8,2,1
22.7,22.6,818,0,5.8,2,0
22.7,22.6,831,0,11.4,2,1
20.6,20.6,813,0,8.1,2,0
26.2,26.2,879,0,8.1,2,1
26.2,26.2,547,0,9.2,2,0
24.8,24.8,566,0,5.8,2,0
24.8,24.8,543,0,8.1,2,1
24.5,24.5,535,0,6.9,2,0
25.3,25.3,556,0,11.4,2,1
26.2,26.2,480,1,9.2,2,0
26.2,26.2,518,0,10.3,2,1
26.2,26.2,552,0,9.2,2,0
22.2,22.2,868,0,8.1,2,1
22.2,22.2,870,0,5.8,2,0
22.3,22.2,886,0,9.2,2,1
22.2,22.2,714,0,6.9,2,0
22.2,22.2,765,0,5.8,2,0
22.2,22.2,720,0,10.3,2,1
22.2,22.2,738,0,8.1,2,0
22.2,22.2,735,0,9.2,2,1
22.2,22.2,746,0,10.3,2,0
22.2,22.2,776,0,9.2,2,1
22.6,22.2,742,0,8.1,2,0
22.6,22.2,765,0,11.4,2,1
22.6,22.2,730,0,5.8,2,0
22.6,22.2,740,0,6.9,2,1
22.6,22.2,784,0,6.9,2,0
22.6,22.6,729,0,9.2,2,0
22.6,22.6,712,0,9.2,2,1
22.6,22.6,724,0,4.7,2,0
22.6,22.6,725,0,9.2,2,1
22.6,22.6,735,0,8.1,2,0
22.7,22.6,728,0,10.3,2,1
23,22.6,782,0,10.3,2,0
23,22.6,763,0,8.1,2,1
21.8,21.8,730,0,9.2,2,0
21.8,21.8,732,0,8.1,2,1
21.8,21.8,721,0,9.2,2,0
22.2,21.8,720,0,6.9,2,0
22.2,21.8,728,0,5.8,2,1
22.2,21.8,734,0,9.2,2,0
22.2,21.8,739,0,11.4,2,1
22.2,21.8,775,0,11.4,2,0
22.6,21.8,722,0,13.9,2,1
22.6,21.8,763,0,9.2,2,0
22.6,21.8,768,0,8.1,2,1
22.6,22.6,745,0,9.2,2,0
22.6,22.6,754,0,6.9,2,1
22.6,22.6,741,0,9.2,2,0
22.6,22.6,725,0,8.1,2,0
22.6,22.6,737,0,5.8,2,1
22.6,22.6,746,0,18.3,2,0
22.6,22.6,742,0,11.4,2,1
22.6,22.6,776,0,6.9,2,0
22.6,22.6,777,0,5.8,2,1
22.6,22.6,718,0,8.1,2,0
22.6,22.6,725,0,15,2,1
22.6,22.6,722,0,11.4,2,0
22.6,22.6,720,0,12.8,2,1
22.6,22.6,746,0,12.8,2,0
22.6,22.6,773,0,16.1,2,0
22.6,22.6,738,0,8.1,2,1
22.6,22.6,727,0,6.9,2,0
22.6,22.6,730,0,9.2,2,1
22.6,22.6,756,0,8.1,2,0
22.6,22.6,735,0,8.1,2,1
22.6,22.6,747,0,10.3,2,0
22.6,22.6,784,0,8.1,2,1
22.6,22.6,762,0,9.2,2,0
22.6,22.6,738,0,11.4,2,1
22.6,22.6,720,0,12.8,2,0
22.6,22.6,729,0,69.1,2,0
22.6,22.6,725,0,9.2,2,1
22.6,22.6,785,0,8.1,2,0
22.6,22.6,820,0,9.2,2,1
22.6,22.6,814,0,16.1,2,0
22.6,22.6,822,0,12.4,2,1
22.6,22.6,816,0,10.3,2,0
22.6,22.6,814,0,13.9,2,1
22.6,22.6,835,0,26.7,2,0
22.6,22.6,829,0,9.2,2,1
22.6,22.6,854,0,11.4,2,0
22.6,22.6,833,0,11.4,2,0
22.6,22.6,821,0,13.9,2,1
22.6,22.6,855,0,9.2,2,0
22.6,22.6,811,0,13.9,2,1
22.6,22.6,853,0,19.7,2,0
22.6,22.6,829,0,17.2,2,1
21,21,843,0,16.1,2,0
21,21,832,0,17.2,2,1
21.1,21,852,0,10.3,2,0
21.4,21,808,0,12.8,2,1
21.4,21,836,0,12.8,2,0
21.4,21,847,0,11.4,2,0
21.4,21,814,0,11.4,2,1
21.4,21,849,0,8.1,2,0
21.4,21,816,0,10.3,2,1
21.4,21,811,0,11.4,2,0
21.4,21,720,0,11.4,2,1
21.4,21,741,0,15,2,0
21.4,21,782,0,6.9,2,1
21.4,21,837,0,5.8,2,0
21.4,21,813,0,12.8,2,1
21.8,21,831,0,15,2,0
21.8,21,840,0,17.2,2,0
21.8,21,812,0,18.3,2,1
21.8,21,821,0,11.4,2,0
21.8,21,842,0,9.2,2,1
21.8,21,814,0,11.4,2,0
21.8,21,808,0,10.3,2,1
21.8,21,813,0,8.1,2,0
21.8,21,812,0,13.9,2,1
21.8,21,814,0,20.8,2,0
21.8,21,941,0,17.2,2,1
21.8,21,813,0,16.1,2,0
21.8,21,807,0,15,2,0
21.8,21,820,0,12.8,2,1
21.8,21,818,0,11.4,2,0
21.8,21,817,0,45.7,2,1
21.8,21,814,0,11.4,2,0
21.8,21,849,0,4.7,2,1
21.8,21,813,0,10.3,2,0
21.8,21,805,0,18.3,2,1
21.8,21,846,0,23,2,0
21.8,21,811,0,21.9,2,1
21.8,21,842,0,23,2,0
21.8,21,814,0,9.2,2,0
21.8,21,833,0,8.1,2,1
21.8,21,810,0,10.3,2,0
21.8,21,849,0,9,2,1
21.8,21,833,0,11.4,2,0
21.8,21,817,0,16.1,2,1
22.2,21,826,0,10.3,2,0
22.2,21,845,0,13.9,2,1
22.2,21,836,0,13.9,2,0
22.2,21,806,0,11.4,2,1
22.2,21,814,0,15,2,0
22.2,21,814,0,10.3,2,0
22.2,21,816,0,10.3,2,1
22.2,21,832,0,11.4,2,0
22.2,21,806,0,9.2,2,1
22.2,21,818,0,10.3,2,0
22.2,21,811,0,6.9,2,1
22.2,21,806,0,8.1,2,0
22.2,21,814,0,11.4,2,1
22.2,21,826,0,9.2,2,0
22.2,21,848,0,9.2,2,1
22.2,21,821,0,9.2,2,0
22.2,21,848,0,11.4,2,0
22.6,22.6,665,0,11.4,2,1
22.6,22.6,825,0,12.8,2,0
22.6,22.6,790,0,12.8,2,1
22.6,22.6,800,0,10.3,2,0
22.6,22.6,821,0,11.4,2,1
22.6,22.6,797,0,15,2,0
22.6,22.6,793,0,18.3,2,1
22.6,22.6,801,0,15,2,0
22.6,22.6,795,0,10.6,2,1
22.6,22.6,822,0,8.1,2,0
22.6,22.6,796,0,10.3,2,0
22.6,22.6,801,0,12.8,2,1
22.6,22.6,796,0,11.4,2,0
22.6,22.6,833,0,9.2,2,1
22.6,22.6,809,0,10.3,2,0
22.6,22.6,808,0,9.2,2,1
22.6,22.6,832,0,10.3,2,0
22.6,22.6,807,0,6.9,2,1
22.6,22.6,821,0,11.4,2,0
22.6,22.6,807,0,65.2,2,1
22.6,22.6,787,0,16.1,2,0
22.6,22.6,831,0,13.9,2,0
22.6,22.6,805,0,13.9,2,1
22.6,22.6,831,0,8.1,2,0
23,23,818,0,12.8,2,1
23,23,792,0,11.4,2,0
23,23,821,0,55.9,2,1
23,23,835,0,11.4,2,0
23,23,825,0,15,2,1
23,23,824,0,18.3,2,0
23,23,799,0,13.9,2,1
23,23,810,0,10.3,2,0
23,23,840,0,6.9,2,0
23,23,811,0,6.9,2,1
23,23,831,0,9.2,2,0
23,23,840,0,10.3,2,1
23,22.7,807,0,8.1,2,0
23,22.7,798,0,6.9,2,1
23,22.7,796,0,8.1,2,0
23,22.7,818,0,9.2,2,1
23,22.6,845,0,8.1,2,0
23,22.6,802,0,9.2,2,1
23,22.6,820,0,9.2,2,0
23,22.6,811,0,6.9,2,0
23,22.6,822,0,6.9,2,1
23,22.6,814,0,11.4,2,0
23,22.6,805,0,16.7,2,1
23,22.6,814,0,9.2,2,0
23,22.6,837,0,9.2,2,1
23,22.6,843,0,8.1,2,0
23,22.6,843,0,9.2,2,1
23,22.6,808,0,11.4,2,0
23,22.6,840,0,8.1,2,1
23,22.6,825,0,11.4,2,0
23,22.6,796,0,12.8,2,0
23,22.6,842,0,13.9,2,1
23,22.6,806,0,15,2,0
23,22.6,812,0,11.4,2,1
23,22.6,840,0,6.9,2,0
23,22.6,799,0,13.9,2,1
23,22.6,807,0,15,2,0
23,22.6,806,0,13.9,2,1
23,22.6,800,0,11.4,2,0
23,22.6,810,0,10.3,2,1
23,22.6,826,0,8.1,2,0
23.4,22.6,835,0,6.9,2,0
23.4,22.6,798,0,17.2,2,1
23.4,22.6,812,0,13.9,2,0
23.4,22.6,807,0,13.9,2,1
23.4,22.6,802,0,9.2,2,0
23.4,22.6,829,0,11.4,2,1
23.4,22.6,811,0,9.2,2,0
23.4,23.4,821,0,9.2,2,1
24.1,24.1,832,0,11.4,2,0
24.1,24.1,811,0,6.3,2,1
24.1,24.1,840,0,9.2,2,0
24.5,24.1,829,0,6.9,2,0
24.5,24.1,824,0,10.3,2,1
24.6,24.1,813,0,12.8,2,0
24.8,24.1,809,0,13.9,2,1
24.8,24.1,800,0,11.4,2,0
24.8,24.1,797,0,9.2,2,1
24.8,24.1,802,0,10.3,2,0
24.8,24.1,841,0,10.3,2,1
24.8,24.1,826,0,8.1,2,0
24.8,24.1,798,0,8.1,2,1
24.8,24.1,824,0,11.4,2,0
24.8,24.1,800,0,6.9,2,0
24.8,24.1,842,0,12.8,2,1
24.8,24.1,823,0,12.8,2,0
24.8,24.1,838,0,9.2,2,1
24.8,24.1,818,0,6.9,2,0
24.8,24.1,812,0,10.3,2,1
25.3,24.1,829,0,10.3,2,0
25.3,24.1,798,0,9.2,2,1
25.3,24.1,840,0,9.2,2,0
25.3,24.1,800,0,9.2,2,1
25.3,24.1,830,0,11.4,2,0
25.3,24.1,800,0,8.1,2,0
25.3,24.1,824,0,6.9,2,1
25.3,24.1,807,0,4.7,2,0
25.3,24.1,831,0,6.9,2,1
25.3,24.1,796,0,8.1,2,0
25.3,24.1,823,0,9.2,2,1
25.3,24.1,821,0,9.2,2,0
25.3,24.1,818,0,6.9,2,1
25.3,24.1,841,0,9.2,2,0
25.3,24.1,797,0,12.8,2,1
25.3,24.1,807,0,15,2,0
25.3,24.1,808,0,11.4,2,0
25.3,24.1,833,0,4.7,2,1
25.3,24.1,821,0,5.8,2,0
25.3,24.1,820,0,5.8,2,1
25.3,24.1,800,0,8.1,2,0
25.3,24.1,807,0,6.9,2,1
25.3,24.1,821,0,8.1,2,0
25.8,24.1,809,0,9.2,2,1
25.8,24.1,811,0,9.2,2,0
25.8,24.1,822,0,9.2,2,1
25.8,24.1,800,0,6.9,2,0
25.8,24.1,806,0,6.9,2,0
25.8,24.1,825,0,6.9,2,1
25.8,24.1,806,0,9.2,2,0
25.8,24.1,810,0,11.4,2,1
25.8,24.1,798,0,11.4,2,0
25.8,24.1,831,0,11.4,2,1
25.8,24.1,806,0,9.2,2,0
25.8,24.1,801,0,5.8,2,1
25.8,24.1,807,0,8.1,2,0
25.8,24.1,799,0,6.9,2,1
25.8,24.1,808,0,6.9,2,0
25.8,24.1,829,0,8.1,2,0
25.8,24.1,805,0,10.3,2,1
25.8,24.1,820,0,6.9,2,0
25.8,24.1,806,0,6.9,2,1
26.8,1000,774,0,9.2,2,0
27.8,1000,708,0,8.1,2,1
23,23,763,0,11.4,2,0
23.4,23,729,0,5.8,2,1
23.4,23,732,0,6.9,2,0
23.4,23,730,0,10.3,2,1
23.4,23,716,0,6.9,2,0
23.4,23,764,0,8.1,2,0
23.4,23,710,0,6.9,2,1
23.4,23,762,0,9.2,2,0
23.4,23,732,0,11.4,2,1
23.4,23,718,0,9.2,2,0
23.4,23,715,0,10.3,2,1
23.4,22.7,762,0,12.8,2,0
23.4,22.6,765,0,9.2,2,1
23.4,22.6,722,0,8.1,2,0
23.4,22.6,729,0,4.7,2,1
23.4,22.6,721,0,8.1,2,0
23.4,22.6,715,0,5.8,2,0
23.4,22.6,708,0,9.2,2,1
23.4,22.6,761,0,11.4,2,0
23.4,22.6,721,0,9.2,2,1
23.4,22.6,716,0,6.9,2,0
23.4,22.6,728,0,8.1,2,1
23.4,22.6,739,0,5.8,2,0
23.4,22.6,712,0,9.2,2,1
23.4,22.6,717,0,10.3,2,0
23.4,22.6,758,0,8.1,2,1
23.4,22.6,728,0,8.1,2,0
23.4,22.6,708,0,6.9,2,0
23.4,22.6,705,0,6.9,2,1
23.4,22.6,727,0,3.4,2,0
23.4,22.6,717,0,4.7,2,1
23.4,22.6,721,0,4.6,2,0
23.4,22.6,728,0,4.7,2,1
23.4,22.6,739,0,5.8,2,0
23.4,22.6,746,0,4.7,2,1
23.4,22.6,712,0,4.7,2,0
23.4,22.6,762,0,5.8,2,1
23.4,22.6,740,0,4.7,2,0
23.4,22.6,725,0,9.2,2,0
23.4,22.6,813,0,9.2,2,1
23.4,22.6,858,0,8.1,2,0
23.4,22.6,846,0,8.1,2,1
23.4,22.6,836,0,9.2,2,0
23.4,22.6,860,0,9.2,2,1
23.4,22.6,808,0,11.4,2,0
23.4,22.6,840,0,4.7,2,1
23.4,22.6,824,0,5.8,2,0
23.4,22.6,809,0,3.4,2,1
23.4,22.6,828,0,3.4,2,0
23.4,22.6,806,0,4.7,2,0
23.4,22.6,829,0,4.7,2,1
23.4,22.6,816,0,3.4,2,0
23.4,22.6,809,0,6.9,2,1
23.4,22.6,833,0,4.7,2,0
23.4,22.6,852,0,4.7,2,1
23.4,22.6,837,0,3.4,2,0
23.8,22.6,838,0,6.4,2,1
23.8,22.6,821,0,8.1,2,0
23.8,22.6,846,0,6.9,2,1
23.8,22.6,805,0,5.8,2,0
23.8,22.6,824,0,4.7,2,0
23.8,22.6,854,0,9.2,2,1
23.8,22.6,847,0,5.8,2,0
24.1,22.6,818,0,5.8,2,1
24.1,22.6,849,0,4.7,2,0
24.1,22.6,857,0,9.2,2,1
24.1,22.6,856,0,4.7,2,0
24.1,22.6,830,0,6.9,2,1
24.1,22.6,852,0,6.9,2,0
24.1,22.6,848,0,6.9,2,1
24.1,22.6,843,0,10.3,2,0
24.1,22.6,823,0,4.7,2,0
24.1,22.6,810,0,4.7,2,1
24.1,22.6,807,0,6.9,2,0
24.1,22.6,801,0,6.9,2,1
24.1,22.6,829,0,3.4,2,0
24.1,22.6,820,0,4.7,2,1
24.1,22.6,848,0,10.3,2,0
24.1,22.6,811,0,5.8,2,1
24.1,22.6,806,0,5.8,2,0
24.1,22.6,816,0,5.8,2,1
24.1,22.6,836,0,3.4,2,0
24.1,22.6,825,0,4.7,2,0
24.1,22.6,816,0,6.9,2,1
24.1,22.6,807,0,10.3,2,0
24.1,22.6,831,0,8.1,2,1
24.1,22.6,856,0,5.8,2,0
24.1,22.6,813,0,6.9,2,1
24.1,22.6,859,0,9.2,2,0
24.1,22.6,811,0,6.9,2,1
24.1,22.6,822,0,6.9,2,0
24.1,22.6,841,0,8.1,2,1
24.1,22.6,813,0,6.9,2,0
24.1,22.6,820,0,5.8,2,0
24.1,22.6,821,0,8.1,2,1
24.1,22.6,846,0,11.4,2,0
24.1,22.6,816,0,9.2,2,1
24.1,22.6,830,0,5.8,2,0
23.4,23.4,834,0,6.9,2,1
23.4,23.4,800,0,5.8,2,0
23.8,23.4,838,0,6.9,2,1
23.8,23.4,812,0,3.4,2,0
23.8,23.4,829,0,5.8,2,1
23.8,23.4,826,0,6.9,2,0
23.8,23.4,758,0,3.8,2,0
24.1,23.4,708,0,13.9,2,1
24.1,23.4,726,0,5.8,2,0
24.1,23.4,742,0,9.2,2,1
24.1,23.4,754,0,9.2,2,0
24.1,23.4,769,0,6.9,2,1
24.1,23.4,763,0,6.9,2,0
24.1,23.4,722,0,9.2,2,1
24.1,23.4,757,0,8.1,2,0
24.1,23.4,736,0,9.2,2,1
24.1,23.4,726,0,8.1,2,0
24.1,23.4,712,0,11.4,2,0
24.1,23.4,774,0,9.2,2,1
24.1,23.4,702,0,9.2,2,0
24.1,23.4,721,0,6.9,2,1
24.1,23.4,749,0,10.3,2,0
24.1,23.4,728,0,8.1,2,1
24.1,23.4,756,0,8.1,2,0
24.1,23.4,717,0,9.2,2,1
24.1,23.4,728,0,5.8,2,0
24.1,23.4,775,0,10.3,2,1
24.1,23.4,762,0,11.4,2,0
24.1,23.4,736,0,9.2,2,0
24.1,23.4,740,0,5.8,2,1
24.1,23.4,732,0,4.7,2,0
24.1,23.4,728,0,20.8,2,1
24.1,23.4,717,0,6.9,2,0
24.1,23.4,747,0,6.9,2,1
24.1,23.4,711,0,11.4,2,0
24.1,23.4,733,0,5.8,2,1
24.1,23.4,739,0,12.8,2,0
24.1,23.4,726,0,10.3,2,1
24.1,23.4,720,0,5.8,2,0
24.1,23.4,745,0,5.8,2,0
24.1,23.4,765,0,6.9,2,1
24.1,23.4,712,0,8.1,2,0
24.1,23.4,774,0,9.2,2,1
24.1,23.4,716,0,10.3,2,0
24.2,23.4,760,0,6.9,2,1
24.5,23.4,763,0,9.2,2,0
24.5,23.4,773,0,9.2,2,1
24.5,23.4,712,0,11.4,2,0
24.5,23.4,776,0,12.8,2,1
24.5,23.4,773,0,9.2,2,0
24.5,23.4,749,0,12.8,2,0
24.5,23.4,772,0,11.4,2,1
24.5,23.4,750,0,9.2,2,0
24.5,23.4,721,0,20.8,2,1
24.5,23.4,745,0,8.1,2,0
24.5,23.4,776,0,13.9,2,1
24.5,23.4,772,0,13.9,2,0
24.5,23.4,763,0,17.2,2,1
24.5,23.4,716,0,16.1,2,0
24.5,23.4,711,0,11.4,2,1
24.5,23.4,772,0,11.4,2,0
24.5,23.4,703,0,9.2,2,0
24.5,23.4,727,0,11.4,2,1
24.5,23.4,772,0,13.9,2,0
24.5,23.4,741,0,11.4,2,1
24.5,23.4,726,0,13.9,2,0
24.5,23.4,715,0,13.9,2,1
24.5,23.4,774,0,13.9,2,0
24.5,23.4,774,0,11.4,2,1
24.5,23.4,706,0,16.1,2,0
24.5,23.4,759,0,16.1,2,1
24.5,23.4,774,0,13.9,2,0
18.6,18.6,744,0,8.1,2,0
18.6,18.6,697,0,10.3,2,1
18.6,18.6,708,0,11.4,2,0
18.6,18.6,736,0,13.9,2,1
18.6,18.6,746,0,11.4,2,0
18.6,18.6,744,0,12.8,2,1
18.6,18.6,703,0,11.4,2,0
18.6,18.6,724,0,17.2,2,1
18.6,18.6,722,0,10.3,2,0
18.6,18.6,697,0,19.7,2,1
18.6,18.6,732,0,16.1,2,0
18.6,18.6,718,0,8.1,2,0
18.6,18.6,716,0,13.9,2,1
18.6,18.6,718,0,6.9,2,0
18.6,18.6,735,0,16.1,2,1
18.6,18.6,706,0,9.2,2,0
18.6,18.6,740,0,23,2,1
18.6,18.6,766,0,16.1,2,0
18.6,18.6,711,0,13.9,2,1
18.6,18.6,722,0,23,2,0
18.6,18.6,725,0,17.2,2,1
18.6,18.6,738,0,5.8,2,0
18.6,18.6,694,0,11.4,2,0
19,18.6,712,0,11.4,2,1
19,18.6,696,0,11.4,2,0
19,18.6,768,0,23,2,1
19,18.6,729,0,9.2,2,0
19.8,19.8,793,0,10.3,2,1
19.8,19.8,778,0,9.2,2,0
19.8,19.8,739,0,11.4,2,1
19.8,19.8,788,0,9.2,2,0
19.8,19.8,776,0,11.4,2,1
20.2,19.8,778,0,16.1,2,0
20.2,19.8,785,0,23,2,0
20.2,19.8,754,0,23,2,1
20.2,19.8,802,0,17.2,2,0
20.2,19.8,750,0,12.8,2,1
20.2,19.8,802,0,17.2,2,0
20.2,19.8,740,0,11.4,2,1
20.2,19.8,816,0,19.7,2,0
20.2,19.8,825,0,16.1,2,1
20.2,19.8,835,0,13.9,2,0
20.2,19.8,860,0,11.4,2,1
20.2,19.8,830,0,23,2,0
20.2,19.8,861,0,16.1,2,0
20.2,19.8,858,0,17.2,2,1
20.2,19.8,848,0,18.3,2,0
20.2,19.8,865,0,8.1,2,1
20.2,19.8,825,0,9.2,2,0
20.2,19.8,831,0,10.3,2,1
20.2,19.8,819,0,11.4,2,0
20.2,19.8,860,0,12.8,2,1
20.2,19.8,735,0,16.1,2,0
20.2,19.8,741,0,9.2,2,1
20.2,19.8,740,0,11.4,2,0
20.2,19.8,744,0,10.3,2,0
20.2,19.8,793,0,9.2,2,1
20.2,19.8,737,0,9.2,2,0
20.2,19.8,776,0,11.4,2,1
20.2,19.8,762,0,8.1,2,0
20.2,19.8,772,0,8.1,2,1
20.2,19.8,748,0,10.3,2,0
20.2,19.8,780,0,11.4,2,1
20.2,19.8,746,0,12.8,2,0
20.2,19.8,747,0,10.3,2,1
20.2,19.8,786,0,13.9,2,0
20.2,19.8,798,0,13.9,2,0
20.2,19.8,781,0,13.9,2,1
20.2,19.8,756,0,16.1,2,0
20.2,19.8,765,0,10.3,2,1
20.2,19.8,786,0,17.2,2,0
20.2,19.8,757,0,9.2,2,1
20.3,19.8,754,0,6.9,2,0
20.6,19.8,744,0,8.1,2,1
20.6,19.8,772,0,10.3,2,0
20.6,19.8,741,0,9.5,2,1
20.6,19.8,750,0,6.9,2,0
20.6,19.8,843,0,9.2,2,0
20.6,19.8,823,0,9.2,2,1
20.6,19.8,847,0,11.4,2,0
20.6,19.8,831,0,13.9,2,1
20.6,19.8,826,0,15,2,0
20.6,19.8,820,0,16.1,2,1
20.6,19.8,846,0,10.3,2,0
20.6,19.8,746,0,36.8,2,1
20.6,19.8,782,0,18.3,2,0
20.6,19.8,798,0,15,2,1
20.6,19.8,751,0,9.2,2,0
20.6,19.8,778,0,11.4,2,0
20.6,19.8,753,0,6.9,2,1
20.6,19.8,800,0,13.9,2,0
20.6,19.8,753,0,11.4,2,1
20.6,19.8,786,0,11.4,2,0
20.6,19.8,782,0,6.9,2,1
20.6,19.8,735,0,13.9,2,0
20.6,19.8,798,0,11.4,2,1
20.6,19.8,739,0,11.4,2,0
20.6,19.8,758,0,17.2,2,1
20.6,19.8,740,0,17.2,2,0
20.6,19.8,738,0,10.3,2,0
20.6,19.8,736,0,11.4,2,1
20.6,19.8,793,0,5.8,2,0
20.6,19.8,793,0,9.2,2,1
20.6,19.8,758,0,6.9,2,0
20.6,19.8,787,0,8.1,2,1
20.6,19.8,759,0,6.7,2,0
20.6,19.8,750,0,9.2,2,1
20.6,19.8,747,0,11.4,2,0
20.6,19.8,797,0,11.4,2,1
20.6,19.8,739,0,11.4,2,0
20.6,19.8,750,0,11.4,2,0
20.6,19.8,769,0,11.4,2,1
20.6,19.8,780,0,5.8,2,0
20.6,19.8,785,0,9.2,2,1
20.6,19.8,746,0,6.9,2,0
20.6,19.8,772,0,9.2,2,1
20.6,19.8,795,0,10.3,2,0
20.6,19.8,753,0,11.4,2,1
21.8,21.8,841,0,17.2,2,0
21.8,21.8,885,0,10.3,2,1
21.8,21.8,866,0,9.2,2,0
21.8,21.8,865,0,13.9,2,0
21.8,21.8,857,0,11.4,2,1
21.8,21.8,842,0,9.2,2,0
21.8,21.8,878,0,11.4,2,1
21.8,21.8,842,0,9.2,2,0
21.8,21.8,866,0,5.8,2,1
22.8,1000,979,0,9.2,2,0
23.8,22.2,845,0,13.9,2,1
23.8,1000,718,0,16.1,2,0
24.8,1000,693,0,10.3,2,1
25.8,1000,704,0,11.4,2,0
26.8,1000,706,0,5.8,2,0
27.8,1000,841,0,8.1,2,1
28.8,1000,855,0,6.9,2,0
29.8,1000,849,0,8.1,2,1
30.8,1000,865,0,16.1,2,0
31.8,1000,845,0,12.8,2,1
32.8,1000,805,0,11.4,2,0
33.8,33.8,852,0,9.2,2,1
33.8,33.2,844,0,5.8,2,0
33.8,28.5,868,0,11.4,2,1
33.8,25.8,628,0,13.9,2,0
33.8,24.1,428,1,16.1,2,0
33.8,23.8,355,1,11.4,2,1
33.8,23,365,1,9.2,2,0
33.8,23,351,1,11.4,2,1
33.8,22.6,975,0,8.1,2,0
20.6,20.6,859,0,4.7,2,1
20.6,20.6,879,0,5.8,2,0
21,20.6,845,0,13.9,2,1
21,20.6,836,0,8.1,2,0
21,20.6,113,1,8.1,2,1
21.8,21.8,315,1,9.2,2,0
21.8,21.8,1024,0,6.9,2,0
22.2,21.8,873,0,5.8,2,1
22.3,21.8,868,0,8.1,2,0
19.4,19.4,808,0,13.9,2,1
19.4,19.4,328,1,15,2,0
19.4,19.4,848,0,16.1,2,1
19.4,19.4,849,0,10.3,2,0
19.4,19.4,836,0,9.2,2,1
19.4,19.4,836,0,10.3,2,0
19.5,19.4,831,0,13.9,2,1
19.8,19.4,927,0,11.4,2,0
19.4,19.4,822,0,9.2,2,0
19.4,19.4,834,0,11.4,2,1
19.4,19.4,807,0,13.9,2,0
19.4,19.4,836,0,6.9,2,1
19.8,19.4,866,0,4.7,2,0
19.8,19.4,874,0,10.3,2,1
19.8,19.4,336,1,9.2,2,0
20.2,19.4,351,1,9.2,2,1
20.2,19.4,705,0,9.2,2,0
21.4,21.4,798,0,7.3,2,1
21.4,21.4,845,0,12.8,2,0
21.4,21.4,798,0,5.8,2,0
21.4,21.4,841,0,11.4,2,1
21.4,21.4,838,0,18.3,2,0
21.4,21.4,797,0,11.4,2,1
21.4,21.4,821,0,8.1,2,0
21.4,21.4,831,0,8.1,2,1
21.8,21.4,805,0,6.9,2,0
21.8,21.4,807,0,5.8,2,1
21.8,21.4,845,0,6.9,2,0
21.8,21.4,806,0,4.7,2,1
21.8,21.4,811,0,5.8,2,0
21.8,21.4,798,0,10.3,2,0
21.8,21.4,797,0,9.2,2,1
21.8,21.4,812,0,11.4,2,0
21.8,21.4,794,0,53,2,1
21.8,21.4,787,0,9.2,2,0
21.8,21.4,808,0,10.3,2,1
21.8,21.4,841,0,10.3,2,0
21.8,21.4,1024,0,11.4,2,1
22.2,21.4,848,0,6.9,2,0
23.2,1000,846,0,9.2,2,1
24.2,21.4,847,0,11.4,2,0
25.2,1000,543,0,10.3,2,0
26.2,1000,487,1,9.2,2,1
27.2,27.6,482,1,8.1,2,0
28.2,27.6,502,0,5.8,2,1
29.2,25.8,379,1,5.8,2,0
30.2,25.8,420,1,6.9,2,1
31.2,25.8,377,1,9.2,2,0
32.2,1000,377,1,9.2,2,1
33.2,1000,384,1,8.1,2,0
27.1,27.1,389,1,9.2,2,1
27.1,27.1,387,1,11.4,2,0
27.1,27.1,384,1,8.1,2,0
22.2,22.2,879,0,6.9,2,1
22.2,22.2,902,0,4.7,2,0
22.2,22.2,878,0,5.8,2,1
22.2,22.2,868,0,5.8,2,0
22.2,22.2,865,0,8.1,2,1
22.2,22.2,878,0,9.2,2,0
22.2,22.2,860,0,6.9,2,1
22.2,22.2,857,0,8.1,2,0
22.2,22.2,861,0,9.2,2,1
22.2,22.2,858,0,9.2,2,0
22.2,22.2,869,0,11.4,2,0
22.2,22.2,866,0,13.9,2,1
22.2,22.2,867,0,6.9,2,0
22.2,22.2,890,0,5.8,2,1
22.6,22.2,873,0,5.8,2,0
22.6,22.2,866,0,5.8,2,1
22.6,22.2,872,0,9.2,2,0
22.6,22.2,881,0,12.8,2,1
22.6,22.2,864,0,10.3,2,0
22.6,22.2,866,0,9.2,2,1
22.6,22.2,869,0,8.1,2,0
22.6,22.2,859,0,6.9,2,0
22.6,22.2,858,0,6.9,2,1
22.6,22.2,861,0,12.8,2,0
22.6,22.2,870,0,10.3,2,1
22.6,22.2,867,0,9.2,2,0
22.6,22.2,857,0,6.9,2,1
22.6,22.2,886,0,8.1,2,0
22.6,22.2,867,0,8.1,2,1
22.6,22.2,865,0,10.3,2,0
22.6,22.2,876,0,11.4,2,1
22.6,22.2,855,0,8.1,2,0
22.6,22.2,856,0,9.2,2,0
22.6,22.2,879,0,11.4,2,1
22.6,22.2,881,0,6.9,2,0
22.6,22.2,867,0,5.8,2,1
22.6,22.2,860,0,4.7,2,0
22.6,22.2,861,0,4.7,2,1
22.6,22.2,861,0,3.4,2,0
22.6,22.2,856,0,6.9,2,1
22.6,22.2,876,0,6.9,2,0
22.6,22.2,866,0,9.2,2,1
22.6,22.2,879,0,13.9,2,0
22.6,22.2,868,0,11.4,2,0
22.6,22.2,867,0,9.2,2,1
22.6,22.2,888,0,8.1,2,0
22.6,22.2,859,0,6.9,2,1
22.6,22.2,871,0,10.3,2,0
22.6,22.2,889,0,6.9,2,1
22.6,22.2,865,0,6.9,2,0
22.6,22.2,865,0,8.1,2,1
22.6,22.2,865,0,6.9,2,0
22.6,22.2,857,0,6.9,2,1
22.6,22.2,860,0,13.9,2,0
22.6,22.2,886,0,9.2,2,0
22.6,22.2,889,0,10.3,2,1
22.6,22.2,889,0,9.2,2,0
22.6,22.2,869,0,11.4,2,1
22.6,22.2,867,0,15,2,0
22.6,22.2,886,0,8.1,2,1
22.6,22.2,866,0,6.9,2,0
22.6,22.2,870,0,8.1,2,1
22.6,22.2,879,0,6.9,2,0
22.6,22.2,858,0,6.9,2,1
22.6,22.2,865,0,8.1,2,0
22.6,22.2,884,0,8.1,2,0
22.6,22.2,857,0,5.8,2,1
23.6,1000,952,0,6.9,2,0
21.4,21.4,932,0,8.1,2,1
21.4,21.4,1024,0,11.4,2,0
21.4,21.4,1024,0,12.8,2,1
21.4,21.4,1024,0,11.4,2,0
21.4,21,687,0,6.9,2,1
21.4,21,693,0,6.9,2,0
26.2,26.2,645,0,9.2,2,1
26.7,26.2,620,0,6.9,2,0
26.7,26.2,682,0,11.4,2,0
26.7,26.2,627,0,12.8,2,1
26.7,26.2,615,0,11.4,2,0
26.7,26.2,691,0,8.1,2,1
26.7,26.2,657,0,6.9,2,0
26.7,26.2,691,0,6.9,2,1
26.7,26.2,681,0,8.1,2,0
26.7,26.2,640,0,5.8,2,1
27.1,27.1,638,0,11.4,2,0
27.1,27.1,663,0,11.4,2,1
28.1,1000,749,0,12.8,2,0
29.1,1000,580,0,11.4,2,0
30.1,1000,853,0,8.1,2,1
31.1,1000,859,0,10.3,2,0
28.5,28.5,808,0,8.1,2,1
28.5,28.5,888,0,11.4,2,0
28.5,28,734,0,9.2,2,1
28.5,28,675,0,11.4,2,0
28.5,27.6,992,0,6.9,2,1
28.5,27.6,632,0,8.1,2,0
28.5,27.6,616,0,6.9,2,1
28.5,27.6,600,0,11.4,2,0
28.5,27.6,648,0,12.8,2,0
27.6,27.6,848,0,5.8,2,1
28,27.6,869,0,9.2,2,0
28,27.6,822,0,10.3,2,1
28,27.6,889,0,9.2,2,0
28,27.6,836,0,9.2,2,1
28,27.6,825,0,6.9,2,0
28,27.6,816,0,5.8,2,1
28,27.6,834,0,8.1,2,0
28,27.6,812,0,9.2,2,1
29,25.7,694,0,11.4,2,0
26.7,26.7,852,0,9.2,2,0
26.7,26.7,725,0,6.9,2,1
26.7,26.7,627,0,9.2,2,0
26.7,26.2,709,0,12.8,2,1
27.7,23.8,822,0,10.3,2,0
24.8,24.8,858,0,9.2,2,1
24.8,24.8,906,0,9.2,2,0
25.3,24.8,934,0,6.9,2,1
25.3,24.8,914,0,13.9,2,0
25.3,24.8,883,0,11.4,2,1
25.3,24.8,874,0,10.3,2,0
25.3,24.8,890,0,11.4,2,0
25.3,24.8,868,0,17.2,2,1
25.3,24.8,876,0,15,2,0
25.3,24.8,879,0,12.8,2,1
25.3,24.8,871,0,13.9,2,0
25.3,24.8,894,0,18.3,2,1
25.8,24.8,871,0,17.2,2,0
25.8,24.8,878,0,15,2,1
25.8,24.8,894,0,11.4,2,0
25.8,24.8,881,0,18.3,2,1
25.8,24.8,882,0,13.9,2,0
25.8,24.8,868,0,16.1,2,0
25.8,24.8,879,0,17.2,2,1
25.8,24.8,878,0,17.2,2,0
25.8,24.8,879,0,18.3,2,1
25.8,24.8,873,0,16.1,2,0
25.8,24.8,981,0,19.7,2,1
25.8,24.8,308,1,17.2,2,0
25.8,24.8,390,1,19.7,2,1
25.8,24.8,878,0,16.3,2,0
-1000,1000,829,0,18.3,2,1
-1000,1000,838,0,16.1,2,0
25.3,25.3,798,0,18.3,2,0
25.3,25.3,905,0,16.1,2,1
25.3,25.3,849,0,16.1,2,0
25.3,25.3,807,0,16.1,2,1
25.8,25.3,824,0,18.3,2,0
25.8,25.3,847,0,16.1,2,1
25.8,25.3,835,0,17.2,2,0
25.8,25.3,828,0,16.1,2,1
25.8,25.3,849,0,16.1,2,0
25.8,25.3,890,0,19.7,2,1
25.8,25.3,825,0,16.1,2,0
25.8,25.3,824,0,16.1,2,0
25.8,25.3,847,0,16.1,2,1
25.8,25.3,813,0,13.9,2,0
25.8,25.3,833,0,15,2,1
25.8,25.3,843,0,18.3,2,0
25.8,25.3,820,0,17.2,2,1
25.8,25.3,847,0,17.2,2,0
25.8,25.3,822,0,13.9,2,1
25.8,25.3,818,0,19.7,2,0
25.8,25.3,843,0,16.1,2,1
25.8,25.3,814,0,13.9,2,0
25.8,25.3,809,0,11.4,2,0
25.8,25.3,488,1,13.9,2,1
26.2,26.2,905,0,9.2,2,0
26.2,26.2,805,0,13.9,2,1
26.2,26.2,919,0,8.1,2,0
26.2,26.2,261,1,10.3,2,1
26.2,26.2,944,0,15,2,0
27.1,27.1,931,0,16.1,2,1
28.1,25.1,818,0,9.2,2,0
29.1,26.1,843,0,11.4,2,1
27.1,27.1,848,0,16.1,2,0
27.1,27.1,856,0,28.9,2,0
27.1,26.7,897,0,23,2,1
27.1,26.7,794,0,23,2,0
27.1,26.7,639,0,19.7,2,1
-1000,1000,634,0,19.7,2,0
26.7,26.7,865,0,17.2,2,1
26.7,26.7,718,0,20.8,2,0
26.7,26.7,317,1,17.2,2,1
27.6,27.6,618,0,28.9,2,0
27.6,27.6,1024,0,13.9,2,1
27.6,27.6,1024,0,9.2,2,0
27.6,27.6,1024,0,13.9,2,0
27.6,27.6,1024,0,15,2,1
27.6,27.6,1024,0,11.4,2,0
28,27.6,1024,0,8.1,2,1
28,27.6,1024,0,16.1,2,0
28,27.6,1024,0,13.9,2,1
28,27.6,1024,0,11.4,2,0
28,27.6,1024,0,10.3,2,1
28,27.6,1024,0,11.4,2,0
28,27.6,1024,0,12.8,2,1
28,27.6,1024,0,12.8,2,0
28,27.6,1024,0,17.2,2,0
28,27.6,1024,0,18.3,2,1
28,27.6,1024,0,17.2,2,0
28,27.6,1024,0,17.2,2,1
28,27.6,1024,0,17.2,2,0
28,27.6,1024,0,16.1,2,1
28,27.6,1024,0,17.2,2,0
28,27.6,1024,0,20.8,2,1
28.4,27.6,1024,0,16.1,2,0
28.5,27.6,1024,0,17.2,2,1
28.5,27.6,1024,0,28.9,2,0
28.5,27.6,1024,0,13.9,2,0
28.5,27.6,1024,0,16.1,2,1
28.5,27.6,1024,0,23,2,0
28.5,27.6,1024,0,17.2,2,1
28.5,27.6,656,0,23,2,0
28,28,621,0,11.4,2,1
28,28,672,0,11.4,2,0
28,28,619,0,11.4,2,1
28,28,655,0,15,2,0
28,28,708,0,11.4,2,1
28,28,699,0,9.2,2,0
28,28,637,0,9.2,2,0
28.5,28,624,0,12.8,2,1
28.5,28,691,0,13.9,2,0
28.5,28,667,0,13.9,2,1
28.5,28,629,0,9.2,2,0
28.5,28,614,0,11.4,2,1
28.5,28,627,0,8.1,2,0
28.5,28,639,0,11.4,2,1
29.4,29.4,629,0,12.8,2,0
29.6,29.4,313,1,10.3,2,1
29.8,29.4,317,1,13.9,2,0
30.2,29.4,374,1,11.4,2,0
26.2,26.2,596,0,16.1,2,1
26.2,26.2,640,0,13.9,2,0
26.4,26.2,622,0,11.4,2,1
26.7,26.2,980,0,13.9,2,0
26.7,26.2,608,0,16.1,2,1
26.7,26.2,602,0,13.9,2,0
26.7,26.2,607,0,13.9,2,1
26.7,26.2,608,0,13.9,2,0
27.1,26.2,645,0,13.9,2,1
27.1,26.2,622,0,13.9,2,0
27.1,26.2,618,0,12.8,2,0
27.1,26.2,670,0,12.8,2,1
27.1,26.2,680,0,16.1,2,0
27.1,26.2,658,0,13.9,2,1
27.1,26.2,616,0,11.4,2,0
27.1,26.2,604,0,13.9,2,1
27.1,26.2,640,0,10.3,2,0
27.1,26.2,666,0,11.4,2,1
27.6,26.2,642,0,9.2,2,0
27.6,26.2,669,0,11.4,2,1
27.6,26.2,624,0,9.2,2,0
27.6,26.2,616,0,10.3,2,0
27.6,26.2,622,0,13.9,2,1
27.6,26.2,668,0,11.4,2,0
27.6,26.2,606,0,13.9,2,1
27.6,26.2,622,0,11.4,2,0
27.6,26.2,619,0,5.8,2,1
27.6,26.2,636,0,8.1,2,0
27.6,26.2,602,0,12.8,2,1
27.6,26.2,624,0,11.4,2,0
27.6,26.2,602,0,10.3,2,1
27.7,26.2,617,0,11.4,2,0
28,26.2,615,0,13.9,2,0
28,26.2,676,0,11.4,2,1
28,26.2,652,0,11.4,2,0
28,26.2,601,0,6.9,2,1
28,26.2,642,0,16.1,2,0
29,1000,721,0,17.2,2,1
30,1000,712,0,13.9,2,0
31,1000,738,0,9.2,2,1
32,1000,800,0,9.2,2,0
33,1000,796,0,17.2,2,1
34,1000,796,0,18.3,2,0
35,1000,816,0,15,2,0
36,1000,813,0,11.4,2,1
37,1000,786,0,8.1,2,0
38,1000,816,0,9.2,2,1
39,1000,778,0,11.4,2,0
40,1000,765,0,12.8,2,1
33.3,33.3,762,0,10.3,2,0
33.3,33.3,811,0,11.4,2,1
33.3,32.8,812,0,13.9,2,0
33.3,32.8,802,0,18.3,2,1
33.3,32.8,814,0,10.3,2,0
33.3,32.8,787,0,11.4,2,0
33.3,32.8,776,0,11.4,2,1
33.3,32.8,808,0,12.8,2,0
33.3,32.8,773,0,15.5,2,1
33.3,32.8,781,0,13.9,2,0
33.3,32.8,768,0,17.2,2,1
33.3,32.8,774,0,6.9,2,0
33.3,32.8,776,0,8.1,2,1
33.3,32.8,792,0,10.3,2,0
33.3,32.8,770,0,13.9,2,1
33.3,32.8,769,0,15,2,0
33.3,32.8,766,0,13.9,2,0
33.3,33.3,773,0,9.2,2,1
33.3,33.3,797,0,13.9,2,0
33.3,33.3,816,0,64.4,2,1
33.3,33.3,813,0,10.3,2,0
33.3,33.3,816,0,6.9,2,1
33.3,33.3,802,0,11.4,2,0
33.3,33.3,774,0,6.9,2,1
33.3,33.3,800,0,10.3,2,0
33.3,33.3,740,0,9.2,2,1
33.3,33.3,740,0,9.2,2,0
33.3,33.3,746,0,11.4,2,0
33.3,33.3,717,0,11.4,2,1
33.3,33.3,716,0,9.2,2,0
33.3,33.3,670,0,8.1,2,1
33.3,33.3,723,0,9.2,2,0
33.3,33.3,662,0,6.9,2,1
33.3,33.3,736,0,8.1,2,0
33.3,33.3,667,0,6.9,2,1
33.3,33.3,670,0,5.8,2,0
33.3,33.3,709,0,16.1,2,1
33.3,33.3,712,0,6.9,2,0
33.3,33.3,720,0,11.4,2,0
33.3,33.3,687,0,15,2,1
33.3,33.3,708,0,18.3,2,0
33.3,33.3,716,0,9.2,2,1
33.3,33.3,808,0,5.8,2,0
33.3,33.3,680,0,10.3,2,1
33.3,33.3,692,0,13.9,2,0
33.3,33.3,738,0,10.3,2,1
33.3,33.3,696,0,11.4,2,0
33.3,33.3,687,0,13.9,2,1
33.3,33.3,693,0,11.4,2,0
33.3,33.3,741,0,11.4,2,0
33.3,33.3,729,0,8.1,2,1
33.3,33.3,750,0,13.9,2,0
33.3,33.3,711,0,11.4,2,1
33.3,33.3,718,0,11.4,2,0
33.3,33.3,724,0,11.4,2,1
33.3,33.3,729,0,15,2,0
33.3,33.3,682,0,12.8,2,1
33.3,33.3,711,0,11.4,2,0
33.3,33.3,802,0,9.2,2,1
33.3,33.3,805,0,17.2,2,0
33.3,33.3,786,0,11.4,2,0
33.3,33.3,780,0,5.8,2,1
33.3,33.3,782,0,9.2,2,0
33.3,33.3,823,0,11.4,2,1
33.3,33.3,814,0,9.2,2,0
33.3,33.3,787,0,8.1,2,1
33.3,33.3,741,0,8.1,2,0
33.3,33.3,750,0,11.4,2,1
33.3,33.3,775,0,9.2,2,0
33.3,33.3,753,0,6.9,2,1
33.3,33.3,749,0,9.2,2,0
33.3,33.3,740,0,10.3,2,0
33.3,33.3,708,0,6.9,2,1
33.3,33.3,726,0,5.8,2,0
33.3,33.3,706,0,6.9,2,1
33.3,33.3,687,0,8.1,2,0
33.3,33.3,746,0,11.4,2,1
33.3,33.3,698,0,6.9,2,0
33.3,33.3,792,0,9.2,2,1
33.3,33.3,784,0,10.3,2,0
33.3,33.3,819,0,10.3,2,1
33.3,33.3,792,0,9.2,2,0
33.3,33.3,822,0,8.1,2,0
33.3,33.3,829,0,9.2,2,1
33.3,33.3,814,0,13.9,2,0
33.3,33.3,808,0,11.4,2,1
33.3,33.3,813,0,8.1,2,0
33.3,33.3,814,0,10.3,2,1
33.3,33.3,822,0,9.2,2,0
33.3,33.3,801,0,9.2,2,1
33.3,32.8,808,0,10.3,2,0
33.3,32.8,814,0,10.3,2,1
33.3,32.8,806,0,8.1,2,0
33.3,32.8,807,0,4.7,2,0
33.3,32.8,783,0,9.2,2,1
33.3,32.8,825,0,9.2,2,0
33.3,32.8,811,0,9.2,2,1
33.3,32.8,808,0,32.5,2,0
33.3,32.8,787,0,10.3,2,1
33.3,32.8,782,0,9.2,2,0
33.3,32.8,778,0,9.2,2,1
33.3,32.8,801,0,10.3,2,0
33.3,32.8,782,0,10.3,2,1
33.3,32.8,782,0,9.2,2,0
33.3,32.8,788,0,8.1,2,0
33.3,32.8,793,0,9.2,2,1
33.3,32.8,797,0,11.4,2,0
33.3,32.8,786,0,6.9,2,1
33.3,32.8,831,0,4.7,2,0
33.3,32.8,797,0,6.9,2,1
33.3,32.8,829,0,10.3,2,0
33.3,32.8,820,0,11.4,2,1
33.3,32.8,796,0,13.9,2,0
33.3,32.8,794,0,9.2,2,1
33.3,32.8,808,0,6.9,2,0
33.3,32.8,785,0,9.2,2,0
33.3,32.8,812,0,9.2,2,1
33.3,32.8,806,0,6.9,2,0
33.3,32.8,826,0,6.9,2,1
33.3,32.8,783,0,49.6,2,0
34.3,1000,762,0,8.1,2,1
35.3,1000,766,0,9.2,2,0
36.3,1000,739,0,8.1,2,1
37.3,1000,778,0,10.3,2,0
38.3,0,806,0,9.2,2,1
39.3,1000,798,0,6.9,2,0
40.3,1000,813,0,5.8,2,0
41.3,1000,798,0,6.9,2,1
42.3,1000,796,0,7.9,2,0
33.8,33.8,797,0,,2,1
33.8,33.8,759,0,,2,0
33.8,33.3,759,0,,2,1
33.8,33.3,793,0,,2,0
33.8,33.3,747,0,,2,1
33.8,32.8,762,0,,2,0
33.8,32.8,772,0,,2,1
33.8,32.8,757,0,,2,0
33.8,32.8,773,0,,2,0
33.8,32.8,759,0,,2,1
33.8,32.8,759,0,,2,0
33.8,32.8,792,0,,2,1
33.8,32.8,760,0,,2,0
33.8,32.8,787,0,,2,1
33.8,32.8,754,0,,2,0
33.8,32.8,750,0,,2,1
33.8,32.8,798,0,,2,0
33.8,32.8,780,0,,2,1
33.8,32.8,782,0,,2,0
33.8,32.8,760,0,,2,0
33.8,32.8,794,0,,2,1
33.8,32.8,806,0,,2,0
33.8,32.8,793,0,,2,1
33.8,32.8,782,0,,2,0
33.8,32.8,804,0,,2,1
33.8,32.8,758,0,,2,0
33.8,32.8,773,0,,2,1
33.8,32.8,776,0,,2,0
33.8,32.8,805,0,,2,1
33.8,32.8,798,0,,2,0
33.8,32.8,796,0,,2,0
33.8,32.8,806,0,,2,1
33.8,32.8,768,0,,2,0
33.8,32.8,776,0,,2,1
33.8,32.8,786,0,,2,0
33.8,32.8,805,0,,2,1
33.8,32.8,772,0,,2,0
33.8,32.8,784,0,,2,1
33.8,32.8,782,0,,2,0
33.8,32.8,775,0,,2,1
33.8,32.8,806,0,,2,0
33.8,32.8,761,0,,2,0
33.8,32.8,782,0,,2,1
33.8,32.8,776,0,,2,0
33.8,32.8,794,0,,2,1
33.8,32.8,778,0,,2,0
33.8,32.8,762,0,,2,1
33.8,32.8,785,0,,2,0
33.8,32.8,802,0,,2,1
33.8,32.8,778,0,,2,0
33.8,32.8,776,0,,2,1
33.8,32.8,802,0,,2,0
33.8,32.8,790,0,,2,0
33.8,32.8,769,0,,2,1
33.8,32.8,775,0,,2,0
33.8,32.8,762,0,,2,1
33.8,32.8,771,0,,2,0
33.8,32.8,786,0,,2,1
33.8,32.8,786,0,,2,0
33.8,32.8,783,0,,2,1
33.8,32.8,770,0,,2,0
33.8,32.8,772,0,,2,1
33.8,32.8,760,0,,2,0
33.8,32.8,807,0,,2,0
33.8,32.8,778,0,,2,1
33.8,32.8,778,0,,2,0
33.8,32.8,793,0,,2,1
33.8,32.8,770,0,,2,0
33.8,32.8,796,0,,2,1
33.8,32.8,807,0,,2,0
33.8,32.8,806,0,,2,1
33.8,32.8,766,0,,2,0
33.8,32.8,761,0,,2,1
33.8,32.8,774,0,,2,0
33.8,32.8,770,0,,2,0
33.8,32.8,774,0,,2,1
33.8,32.8,798,0,,2,0
33.8,32.8,775,0,,2,1
33.8,32.8,765,0,,2,0
33.8,32.8,764,0,,2,1
33.8,32.8,762,0,,2,0
33.8,32.8,773,0,,2,1
33.8,32.8,784,0,,2,0
33.8,32.8,795,0,,2,1
33.8,32.8,800,0,,2,0
33.8,32.8,787,0,,2,0
33.8,32.8,813,0,,2,1
34.8,1000,684,0,,2,0
35.8,1000,668,0,,2,1
36.8,1000,721,0,,2,0
37.8,1000,667,0,,2,1
38.8,1000,740,0,,2,0
39.8,1000,754,0,,2,1
28.3,1000,665,0,,2,0
29.3,1000,289,1,,2,1
30.3,1000,786,0,,2,0
31.3,1000,267,1,,2,0
32.3,1000,685,0,,2,1
33.3,33.3,817,0,,2,0
33.3,33.3,818,0,,2,1
33.3,32.8,838,0,,2,0
33.3,32.8,847,0,,2,1
33.3,32.3,832,0,,2,0
33.3,32.3,847,0,,2,1
33.3,32.3,812,0,,2,0
32.3,32.3,776,0,,2,1
32.3,32.3,745,0,,2,0
32.3,32.3,733,0,,2,0
32.3,32.3,736,0,,2,1
32.3,32.3,749,0,,2,0
32.3,31.8,726,0,,2,1
32.3,31.8,754,0,,2,0
32.3,31.8,723,0,,2,1
32.3,31.8,732,0,,2,0
32.3,31.8,762,0,,2,1
32.3,31.8,748,0,,2,0
32.3,31.8,746,0,,2,1
32.3,31.8,768,0,,2,0
32.3,31.8,756,0,,2,0
32.3,31.8,750,0,,2,1
32.3,31.8,746,0,,2,0
32.3,31.8,736,0,,2,1
32.3,31.8,728,0,,2,0
32.3,31.8,766,0,,2,1
32.3,31.8,741,0,,2,0
29.3,29.3,649,0,,2,1
29.3,29.3,820,0,,2,0
29.3,29.3,821,0,,2,1
29.8,29.3,795,0,,2,0
29.8,29.3,793,0,,2,0
29.8,29.3,768,0,,2,1
29.8,29.3,769,0,,2,0
29.8,29.3,778,0,,2,1
29.8,29.3,796,0,,2,0
29.8,29.3,795,0,,2,1
29.8,29.3,766,0,,2,0
29.8,29.3,763,0,,2,1
29.8,29.3,794,0,,2,0
29.8,29.3,784,0,,2,1
29.8,29.3,772,0,,2,0
29.8,29.3,759,0,,2,0
29.8,29.3,822,0,,2,1
29.8,29.3,770,0,,2,0
29.8,29.3,769,0,,2,1
29.8,29.3,766,0,,2,0
29.8,29.3,795,0,,2,1
29.8,29.3,795,0,,2,0
29.8,29.3,759,0,,2,1
29.8,29.3,776,0,,2,0
29.8,29.8,646,0,,2,1
28.9,30.8,620,0,,2,0
28.9,31.8,685,0,,2,0
28.9,29.8,662,0,,2,1
28.9,29.8,716,0,,2,0
28.9,29.8,646,0,,2,1
28.9,29.8,709,0,,2,0
29.3,29.8,708,0,,2,1
29.3,29.8,665,0,,2,0
29.3,29.8,658,0,,2,1
29.3,29.8,655,0,,2,0
29.3,28.9,718,0,,2,1
29.3,28.9,676,0,,2,0
29.3,28.9,656,0,,2,0
29.3,28.9,725,0,,2,1
29.3,28.9,655,0,,2,0
29.3,28.9,689,0,,2,1
29.3,29.3,653,0,,2,0
29.3,29.3,676,0,,2,1
29.3,29.3,726,0,,2,0
29.3,29.3,656,0,,2,1
29.3,29.3,716,0,,2,0
29.3,29.3,725,0,,2,1
29.3,29.3,722,0,,2,0
29.3,29.3,655,0,,2,0
29.3,16.5,661,0,,2,1
29.3,17.5,649,0,,2,0
29.3,18.5,691,0,,2,1
29.3,19.5,687,0,,2,0
29.3,20.5,717,0,,2,1
29.3,16.5,721,0,,2,0
29.3,17.5,687,0,,2,1
29.3,18.5,722,0,,2,0
29.3,19.5,666,0,,2,1
29.3,20.5,694,0,,2,0
29.3,21.5,712,0,,2,0
29.3,22.5,667,0,,2,1
29.3,14.6,676,0,,2,0
29.3,15.6,686,0,,2,1
29.3,16.6,705,0,,2,0
29.3,17.6,778,0,,2,1
29.3,18.6,760,0,,2,0
29.3,19.6,794,0,,2,1
29.3,20.6,784,0,,2,0
29.8,21.6,802,0,,2,1
29.8,22.6,783,0,,2,0
29.8,23.6,788,0,,2,0
29.8,24.6,765,0,,2,1
29.8,25.6,785,0,,2,0
29.8,26.6,797,0,,2,1
29.8,27.6,754,0,,2,0
29.8,28.6,775,0,,2,1
29.8,29.6,783,0,,2,0
29.8,30.6,780,0,,2,1
29.8,22.5,786,0,,2,0
29.8,23.5,780,0,,2,1
29.8,24.5,768,0,,2,0
29.8,25.5,759,0,,2,0
29.8,26.5,763,0,,2,1
29.8,27.5,768,0,,2,0
29.8,28.5,744,0,,2,1
29.8,29.5,763,0,,2,0
29.8,30.5,756,0,,2,1
29.8,20.5,750,0,,2,0
27.1,21.5,785,0,,2,1
27.1,22.5,973,0,,2,0
27.1,23.5,652,0,,2,1
27.1,24.5,484,1,,2,0
27.1,25.5,442,1,,2,0
27.1,26.5,391,1,,2,1
26.7,27.5,802,0,,2,0
26.7,28.5,678,0,,2,1
27.7,29.5,812,0,,2,0
28.7,30.5,702,0,,2,1
34.2,31.5,725,0,,2,0
34.2,32.5,739,0,,2,1
35.2,33.5,667,0,,2,0
36.2,34.5,689,0,,2,1
37.2,16.6,725,0,,2,0
38.2,17.6,725,0,,2,0
39.2,18.6,652,0,,2,1
33.8,19.6,715,0,,2,0
33.8,20.6,716,0,,2,1
33.8,21.6,717,0,,2,0
33.9,22.6,718,0,,2,1
34.2,23.6,719,0,,2,0
34.2,24.6,720,0,,2,1
34.2,25.6,721,0,,2,0
34.2,17.6,722,0,,2,1
34.2,18.6,723,0,,2,0
34.2,19.6,724,0,,2,0
34.2,20.6,725,0,,2,1
34.2,21.6,726,0,,2,0
34.2,22.6,727,0,,2,1
34.2,23.6,728,0,,2,0
34.2,24.6,729,0,,2,1
34.2,25.6,730,0,,2,0
34.2,15.6,731,0,,2,1
34.2,16.6,732,0,,2,0
34.2,17.6,733,0,,2,1
35.2,18.6,734,0,,2,0
36.2,19.6,735,0,,2,0
34.2,20.6,736,0,,2,1
34.2,21.6,737,0,,2,0
34.2,22.6,738,0,,2,1
34.2,20.6,739,0,,2,0
34.2,21.6,740,0,,2,1
34.2,22.6,741,0,,2,0
34.2,23.6,742,0,,2,1
35.2,24.6,743,0,,2,0
35.2,25.6,744,0,,2,1
35.2,26.6,745,0,,2,0
35.2,27.6,746,0,,2,0
35.2,28.6,747,0,,2,1
36.2,29.6,748,0,,2,0
35.6,30.6,749,0,,2,1
35.6,31.6,750,0,,2,0
35.6,32.6,751,0,,2,1
35.6,33.6,752,0,,2,0
35.6,34.6,753,0,,2,1
