dhtTemp,dhthum,LDR value,rainValue,pressure,altitude,aqi value,rainStatusNum,weather_condition
30.2,79,687,999,1008.62531,28.16959,396,1,Rainy
29.8,77,688,404,1008.61737,28.23564,397,0,Hazy
29.9,78,715,506,1008.62201,28.19682,413,1,Rainy
30.8,80,708,585,1008.61108,28.28807,345,1,Rainy
31.3,81,753,584,1008.59741,28.40253,366,1,Rainy
32.3,82,758,566,1008.58484,28.5074,357,1,Rainy
29.3,75,747,562,1008.59003,28.46404,354,1,Rainy
28.9,76,754,564,1008.58875,28.47513,373,1,Rainy
25.3,73,750,568,1008.57733,28.57043,348,1,Rainy
22.9,74,692,578,1008.57971,28.55026,384,1,Rainy
23,72,763,586,1008.56232,28.69597,423,1,Rainy
23.4,73,702,595,1008.5639,28.68287,412,1,Rainy
60.1,71,691,427,1008.54663,28.82707,411,0,Hazy
23.8,70,705,510,1008.52075,29.04338,414,1,Rainy
24.1,69,696,534,1008.53204,28.94909,415,1,Rainy
24.5,83,721,590,1008.52344,29.02069,425,1,Rainy
24.8,84,720,632,1008.51331,29.1054,420,1,Rainy
24.2,66,729,615,1008.48407,29.34996,407,1,Rainy
22.6,11,700,665,1008.4422,29.69991,409,1,Rainy
23.7,98,732,702,1008.43628,29.74933,417,1,Rainy
23.5,68,765,750,1008.40369,30.02214,419,1,Rainy
21,67,709,785,1008.39502,30.09425,403,1,Rainy
21.4,65,752,801,1008.367,30.32874,402,1,Rainy
20.6,64,760,813,1008.34564,30.50726,401,1,Rainy
20.2,63,770,833,1008.34924,30.477,408,1,Rainy
18.2,59,718,852,1008.34985,30.47196,399,1,Rainy
18.6,58,726,868,1008.32843,30.65099,355,1,Rainy
19.4,86,739,871,1008.26202,31.20624,406,1,Rainy
19.8,87,728,453,1008.27045,31.13614,400,0,Hazy
20.3,88,759,694,1008.23248,31.45337,404,1,Rainy
18.3,85,766,756,1008.23279,31.45085,405,1,Rainy
21.8,89,764,830,1008.22162,31.54415,416,1,Rainy
22.2,38,775,856,1008.21075,31.63494,372,1,Rainy
22.7,37,782,874,1008.18701,31.83365,362,1,Rainy
26.2,45,769,880,1008.16656,32.00463,364,1,Rainy
22.3,53,768,895,1008.14709,32.16755,378,1,Rainy
21.1,62,776,898,1008.12872,32.32088,351,1,Rainy
21.9,60,742,885,1008.11938,32.39906,353,1,Rainy
22.8,57,717,907,1008.10596,32.51154,360,1,Rainy
24.6,56,714,924,1008.06525,32.85151,371,1,Rainy
25.8,93,741,932,1008.04498,33.021,352,1,Rainy
23.3,91,698,945,1008.02704,33.17131,361,1,Rainy
24,52,751,952,1008.0094,33.31861,356,1,Rainy
19,46,1024,960,1007.96381,33.69997,363,1,Rainy
18.8,41,0,473,1007.93976,33.90125,359,0,Cloudy
33.8,51,5,476,1007.90393,34.2009,358,0,Cloudy
33.2,49,4,597,1007.8764,34.43095,374,1,Rainy
28.5,48,10,773,1007.86133,34.55707,367,1,Rainy
19.5,50,6,740,1007.84265,34.71347,350,1,Rainy
27.6,47,45,832,1007.82935,34.82446,375,1,Rainy
28,48,748,882,1007.80951,34.99044,365,1,Rainy
27.1,61,793,896,1007.76477,35.3648,346,1,Rainy
26.7,54,738,913,1007.74341,35.54341,385,1,Rainy
28.4,55,745,914,1007.70685,35.84917,389,1,Rainy
29.4,56,792,921,1007.6864,36.02021,391,1,Rainy
29.6,57,735,926,1007.6933,35.96269,329,1,Rainy
26.4,82,798,940,1007.65845,36.25383,332,1,Rainy
27.7,76,794,951,1007.64081,36.40167,326,1,Rainy
33.3,73,762,963,1007.59717,36.76649,340,1,Rainy
32.8,72,797,805,1007.56409,37.04353,343,1,Rainy
33.8,71,799,948,1007.54749,37.1823,349,1,Rainy
32.3,68,725,968,1007.52576,37.36396,390,1,Rainy
31.8,69,757,975,1007.53674,37.27212,394,1,Rainy
31.9,70,756,987,1007.52075,37.40585,380,1,Rainy
34.2,71,796,997,1007.4986,37.59155,395,1,Rainy
33.9,72,761,1004,1007.47931,37.75253,334,1,Rainy
35.2,73,788,1013,1007.46173,37.89989,335,1,Rainy
35.6,61,801,1022,1007.42578,38.20068,336,1,Rainy
34.7,58,780,1024,1007.39526,38.45604,347,1,Rainy
38.5,54,774,682,1007.39642,38.44595,369,1,Rainy
38.6,60,841,867,1007.37622,38.61502,376,1,Rainy
39,63,835,879,1007.35864,38.76239,370,1,Rainy
39.2,65,837,897,1007.31189,39.15354,368,1,Rainy
39.5,63,842,942,1007.26593,39.53814,379,1,Rainy
28.7,64,840,451,1007.23273,39.81575,388,0,Hazy
35.5,62,860,941,1007.22015,39.92125,382,1,Rainy
35.4,63,869,262,1007.19843,40.10296,430,0,Hazy
34,62,831,807,1007.18237,40.23723,424,1,Rainy
32.6,64,826,825,1007.1358,40.62692,418,1,Rainy
31.4,65,847,843,1007.12061,40.75413,426,1,Rainy
30.1,66,737,949,1007.11725,40.78239,427,1,Rainy
29.7,67,787,956,1007.07928,41.09992,410,1,Rainy
30.3,68,838,972,1007.05725,41.28418,330,1,Rainy
30.6,69,836,988,1007.01111,41.67037,392,1,Rainy
32.7,70,866,1003,1007.01208,41.66229,422,1,Rainy
31.07,73.7,833,1009,1006.96295,42.07375,421,1,Rainy
31.04,67.61,825,1014,1006.92584,42.38424,383,1,Rainy
31.01,68.08,834,1017,1006.76154,43.75961,431,1,Rainy
30.99,67.17,855,1018,1006.73767,43.95907,446,1,Rainy
30.95,62.98,848,1021,1006.70349,44.24538,428,1,Rainy
30.93,62.64,861,1020,1006.69562,44.31153,387,1,Rainy
30.94,59.2,857,905,1006.65967,44.6125,377,1,Rainy
31.03,60.31,829,810,1006.64056,44.77207,429,1,Rainy
31.05,68.99,845,550,1010.32983,13.93152,437,1,Rainy
31.06,65.34,846,558,1010.35876,13.69035,433,1,Rainy
30.96,61.83,823,569,1010.35846,13.69287,434,1,Rainy
30.92,66,859,625,1010.38031,13.51061,436,1,Rainy
30.97,65.74,805,624,1010.39227,13.41041,435,1,Rainy
30.98,61.97,813,622,1010.38794,13.44666,438,1,Rainy
31.09,59.85,749,627,1010.38721,13.45271,444,1,Rainy
31.1,65.81,722,640,1010.37872,13.5237,432,1,Rainy
31.15,69.58,711,657,1010.35687,13.70596,303,1,Rainy
31.16,75.61,786,689,1010.3689,13.60576,331,1,Rainy
31.13,75.79,730,519,1010.3855,13.46731,291,1,Rainy
31.14,73.93,865,582,1010.39612,13.3787,255,1,Rainy
31.39,74.3,843,741,1010.37036,13.59368,233,1,Rainy
31.34,57.27,868,748,1010.36639,13.62641,440,1,Rainy
31.31,46.36,862,774,1010.35205,13.74624,338,1,Rainy
31.24,48.12,849,806,1010.34467,13.80817,339,1,Rainy
31.23,47.86,864,841,1010.82892,9.76692,325,1,Rainy
30.82,54.38,850,853,1010.81,9.92445,465,1,Rainy
30.69,51.18,858,861,1010.823,9.81624,307,1,Rainy
30.7,56.29,824,878,1010.83954,9.67784,283,1,Rainy
31.74,62.94,822,883,1010.85919,9.51427,289,1,Rainy
31.73,51.84,821,886,1010.87463,9.38543,232,1,Rainy
31.71,69.23,814,892,1010.88336,9.31245,250,1,Rainy
31.72,73.69,723,901,1010.89954,9.17758,279,1,Rainy
31.75,60.43,816,936,1010.91205,9.0729,269,1,Rainy
31.76,56.58,820,943,1010.9339,8.89072,294,1,Rainy
31.77,83.72,706,944,1010.9342,8.8882,267,1,Rainy
31.79,89.92,828,916,1010.95032,8.75383,276,1,Rainy
31.81,84.21,818,955,1010.96906,8.59732,263,1,Rainy
31.82,81.81,811,962,1010.97516,8.5465,262,1,Rainy
31.84,69.92,810,966,1010.96997,8.58978,272,1,Rainy
31.87,52.24,853,973,1010.96124,8.66275,235,1,Rainy
31.9,56.26,727,976,1010.96857,8.60135,253,1,Rainy
31.92,54.94,734,980,1010.96234,8.65369,268,1,Rainy
31.93,52.22,740,978,1010.96167,8.65922,381,1,Rainy
31.95,64.82,733,981,1010.97797,8.52335,398,1,Rainy
31.97,69.39,712,985,1010.98608,8.45541,460,1,Rainy
31.98,63.57,773,993,1011.01642,8.20229,393,1,Rainy
32,77.15,716,996,1011.03406,8.05535,327,1,Rainy
32.02,67.14,789,1002,1011.03467,8.05032,344,1,Rainy
32.03,69.91,800,1005,1011.0415,7.99295,386,1,Rainy
32.06,66.33,674,1008,1011.05719,7.86212,477,1,Rainy
32.05,63.61,680,1012,1011.05487,7.88174,337,1,Rainy
32.07,72.03,668,1016,1011.02905,8.09712,306,1,Rainy
32.08,74.93,746,1023,1011.03296,8.06441,209,1,Rainy
32.09,73.55,807,708,1011.00842,8.26922,174,1,Rainy
32.12,76.15,812,709,1011.0094,8.26066,178,1,Rainy
32.1,73.11,744,710,1010.9906,8.41767,173,1,Rainy
32.04,74.87,806,701,1010.97974,8.50825,476,1,Rainy
32.01,76.2,713,749,1010.9903,8.42019,56,1,Rainy
31.96,73.83,685,758,1010.98138,8.49466,155,1,Rainy
31.94,76.55,686,753,1010.99731,8.36181,500,1,Rainy
31.91,64.99,675,762,1011.00537,8.29438,161,1,Rainy
31.44,74.36,736,696,1011.04669,7.94967,453,1,Rainy
31.36,77.63,772,693,1011.03705,8.03019,164,1,Rainy
31.35,81.54,879,706,1011.04346,7.97685,172,1,Rainy
31.33,78.07,844,716,1011.0647,7.79972,265,1,Rainy
31.38,78.02,867,722,1011.06116,7.82891,238,1,Rainy
31.37,75.25,871,726,1011.04846,7.93508,236,1,Rainy
31.45,64.41,873,703,1011.04749,7.94313,245,1,Rainy
31.46,53.54,870,727,1011.03534,8.04428,184,1,Rainy
31.47,61.87,808,764,1011.04919,7.92904,206,1,Rainy
31.48,62.28,778,757,1011.04108,7.99647,188,1,Rainy
31.5,64.51,676,770,1011.03796,8.02264,190,1,Rainy
31.51,67.49,830,729,1011.01221,8.23751,187,1,Rainy
31.52,70.72,802,735,1011.0022,8.32105,439,1,Rainy
31.54,64.16,852,715,1010.98718,8.44635,464,1,Rainy
31.56,72.16,832,730,1010.9881,8.4388,456,1,Rainy
31.57,74.93,856,759,1010.98132,8.49517,320,1,Rainy
31.59,69.8,819,763,1010.99188,8.4071,305,1,Rainy
31.61,73.2,783,765,1010.96765,8.6094,300,1,Rainy
31.63,74.73,781,776,1010.97339,8.56109,317,1,Rainy
31.64,78.37,817,777,1010.97266,8.56763,315,1,Rainy
31.65,74.08,881,709,1010.99408,8.38848,310,1,Rainy
31.66,72.45,912,769,1011.01233,8.23651,323,1,Rainy
31.67,69.72,876,728,1010.99469,8.38345,282,1,Rainy
31.68,71.36,785,746,1011.01141,8.24406,485,1,Rainy
31.69,73.51,784,691,1011.05609,7.87117,301,1,Rainy
31.78,72.96,771,720,1011.05658,7.86715,292,1,Rainy
31.8,72.96,854,761,1011.07422,7.72021,443,1,Rainy
31.83,71.85,880,751,1011.09595,7.53906,457,1,Rainy
31.85,66.67,877,692,1011.11047,7.4178,447,1,Rainy
30.56,69.16,895,754,1011.12811,7.27036,481,1,Rainy
30.58,71.89,885,755,1011.13141,7.24319,150,1,Rainy
30.63,72.82,886,41,1011.15161,7.07463,442,0,Hazy
30.65,72.23,888,165,1011.16022,7.00268,239,0,Hazy
30.86,65.32,893,31,1011.15735,7.02683,450,0,Hazy
31.12,69.17,890,32,1011.14648,7.1174,128,0,Hazy
31.17,72.46,896,147,1011.16248,6.98406,462,0,Hazy
31.22,69.29,908,34,1011.15405,7.054,311,0,Hazy
31.25,71.66,892,107,1011.17999,6.83764,298,0,Hazy
31.27,61.26,883,804,1011.16327,6.97752,324,1,Rainy
31.29,73.04,618,448,1011.15002,7.08771,302,0,Hazy
31.4,69.24,678,272,1011.15747,7.02582,318,0,Hazy
31.41,72.54,596,745,1011.15283,7.06457,304,1,Rainy
31.53,69.45,522,788,1011.14771,7.10734,153,1,Rainy
29.13,71.72,475,736,1011.15851,7.01677,183,1,Rainy
29.09,72.35,900,787,1011.16528,6.96041,296,1,Rainy
29.11,63.09,889,797,1011.17236,6.90154,479,1,Rainy
29.14,67.03,878,796,1011.16034,7.00167,297,1,Rainy
29.16,63.15,684,760,1011.1283,7.26886,293,1,Rainy
29.17,70.62,693,798,1011.12781,7.27288,313,1,Rainy
29.15,67.4,663,721,1011.14917,7.09476,295,1,Rainy
29.12,67.49,694,766,1011.15796,7.0218,328,1,Rainy
29.18,65.4,667,794,1011.15845,7.01727,309,1,Rainy
29.2,68.86,951,747,1011.1543,7.05199,341,1,Rainy
29.22,69.67,701,790,1011.18188,6.82204,333,1,Rainy
29.21,71.59,664,800,1011.53632,3.86593,141,1,Rainy
29.23,78.76,627,836,1011.52112,3.99269,130,1,Rainy
29.25,77.43,580,840,1011.54407,3.80155,321,1,Rainy
29.27,80.7,591,835,1011.54437,3.79903,316,1,Rainy
29.29,76.28,512,865,1011.54541,3.78998,319,1,Rainy
29.39,75.31,569,870,1011.53455,3.88052,322,1,Rainy
26.46,72.78,552,849,1011.52533,3.95748,237,1,Rainy
26.49,71.61,601,859,1011.52814,3.93434,216,1,Rainy
26.5,73.24,546,784,1011.54718,3.77539,249,1,Rainy
26.53,72.48,564,802,1011.53485,3.878,278,1,Rainy
26.55,69.03,541,842,1011.55078,3.74521,266,1,Rainy
26.56,71.94,536,838,1011.54596,3.78545,271,1,Rainy
26.58,80.33,555,834,1011.52753,3.93937,227,1,Rainy
26.61,76.21,480,828,1011.51257,4.06412,220,1,Rainy
26.63,84.39,517,858,1011.51154,4.07267,224,1,Rainy
26.65,81.05,550,829,1011.50531,4.12448,105,1,Rainy
26.66,73.57,777,846,1011.50232,4.14963,146,1,Rainy
26.67,77.13,941,837,1011.5047,4.12951,143,1,Rainy
26.68,76.39,795,824,1011.47986,4.33676,134,1,Rainy
26.69,76.36,804,823,1011.46857,4.43083,145,1,Rainy
26.7,72.6,809,826,1011.44983,4.58727,196,1,Rainy
32.93,76.43,710,845,1011.44366,4.63859,198,1,Rainy
32.89,80.19,703,814,1011.4458,4.62098,199,1,Rainy
32.91,88.98,976,744,1011.44135,4.6582,166,1,Rainy
32.83,78.43,428,712,1011.44116,4.65971,169,1,Rainy
32.95,80.69,355,786,1011.44708,4.60991,138,1,Rainy
32.61,88.73,364,732,1011.43073,4.74674,185,1,Rainy
32.88,86.5,352,844,1011.42487,4.79554,180,1,Rainy
32.9,84.12,974,848,1011.42877,4.76284,182,1,Rainy
32.92,81.37,113,869,1011.40607,4.95199,189,1,Rainy
32.71,81.83,316,847,1011.40033,5.00028,176,1,Rainy
32.73,85.59,329,855,1011.37671,5.19698,200,1,Rainy
32.74,83.6,927,822,1011.36487,5.29559,201,1,Rainy
32.75,83.3,874,821,1011.34186,5.48777,194,1,Rainy
33.79,86.85,336,831,1011.32617,5.61857,191,1,Rainy
33.81,88.86,351,816,1011.323,5.64523,186,1,Rainy
34.01,86.51,704,708,1011.29187,5.90484,195,1,Rainy
34.03,87,543,820,1011.27966,6.00646,193,1,Rainy
34.04,83.35,487,812,1011.24921,6.26054,192,1,Rainy
34.08,90.71,482,811,1011.25079,6.24746,225,1,Rainy
34.14,89.2,502,818,1011.26001,6.17048,223,1,Rainy
33.55,88.99,379,817,1011.2807,5.99791,177,1,Rainy
33.01,78.46,421,772,1011.29687,5.86308,162,1,Rainy
33.3,80.09,377,717,1011.29486,5.87968,137,1,Rainy
32.79,94.16,376,718,1011.27325,6.05979,129,1,Rainy
33.24,90.13,384,738,1011.26984,6.08847,126,1,Rainy
33.11,86.47,388,713,1011.22321,6.47739,131,1,Rainy
33.1,82.67,389,739,1011.20673,6.61475,133,1,Rainy
33.05,76.43,382,792,1011.20953,6.5916,125,1,Rainy
33.14,73.4,884,793,1011.22314,6.47789,124,1,Rainy
33.02,75.6,933,675,1011.22778,6.43915,123,1,Rainy
33.07,78.29,689,680,1011.22736,6.44267,50,1,Rainy
33.19,88.63,653,674,1011.20667,6.61525,49,1,Rainy
33.16,92.81,624,725,1011.16174,6.9901,53,1,Rainy
33.13,89.61,614,705,1011.16296,6.98004,57,1,Rainy
33.17,94.48,649,685,1011.1756,6.87437,51,1,Rainy
33.33,94.91,644,686,1011.15326,7.06105,60,1,Rainy
33.37,96.01,636,684,1011.14825,7.10231,55,1,Rainy
33.44,89.13,662,676,1011.12585,7.28949,77,1,Rainy
33.49,86.69,578,688,1011.1189,7.34735,109,1,Rainy
33.52,87.31,992,723,1011.11438,7.38509,81,1,Rainy
33.57,87.24,629,768,1011.12061,7.33326,65,1,Rainy
33.58,80.64,615,734,1011.12231,7.31917,99,1,Rainy
33.61,83.12,598,724,1011.11139,7.41025,98,1,Rainy
33.62,83.38,907,742,1011.13892,7.1803,94,1,Rainy
33.64,81.21,913,778,1011.14081,7.1647,92,1,Rainy
33.63,87.28,982,873,1011.11768,7.35741,87,1,Rainy
33.67,90.29,307,775,1011.117,7.36345,88,1,Rainy
33.68,85.55,904,673,1011.09985,7.50636,86,1,Rainy
33.7,88.47,488,808,1011.10626,7.45302,84,1,Rainy
33.69,88.42,917,864,1011.13049,7.25074,82,1,Rainy
33.71,88.31,261,854,1011.12518,7.29502,79,1,Rainy
34.2,84.07,944,862,1011.12128,7.32773,75,1,Rainy
34.37,86.02,931,857,1011.11389,7.38911,80,1,Rainy
34.23,83.45,898,783,1011.11096,7.41377,78,1,Rainy
34.17,84.04,637,782,1011.1214,7.32672,63,1,Rainy
34.09,92.66,634,780,1011.12408,7.30408,46,1,Rainy
33.97,91.48,724,819,1011.10803,7.43792,38,1,Rainy
33.96,90.63,317,881,1011.12439,7.30156,42,1,Rainy
33.94,81.16,619,860,1011.11938,7.34333,40,1,Rainy
33.95,80.68,665,876,1011.10278,7.4817,36,1,Rainy
33.99,83.7,652,894,1011.09186,7.57278,39,1,Rainy
34,82.93,642,884,1011.09875,7.51541,35,1,Rainy
34.02,85.63,628,893,1011.11658,7.36697,33,1,Rainy
33.98,85.43,682,909,1011.11523,7.37805,30,1,Rainy
33.93,81.56,673,888,1011.1156,7.37503,32,1,Rainy
33.89,83.24,625,908,1011.11993,7.3388,19,1,Rainy
33.85,88.55,313,781,1011.10577,7.45704,37,1,Rainy
33.87,79.54,374,614,1011.10016,7.50384,34,1,Rainy
33.9,78.24,602,598,1011.10565,7.45805,27,1,Rainy
33.92,78.84,620,525,1011.09839,7.51843,31,1,Rainy
33.91,85.61,980,470,1011.09534,7.5441,18,0,Clear
30.66,86.53,607,890,1011.08221,7.65329,58,1,Rainy
30.64,92.01,600,889,1011.06268,7.81632,85,1,Rainy
30.61,83.89,610,679,1011.07751,7.69254,74,1,Rainy
30.55,88.1,640,690,1011.07062,7.75041,76,1,Rainy
30.54,92.24,604,677,1011.06158,7.82538,68,1,Rainy
30.57,90.9,670,666,1013.41296,-11.77151,71,1,Rainy
30.52,79.18,648,670,1013.44122,-12.00657,69,1,Rainy
30.49,77.46,622,866,1013.43298,-11.93826,72,1,Rainy
30.47,84.14,633,662,1013.38562,-11.54449,20,1,Rainy
30.5,74.42,616,626,1013.39471,-11.61983,23,1,Rainy
30.51,77.45,613,580,1013.28345,-10.69361,44,1,Rainy
30.41,81.01,645,592,1013.26154,-10.51077,64,1,Rainy
30.44,77.82,646,514,1013.26086,-10.50475,59,1,Rainy
30.46,76.76,687,567,1013.29065,-10.75289,41,1,Rainy
30.48,77.44,790,554,1013.29889,-10.82221,48,1,Rainy
30.45,82.76,681,600,1013.27374,-10.61224,10,1,Rainy
30.53,82.52,289,809,1013.25665,-10.47059,26,1,Rainy
30.43,79.97,267,547,1013.22455,-10.20235,24,1,Rainy
30.42,76.09,654,543,1013.18341,-9.85975,9,1,Rainy
30.4,72.17,690,535,1013.17084,-9.75526,28,1,Rainy
30.6,83.05,661,556,1013.15997,-9.66484,22,1,Rainy
30.62,85.24,657,480,1013.07281,-8.9394,25,0,Clear
30.59,90.4,655,518,1013.04248,-8.6862,21,1,Rainy
30.68,87.38,658,552,1013.00073,-8.33852,29,1,Rainy
31.86,82.48,666,714,1012.97888,-8.15665,16,1,Rainy
31.88,80.4,973,737,1012.97144,-8.09434,17,1,Rainy
31.89,74.02,484,795,1012.95422,-7.95165,11,1,Rainy
29.37,72.69,442,799,1012.90967,-7.57984,4,1,Rainy
29.38,74.53,542,711,1012.88452,-7.37081,62,1,Rainy
34.38,72.27,606,733,1012.85883,-7.15676,52,1,Rainy
34.52,82.56,608,697,1012.87604,-7.30047,54,1,Rainy
34.91,87.46,574,979,1012.87183,-7.2653,43,1,Rainy
34.95,90.87,567,704,1012.86139,-7.17786,14,1,Rainy
34.93,90.16,556,628,1013.86139,-6.17786,8,1,Rainy
35.93,93.37,557,355,1012.81281,-6.77286,184,0,Hazy
34.72,83.14,558,365,1012.79272,-6.60603,197,0,Hazy
34.9,82.74,465,351,1012.77612,-6.46734,198,0,Hazy
34.87,76.02,452,113,1012.76843,-6.40402,188,0,Hazy
34.81,82.61,461,315,1017.36719,-44.64458,173,0,Hazy
34.78,79.09,583,328,1017.34564,-44.46634,165,0,Hazy
34.8,87.55,554,927,1017.30109,-44.09583,191,1,Rainy
34.82,87.99,214,336,1017.27533,-43.88253,191,0,Cloudy
34.74,97.23,356,487,1017.26208,-43.77237,227,0,Hazy
34.79,88.28,293,482,1017.24451,-43.62616,168,0,Cloudy
34.77,82.4,288,502,1017.20612,-43.30769,198,1,Rainy
34.71,79.21,277,379,1017.18158,-43.10439,201,0,Cloudy
34.69,84.71,302,420,1017.18048,-43.09538,252,0,Hazy
34.33,78.53,401,377,1017.19226,-43.19252,310,0,Hazy
34.49,78,406,384,1017.245,-43.63016,196,0,Hazy
34.5,74.94,412,389,1017.27966,-43.91858,132,0,Hazy
34.54,69.61,340,387,1017.3078,-44.15191,147,0,Hazy
34.55,78.78,358,902,1017.28424,-43.95663,179,1,Rainy
34.57,87.18,381,872,1017.26532,-43.79941,145,1,Rainy
34.58,94.26,346,687,1017.26202,-43.7273,115,1,Rainy
34.61,92.98,365,645,1017.25659,-43.78839,140,1,Rainy
34.6,78.18,283,620,1017.26398,-43.85849,156,1,Rainy
34.59,78.6,373,681,1017.2724,-44.08081,225,1,Rainy
34.43,77.04,370,638,1017.29919,-44.27708,251,1,Rainy
33.2,85.08,375,663,1017.32281,-44.41227,228,1,Rainy
33.18,84.47,361,992,1017.33911,-44.35118,223,1,Rainy
33.15,77.43,409,616,1017.33185,-44.56948,170,1,Rainy
23,72.59,393,648,1017.35815,-49.8363,165,1,Rainy
23,78.13,391,906,1017.9928,-49.67116,159,1,Rainy
24,82.32,392,934,1017.97284,-49.70419,232,1,Rainy
23,82.72,385,308,1017.97687,-49.69518,242,0,Hazy
24,77.2,386,390,1017.97577,-50.09452,274,0,Hazy
25,74.34,387,488,1018.02393,-50.02946,259,0,Hazy
26,71.46,400,919,1018.01611,-50.10252,225,1,Rainy
27,69.3,399,261,1018.02484,-50.08851,177,0,Hazy
27,72.46,394,931,1018.02313,-50.28667,120,1,Rainy
26.7,68.39,408,639,1018.04706,-50.80107,120,1,Rainy
27,67.69,460,634,1018.10907,-50.85312,120,1,Rainy
22,69.14,456,317,1018.1153,-51.05627,132,0,Hazy
25,69.44,266,618,1018.13983,-51.42854,136,1,Rainy
20.6,65.26,264,656,1018.18475,-51.70472,182,1,Rainy
23.2,69.05,262,621,1018.21796,-51.9789,222,1,Rainy
22.2,65.22,257,672,1018.25104,-52.71235,230,1,Rainy
23,60.44,273,619,1018.33954,-53.33369,224,1,Rainy
23,67.5,269,655,1018.41437,-53.76991,217,1,Rainy
23,90.13,256,699,1018.46704,-53.98401,230,1,Rainy
23,90.16,255,637,1018.4928,-54.24012,229,1,Rainy
24.6,90.17,253,667,1018.52368,-54.38618,229,1,Rainy
23.1,87.2,102,629,1018.54138,-54.22612,235,1,Rainy
22.1,79.44,100,313,1018.52203,-54.34217,214,0,Cloudy
22,74.34,109,374,1018.53607,-54.44621,186,0,Cloudy
25,63.59,116,596,1018.54852,83.84582,172,1,Rainy
24.8,56.3,114,608,1001.98206,84.32383,138,1,Rainy
23,61.95,115,602,1001.92517,84.40392,125,1,Rainy
21,65.17,104,607,1001.91565,81.02332,132,1,Rainy
21.1,66.88,123,658,1002.31799,80.82772,111,1,Rainy
23,67.16,118,604,1002.34125,22.58067,137,1,Rainy
26,69.57,117,642,1009.29413,22.03394,172,1,Rainy
27,71.68,157,669,1009.35956,21.93769,160,1,Rainy
27.7,66.73,222,668,1009.37109,18.05498,163,1,Rainy
27.2,68.39,166,606,1009.83594,18.11844,165,1,Rainy
24,72.98,133,636,1009.82837,18.14715,139,1,Rainy
23,72.43,204,617,1009.82495,18.32798,176,1,Rainy
23,71.3,200,652,1009.80328,18.48414,162,1,Rainy
25,69.43,192,601,1009.78455,18.55919,160,1,Rainy
26,70.15,188,698,1009.77557,18.50932,142,1,Rainy
26.1,73.51,177,771,1009.78156,18.68411,172,1,Rainy
22.8,72.49,181,289,1009.76062,18.76572,134,0,Cloudy
24,75.32,176,267,1009.75085,18.81962,136,0,Cloudy
24,87.47,173,649,1009.74438,18.80803,130,1,Rainy
25,92.13,168,646,1009.74579,18.65893,111,1,Rainy
25.3,83.73,162,653,1009.76361,18.36929,117,1,Rainy
26,80.14,154,661,1009.79834,18.19249,102,1,Rainy
26,73.99,163,484,1009.81952,18.15824,108,0,Cloudy
27,75,161,442,1009.82361,18.06455,99,0,Cloudy
27,71.93,160,391,1009.83484,18.21163,121,0,Cloudy
28,67.12,159,678,1009.8172,18.4514,86,1,Rainy
27,66.38,158,679,1009.78851,18.49874,57,1,Rainy
29,78.69,156,752,1009.78284,18.65137,107,1,Rainy
28.1,86.65,557,743,1009.76453,18.72089,118,1,Rainy
29,81.01,547,755,1009.75623,53.18661,110,1,Rainy
29.2,81.5,530,791,1005.63586,52.94553,114,1,Rainy
26,78.6,570,767,1005.66467,51.16066,111,1,Rainy
30.3,76.78,538,731,1005.87769,51.10608,117,1,Rainy
31,71.92,559,732,1005.88422,50.98734,107,1,Rainy
30.4,72.56,568,733,1005.89838,36.30126,87,1,Rainy
30.1,63.76,562,734,1007.65283,37.07531,89,1,Rainy
30.7,67.71,563,735,1007.5603,36.66053,97,1,Rainy
30.9,71.27,582,736,1007.60986,41.96621,100,1,Rainy
31.2,71.55,560,737,1006.97577,36.63429,105,1,Rainy
32,75.38,532,738,1007.61298,43.11381,114,1,Rainy
31.6,70.02,548,739,1006.83868,36.86086,116,1,Rainy
30.8,74.36,531,740,1007.58594,36.68222,116,1,Rainy
32,75.35,603,741,1007.60724,36.2392,98,1,Rainy
32.3,68.78,592,742,1007.66022,36.43144,116,1,Rainy
33,74.06,573,743,1007.63727,35.79568,108,1,Rainy
32.1,74.85,576,744,1007.71326,36.88407,100,1,Rainy
32.3,65.84,590,745,1007.58313,36.11154,92,1,Rainy
32.3,66.12,581,746,1007.67548,36.23768,80,1,Rainy
33,74.54,594,747,1007.6604,36.25282,88,1,Rainy
35.1,69.73,553,748,1007.65857,36.23466,83,1,Rainy
35.6,69.5,571,749,1007.66077,36.04796,100,1,Rainy
35.5,73.55,523,750,1007.68311,36.05402,81,1,Rainy
35.2,77.78,529,751,1007.68237,36.51823,112,1,Rainy
35,75.61,525,752,1007.62689,35.91325,113,1,Rainy
34.3,82.13,513,753,1007.69922,35.8754,105,1,Rainy
34.6,75.21,527,754,1007.70374,36.43346,88,1,Rainy
34.2,73.3,499,755,1007.63702,36.22154,78,1,Rainy
35,68.36,534,756,1007.66235,36.58585,78,1,Rainy
34,66.63,496,757,1007.61877,36.40066,69,1,Rainy
33,66.54,528,758,1007.64093,36.8003,60,1,Rainy
32.2,65.76,521,759,1007.59314,36.91939,51,1,Rainy
34,66.97,545,760,1007.57892,37.03141,61,1,Rainy
37,66.28,533,761,1007.56555,36.73672,90,1,Rainy
35.2,63.17,524,762,1007.60077,36.6908,74,1,Rainy
33.4,70.21,549,763,1007.60626,36.69232,76,1,Rainy
33,61.1,535,764,1007.60608,36.49401,77,1,Rainy
33,60.54,503,765,1007.62976,36.81796,92,1,Rainy
33,62.81,505,766,1007.59106,36.72764,93,1,Rainy
33.4,64.92,518,767,1007.60181,36.83058,88,1,Rainy
33,63.05,454,768,1007.58954,37.01224,75,1,Rainy
33,63.22,434,769,1007.56781,37.03444,79,1,Rainy
33,63.49,448,770,1007.56519,36.78769,74,1,Rainy
34,66.05,441,500,1007.59467,36.95219,62,1,Rainy
34,67.51,435,501,1007.57501,36.49603,53,1,Rainy
34,64.89,424,502,1007.62952,36.30782,53,1,Rainy
34,66.79,445,503,1007.65204,36.06512,55,1,Rainy
34.2,77.73,470,504,1007.68103,36.19782,52,1,Rainy
33.6,62.9,447,505,1007.66516,36.02122,55,1,Rainy
34,53.55,438,506,1007.68628,36.08126,56,1,Rainy
34.6,53.95,467,507,1007.67908,36.14585,56,1,Rainy
37,62.71,519,508,1007.67139,36.37291,52,1,Rainy
35.2,57.37,520,509,1007.64423,36.50864,53,1,Rainy
35,50.95,537,510,1007.62799,36.54699,76,1,Rainy
35.6,53.57,497,511,1007.62341,36.53236,76,1,Rainy
34,59.05,540,512,1007.62518,36.71957,81,1,Rainy
35,58.96,551,513,1007.60278,33.50323,59,1,Rainy
35,60.08,425,525,1007.98737,33.06135,60,1,Rainy
36.2,55.31,449,526,1008.04016,32.89691,61,1,Rainy
39,64.88,413,527,1008.05981,32.68405,46,1,Rainy
41,55.27,455,528,1008.08533,32.6326,40,1,Rainy
39,62.33,422,529,1008.09143,32.33752,33,1,Rainy
38.1,65.6,426,530,1008.12671,32.50196,49,1,Rainy
37,67.2,418,531,1008.10706,32.27801,32,1,Rainy
37,65.44,429,532,1008.13385,32.32946,33,1,Rainy
37,61.5,451,533,1008.12769,32.60032,42,1,Rainy
35,61.14,481,534,1008.09534,32.29869,43,1,Rainy
34.5,56.06,450,535,1008.13141,32.03439,53,1,Rainy
34,53.12,474,536,1008.16296,32.10198,47,1,Rainy
30,70.95,436,537,1008.15491,32.11863,48,1,Rainy
33,64.5,431,538,1008.15289,31.86694,49,1,Rainy
36,67.94,471,980,1008.18304,31.60266,79,1,Rainy
35.7,60.36,457,981,1008.2146,31.14119,80,1,Rainy
36,58.6,458,982,1008.26984,30.6641,81,1,Rainy
35,60.48,432,983,1008.3269,30.57635,51,1,Rainy
32,62.85,446,984,1008.3374,30.28285,52,1,Rainy
33,46.95,479,985,1008.3725,29.85371,53,1,Rainy
31,44.01,433,805,1008.42383,29.89355,88,1,Rainy
34,45.5,472,806,1008.41907,29.5804,78,1,Rainy
34,52.89,463,807,1008.45648,29.11902,90,1,Rainy
34.5,48.65,437,808,1008.51172,28.75345,43,1,Rainy
35,42.86,483,809,1008.55542,28.79228,44,1,Rainy
35,60.79,439,810,1008.55078,28.34404,45,1,Rainy
35,60.66,490,811,1008.60443,28.03245,46,1,Rainy
36,47.7,743,812,1008.64166,28.02792,47,1,Rainy
34,71.07,707,813,1008.64221,28.14589,55,1,Rainy
36,66.25,466,814,1008.62811,28.20589,56,1,Rainy
36,49.62,202,815,1008.62091,28.22808,52,1,Rainy
32,60.05,165,816,1008.61829,28.04002,53,1,Rainy
34.1,49.33,241,817,1008.64081,27.9291,84,1,Rainy
34.3,57.61,258,818,1008.65405,27.69264,95,1,Rainy
36,59.5,231,819,1008.68237,50.32745,58,1,Rainy
36.5,67.16,249,820,1005.97717,50.29966,59,1,Rainy
36.6,70.89,515,821,1005.98047,50.51692,60,1,Rainy
37.4,73.52,462,822,1005.95453,50.34968,192,1,Rainy
33.7,73.07,516,823,1005.97455,50.40324,193,1,Rainy
35,79.87,504,824,1005.96814,50.20568,81,1,Rainy
34,64.26,511,825,1005.9917,50.10614,82,1,Rainy
33.2,70.27,492,826,1006.0036,50.22033,65,1,Rainy
35,75.13,500,827,1005.98999,50.34008,66,1,Rainy
34,73.47,477,828,1005.97565,50.37848,86,1,Rainy
35,74.57,501,829,1005.97107,50.54067,62,1,Rainy
36,67.85,509,830,1005.95172,50.27035,78,1,Rainy
36,66.91,476,831,1005.98401,50.26227,114,1,Rainy
36,63.44,477,832,1005.98499,50.09857,103,1,Rainy
36,66.46,478,833,1006.00452,50.16829,134,1,Rainy
35,65.89,479,834,1005.99615,50.05511,168,1,Rainy
34,71.15,480,835,1006.0097,50.07027,150,1,Rainy
33,77.72,481,836,1006.00787,49.86413,127,1,Rainy
35,68.46,482,837,1006.03247,49.80199,106,1,Rainy
36,70.92,483,838,1006.03992,49.81816,129,1,Rainy
36,72.79,484,839,1006.03796,49.8222,136,1,Rainy
34,69.44,485,840,1006.03748,49.72671,155,1,Rainy
35,70.84,486,841,1006.04889,49.68932,87,1,Rainy
34,72.1,487,842,1006.05334,49.92981,84,1,Rainy
32,66.5,488,843,1006.02466,50.09503,85,1,Rainy
34,56.97,489,844,1006.00494,50.28349,91,1,Rainy
32,65.22,490,845,1005.98242,50.21124,76,1,Rainy
34.2,68.41,491,846,1005.99103,50.11928,60,1,Rainy
32,77.69,492,847,1006.00201,49.80452,69,1,Rainy
33,74.05,493,848,1006.03961,49.79491,64,1,Rainy
33,74.77,494,849,1006.04077,48.49806,98,1,Rainy
30,74.75,495,850,1006.19562,48.54302,128,1,Rainy
31.2,78.2,496,851,1006.19025,48.29801,113,1,Rainy
34,72.78,497,852,1006.21948,48.31317,87,1,Rainy
34.1,64.97,498,853,1006.21765,48.48139,79,1,Rainy
34,72.73,499,854,1006.19757,48.47179,69,1,Rainy
32,67.49,500,855,1006.19873,48.4627,78,1,Rainy
31.5,61.64,501,856,1006.19983,48.40662,88,1,Rainy
33.6,63.12,502,857,1006.20654,48.30256,101,1,Rainy
30.4,68.01,503,858,1006.21893,48.26972,80,1,Rainy
34,80.59,504,859,1006.22284,48.10807,89,1,Rainy
33,75.27,505,860,1006.24219,48.16667,71,1,Rainy
31,73.19,506,861,1006.23517,48.06614,68,1,Rainy
33.6,69.82,478,862,1006.24719,47.99795,56,1,Rainy
32,73.07,479,863,1006.25531,48.22375,65,1,Rainy
32.8,73.61,480,864,1006.22833,48.27831,66,1,Rainy
32,74.29,481,865,1006.22186,48.22931,96,1,Rainy
33,77.41,482,866,1006.22766,48.25002,68,1,Rainy
31.9,74.76,483,867,1006.22522,48.26619,76,1,Rainy
32,74.44,484,868,1006.22327,48.35106,70,1,Rainy
33,77.18,485,869,1006.21313,48.39702,75,1,Rainy
34,74.74,486,870,1006.20764,48.33944,73,1,Rainy
32,78.01,487,871,1006.21454,48.43643,85,1,Rainy
32.5,84,488,872,1006.20294,48.47886,83,1,Rainy
33.2,72.18,489,873,1006.19788,48.45007,73,1,Rainy
33,72.76,490,874,1006.20135,48.3066,75,1,Rainy
32,83.51,491,875,1006.21844,48.05907,63,1,Rainy
32.6,73.31,492,876,1006.24799,48.17475,62,1,Rainy
34,82.72,493,877,1006.23419,48.22527,79,1,Rainy
31,72.94,147,878,1006.22815,48.20759,37,1,Rainy
29,80.1,148,879,1006.23029,48.33539,35,1,Rainy
30,72.4,149,880,1006.21503,48.04948,31,1,Rainy
32.8,83.16,150,881,1006.24915,48.12373,29,1,Rainy
33.2,83.01,151,882,1006.2403,47.78831,32,1,Rainy
34.2,76.65,152,883,1006.28033,47.46806,39,1,Rainy
34,77.27,153,884,1006.3186,47.29026,48,1,Rainy
34.3,76.99,154,885,1006.33984,47.16348,42,1,Rainy
33.2,73.02,155,886,1006.35498,47.25086,73,1,Rainy
33.3,74.21,156,887,1006.34454,47.32663,59,1,Rainy
33.6,75.41,157,888,1006.33545,47.40644,60,1,Rainy
31,74.84,158,889,1006.32593,47.38876,55,1,Rainy
33,78.24,159,890,1006.32806,47.49281,86,1,Rainy
34,88.89,160,891,1006.31561,47.33421,100,1,Rainy
30.1,81.42,161,892,1006.33459,47.1655,85,1,Rainy
32.9,78.36,162,893,1006.35474,47.12913,57,1,Rainy
31,80.82,163,894,1006.35907,47.10034,85,1,Rainy
30,80.49,164,895,1006.36249,47.41502,85,1,Rainy
30.6,76.82,165,896,1006.32495,47.3438,106,1,Rainy
30,77.85,166,897,1006.33344,47.45341,100,1,Rainy
33,80.02,167,898,1006.32031,47.33471,68,1,Rainy
33.1,85.09,168,899,1006.33453,47.30693,61,1,Rainy
28.5,87.28,169,900,1006.33783,47.1165,71,1,Rainy
30,86.14,170,901,1006.3606,46.94174,77,1,Rainy
34.1,84.97,171,902,1006.38147,47.10792,78,1,Rainy
35.1,74.13,172,903,1006.36157,47.3534,111,1,Rainy
35,68.16,173,904,1006.33228,47.49332,47,1,Rainy
31,59.44,174,905,1006.31555,47.52565,47,1,Rainy
30,64.74,175,906,1006.31171,47.41149,48,1,Rainy
33,74.93,176,907,1006.32532,47.38825,49,1,Rainy
33.7,65.27,177,908,1006.32813,47.55646,50,1,Rainy
30.7,71.26,178,909,1006.30804,47.40391,57,1,Rainy
30,84.41,179,910,1006.32623,47.38522,60,1,Rainy
33,85.29,180,911,1006.32849,47.52767,52,1,Rainy
34.2,78.94,181,912,1006.31146,47.77316,54,1,Rainy
33.8,87.96,182,913,1006.28217,47.7767,63,1,Rainy
32,91.18,183,914,1006.28174,47.75296,53,1,Rainy
34,94.71,184,915,1006.28455,47.82519,56,1,Rainy
34.7,90.09,185,916,1006.27594,48.0323,57,1,Rainy
34.6,86.29,186,917,1006.25122,48.05149,112,1,Rainy
34.7,84.87,187,918,1006.2489,47.83479,75,1,Rainy
34.4,80.25,188,919,1006.27478,47.84944,76,1,Rainy
34,78.41,189,920,1006.27307,47.86914,89,1,Rainy
34.6,76.87,190,921,1006.27069,47.83984,76,1,Rainy
34,79.13,191,922,1006.27417,47.82367,78,1,Rainy
32,89.11,192,923,1006.27612,47.82923,66,1,Rainy
34.2,87.82,193,924,1006.27545,47.70547,61,1,Rainy
34.4,91.92,194,925,1006.29022,47.68678,83,1,Rainy
34.2,83.48,195,926,1006.29248,47.61455,87,1,Rainy
33,80.53,196,927,1006.30109,47.63829,97,1,Rainy
30,84.32,197,928,1006.29828,47.8358,98,1,Rainy
27,88.61,198,929,1006.27466,47.88631,99,1,Rainy
28,88.25,199,930,1006.26862,47.90298,94,1,Rainy
29,84.21,200,931,1006.26666,48.07978,98,1,Rainy
31,85.44,201,932,1006.24554,48.23386,102,1,Rainy
33,85.13,202,933,1006.22717,48.39197,96,1,Rainy
30.3,87.85,203,934,1006.20825,48.63749,90,1,Rainy
33,87.58,204,935,1006.17896,48.86078,106,1,Rainy
31.5,86.69,205,936,1006.15228,49.028,82,1,Rainy
29,90.78,206,937,1006.13232,49.223,83,1,Rainy
31.7,84.19,207,938,1006.10901,49.48622,88,1,Rainy
33,77.51,208,939,1006.07764,49.43469,103,1,Rainy
33.5,81.3,209,940,1006.08374,49.368,76,1,Rainy
33.8,93.45,210,941,1006.09174,49.35638,68,1,Rainy
33,94.23,211,942,1006.09314,49.43873,75,1,Rainy
33,92.8,212,943,1006.08325,49.35386,76,1,Rainy
33,88.91,213,944,1006.09344,46.53817,77,1,Rainy
32.5,89.87,214,945,1006.42963,46.27806,89,1,Rainy
33.4,94.33,215,946,1006.46588,46.36898,79,1,Rainy
33.3,92.5,216,947,1006.44983,46.48413,65,1,Rainy
33.4,91.33,217,948,1006.4361,46.47858,80,1,Rainy
30.4,90.97,218,949,1006.43677,46.99326,81,1,Rainy
30,88.89,219,950,1006.37531,46.7993,52,1,Rainy
32,90.7,220,951,1006.39844,47.15944,89,1,Rainy
31,94.17,221,952,1006.35547,47.5802,59,1,Rainy
31.3,90.01,222,953,1006.30518,47.71709,62,1,Rainy
33,87.19,223,954,1006.28888,47.88833,52,1,Rainy
34,83.65,224,955,1006.26843,48.33994,53,1,Rainy
34,90.66,225,956,1006.21448,48.3748,61,1,Rainy
33.1,91.58,226,957,1006.21033,48.55817,57,1,Rainy
33.5,91.01,227,958,1006.18842,48.80824,49,1,Rainy
33.1,86.55,228,959,1006.15857,48.8335,48,1,Rainy
32.7,85.04,229,960,1006.15552,48.67841,49,1,Rainy
31.5,79.41,230,961,1006.17407,48.76934,50,1,Rainy
32.6,81.24,231,962,1006.16321,48.72791,56,1,Rainy
33,82.52,232,963,1006.16815,48.93504,80,1,Rainy
32.3,86.79,233,964,1006.14343,49.21088,121,1,Rainy
32,86.03,234,965,1006.11047,49.03962,122,1,Rainy
30,89.63,235,966,1006.13092,49.07599,142,1,Rainy
32,89.77,236,967,1006.12659,49.08155,154,1,Rainy
32,80.45,237,968,1006.12592,49.174,155,1,Rainy
33,78.52,238,969,1006.11487,31.20372,130,1,Rainy
29.8,90.03,239,970,1008.26233,30.945,109,1,Rainy
26,89.36,240,971,1008.29327,30.93592,113,1,Rainy
30.1,86.91,241,972,1008.29437,30.80279,91,1,Rainy
31.8,86.4,242,973,1008.3103,55.1811,77,1,Rainy
31.6,80.95,243,974,1005.39789,55.09416,80,1,Rainy
30,86.82,244,975,1005.40826,55.06484,81,1,Rainy
30,88.05,245,976,1005.41174,55.36409,82,1,Rainy
31,86.53,246,977,1005.37604,82.4099,83,1,Rainy
31,87.93,247,978,1003.39081,82.3952,84,1,Rainy
32,89.35,248,979,1003.39252,82.31461,85,1,Rainy
31.1,89.63,249,980,1003.40216,82.06678,149,1,Rainy
29.4,86.01,250,981,1003.4317,81.99026,133,1,Rainy
31,90.99,251,982,1003.4408,82.99026,134,1,Rainy
30.3,85.34,252,983,-70.73906,78.233,122,1,Rainy
30,92.2,253,984,1003.88861,78.48074,133,1,Rainy
30,85.04,254,985,1003.85907,77.70056,133,1,Rainy
31,88.04,255,986,1003.95209,78.25884,118,1,Rainy
30,88.82,256,987,1003.88556,77.24261,118,1,Rainy
30.4,90.65,257,988,1004.00671,77.13218,98,1,Rainy
30,86.67,258,989,1004.01984,76.41896,99,1,Rainy
29.4,82.84,259,400,1004.10492,75.39633,100,0,Cloudy
29,79.82,260,401,1004.22681,75.35683,75,0,Cloudy
28,79.79,261,402,1004.23157,74.75211,45,0,Cloudy
29,87.07,262,403,1004.30365,74.41634,61,0,Cloudy
29,84.16,263,404,1004.34369,74.41735,86,0,Cloudy
30,79.31,264,405,1004.34357,74.36469,70,0,Cloudy
29,81.89,265,406,1004.34985,74.51408,71,0,Cloudy
28,85.36,266,407,1004.33203,74.55105,72,0,Cloudy
29,80.62,267,408,1004.32764,74.77642,106,0,Cloudy
29,78.07,268,409,1004.30078,74.8063,120,0,Cloudy
28.1,73.68,269,410,1004.29718,74.70096,156,0,Cloudy
28,77.14,270,411,1004.30975,75.13043,182,0,Cloudy
28,91.4,271,412,1004.25854,75.35835,144,0,Cloudy
28.1,92.4,272,413,1004.23138,74.54092,145,0,Cloudy
28,86.42,273,414,1004.32886,74.51155,146,0,Cloudy
28,78.98,274,415,1004.33234,73.80965,64,0,Cloudy
29,81.24,275,416,1004.41608,73.11489,56,0,Cloudy
29,84.48,276,417,1004.4989,60.88821,80,0,Cloudy
30,83.95,277,418,1005.95807,60.93879,88,0,Cloudy
29,87.12,278,419,1005.95203,60.75671,102,0,Cloudy
28,84.68,279,420,1005.97375,60.36323,103,0,Cloudy
27,83.97,280,421,1006.02075,59.74927,104,0,Cloudy
27,73.54,281,422,1006.09406,59.12523,105,0,Cloudy
27,67.8,282,423,1006.16858,58.26054,106,0,Cloudy
27,66.61,283,424,1006.27185,57.87828,189,0,Cloudy
26,65.52,284,425,1006.3175,57.4571,190,0,Cloudy
26,68.61,285,426,1006.3678,57.01217,215,0,Cloudy
26.3,74.58,286,427,1006.42096,56.51671,216,0,Cloudy
27,70.58,287,428,1006.48016,55.58955,217,0,Cloudy
28,70.59,288,429,1006.59094,55.32113,145,0,Cloudy
28,66.61,289,430,1006.62299,54.69735,160,0,Cloudy
29,76.72,290,431,1006.69751,54.34909,130,0,Cloudy
27,87.5,291,432,1006.73914,49.87424,176,0,Cloudy
27,90,292,433,1007.27393,49.44833,245,0,Cloudy
25,93.04,293,434,1007.32483,49.09266,246,0,Cloudy
24.3,92.42,294,435,1007.36737,47.04226,209,0,Cloudy
26,81.72,295,436,1007.61249,57.9516,256,0,Cloudy
26,75.1,296,437,1006.30878,58.08559,266,0,Cloudy
26,67.23,297,438,1006.29272,58.07952,276,0,Cloudy
27,73.86,298,439,1006.29346,58.61197,218,0,Cloudy
27,74.6,299,440,1006.22986,58.26408,206,0,Cloudy
28,75.42,300,441,1006.27142,58.47949,207,0,Hazy
29,74.09,301,442,1006.24573,58.37381,180,0,Hazy
30,70.53,302,443,1006.2583,58.39909,217,0,Hazy
31,70.3,303,444,1006.25269,58.42083,211,0,Hazy
30,70.77,304,445,1006.23242,58.59073,90,0,Clear
27,75.81,305,446,1006.17206,59.0959,49,0,Clear
26,62.69,306,447,1006.14813,59.29615,46,0,Clear
26,62.55,307,448,1006.14807,59.29666,47,0,Clear
27,68.78,308,449,1005.62018,63.71789,81,0,Clear
33,74.49,309,450,1005.73767,62.73394,89,0,Clear
35,86.35,310,451,1005.80658,62.15677,136,0,Hazy
34,89.81,311,452,1005.84784,61.81129,199,0,Hazy
35,78.94,312,453,1005.73602,62.7476,221,0,Hazy
31,76.77,313,454,1005.7171,62.90594,178,0,Hazy
35,79.35,314,455,1005.73792,62.73192,179,0,Hazy
34,73.07,315,456,1005.63861,63.56359,119,0,Hazy
35,73.71,316,457,1005.63159,63.62228,153,0,Hazy
34,77.4,317,458,1005.64417,63.51705,202,0,Hazy
34,72.92,318,459,1005.78735,62.31762,191,0,Hazy
34,84.55,319,460,1005.8822,61.52348,183,0,Hazy
35,72.65,320,461,1005.94373,61.00808,210,0,Hazy
35,69.22,321,462,1005.83954,61.88058,304,0,Hazy
34,69.72,322,463,1005.77704,62.40413,312,0,Hazy
35.7,70.93,323,464,1006.10889,59.73157,304,0,Hazy
33.6,70.07,324,465,1006.07532,59.90604,306,0,Hazy
30.5,71.79,325,466,1006.17303,59.08781,302,0,Hazy
33,74.49,326,467,1006.19702,58.88705,298,0,Hazy
33.1,67.49,327,468,1006.20111,58.85267,274,0,Hazy
31,61.93,328,469,1006.20221,58.86329,270,0,Hazy
30,67.8,329,470,1006.09045,58.84357,302,0,Hazy
35,63.84,330,471,1006.01489,59.77961,257,0,Hazy
35,63.8,331,472,1005.97192,60.41228,212,0,Hazy
32,74.15,332,473,1005.93286,60.77188,256,0,Hazy
30.7,69.51,333,474,1006.03998,61.09912,301,0,Hazy
29,68.09,334,475,1006.05994,60.2019,274,0,Hazy
31,63.69,335,476,1006.0625,60.035,262,0,Hazy
32,68.59,336,477,1006.06372,60.01326,287,0,Hazy
34,74.99,337,478,1006.07947,60.00314,262,0,Hazy
34,71.88,338,479,1006.11029,59.87115,242,0,Hazy
32,70.95,339,480,1006.11237,59.61323,204,0,Hazy
31,68.38,340,481,1006.10187,59.59604,230,0,Hazy
34,68.43,341,482,1006.06299,59.68403,171,0,Hazy
34,66.09,342,483,1006.47546,60.00921,113,0,Hazy
32,64.28,343,484,1006.49249,56.55614,96,0,Clear
32,70.86,344,485,1006.53156,56.41358,56,0,Clear
34,68.54,345,486,1006.57422,56.08649,48,0,Clear
35,65.21,346,487,1006.61127,55.72908,91,0,Clear
35,67.28,347,488,1006.76526,55.4192,96,0,Clear
33,69.62,348,489,1006.7771,54.13023,111,0,Hazy
33,70.88,349,490,1006.80469,54.03116,143,0,Hazy
34.1,68.38,350,491,1006.82056,53.80018,141,0,Hazy
35,66.09,351,492,1006.85858,53.66776,130,0,Hazy
32,69.03,352,493,1007.26611,53.34935,149,0,Hazy
31,70.75,353,494,1007.21893,49.93941,150,0,Hazy
32,70.35,354,495,1007.18414,50.33401,159,0,Hazy
30,63.45,355,496,1007.1261,50.62505,178,0,Hazy
29,61.14,356,497,1007.08783,51.11063,159,0,Hazy
32,61.72,357,498,1007.03516,51.431,126,0,Hazy
35,59.84,358,499,1006.96155,51.87164,115,0,Hazy
35,86.58,359,500,1006.72192,52.48766,136,1,Rainy
35,91.59,360,501,1006.66565,54.49314,131,1,Rainy
35,80.09,361,502,1006.6106,54.96425,137,1,Rainy
34,78.65,362,503,1006.1283,55.42476,121,1,Rainy
31,73.1,363,504,1006.07642,59.46253,157,1,Rainy
33,70.42,364,505,1006.03003,59.89694,116,1,Rainy
32,70.86,365,506,1006.01733,60.06939,87,1,Rainy
32,71.14,366,507,1005.99475,60.39155,58,1,Rainy
34,64.23,367,508,1005.9588,60.5807,74,1,Rainy
34.1,64.47,368,509,1005.89203,60.88163,90,1,Rainy
34,62.72,369,510,765.70905,61.44104,61,1,Rainy
34,59.71,370,511,1005.73151,2301.18018,96,1,Rainy
35,63.29,371,512,1005.69409,62.78554,96,1,Rainy
35,64.43,372,513,1005.65204,63.09867,126,1,Rainy
34,64.84,373,514,1005.60571,63.45128,131,1,Rainy
31,67.37,374,515,1005.59344,63.83931,95,1,Rainy
32,64.31,375,516,1005.53247,63.94201,62,1,Rainy
34,66.2,376,517,1005.5022,64.4525,64,1,Rainy
35,64.89,377,518,1005.45673,64.70649,60,1,Rainy
33,66.25,378,519,1005.46588,65.08749,101,1,Rainy
33,64.39,379,520,1005.46753,65.01057,63,1,Rainy
30,66,380,521,1005.45221,64.99692,57,1,Rainy
28,67.1,381,522,1005.43378,65.12493,54,1,Rainy
32,68.5,382,523,1005.39783,65.27976,61,1,Rainy
32,67.87,383,524,1005.43829,65.58083,120,1,Rainy
33,65.17,384,525,1005.42596,65.24181,105,1,Rainy
31,68.67,385,526,1005.38428,65.34503,92,1,Rainy
33,67.63,386,527,1005.38513,65.69417,86,1,Rainy
28,68.89,387,528,1005.35828,65.68709,56,1,Rainy
30,64.46,388,529,1005.31622,65.91226,78,1,Rainy
30,58.81,389,530,1005.30658,66.26446,74,1,Rainy
32,62.97,390,531,1005.25256,66.44106,97,1,Rainy
35,67.34,391,532,1005.23328,66.79784,107,1,Rainy
33,65.58,392,533,1005.21564,66.95977,130,1,Rainy
34.6,69.31,393,534,1005.15564,67.10754,110,1,Rainy
33,68.93,394,535,1005.1463,67.61009,98,1,Rainy
30,69.38,395,536,1005.08685,67.68854,101,1,Rainy
28,67.03,396,537,1005.0614,68.18655,85,1,Rainy
33,67.53,397,538,1005.02716,68.39964,85,1,Rainy
34,67.47,398,539,1005.01526,68.68662,60,1,Rainy
34,66.79,399,540,1004.97888,68.78634,56,1,Rainy
34,66.19,400,541,1004.98138,69.09155,67,1,Rainy
34,73.41,401,542,1004.97925,69.0703,79,1,Rainy
34,59.58,402,780,1005.03815,69.08852,45,1,Rainy
33.1,53.94,403,781,1005.08673,68.59451,53,1,Rainy
34,63.03,404,782,1005.09424,68.18757,69,1,Rainy
35,63.52,405,783,1005.12872,68.12481,65,1,Rainy
35,63.88,406,784,1005.17719,67.83582,78,1,Rainy
34,57.04,407,785,1005.19122,67.42941,83,1,Rainy
35,56.31,408,786,1005.15393,67.312,64,1,Rainy
35,57.94,409,787,1005.11859,67.62426,102,1,Rainy
33,61.44,410,788,1005.1311,67.92033,92,1,Rainy
35,63.61,411,789,1005.89001,67.81557,58,1,Rainy
36,66.23,412,790,1005.8689,61.45773,76,1,Rainy
34,72.6,413,791,1005.85468,61.63476,78,1,Rainy
33,61,414,792,1005.8728,61.75362,91,1,Rainy
28,58.82,415,793,1005.83392,61.60188,124,1,Rainy
28,57.77,416,794,1005.71783,61.92763,75,1,Rainy
31,56.45,417,795,1005.65454,62.89987,73,1,Rainy
33,58.56,418,796,1007.76892,63.43003,101,1,Rainy
34,62,419,797,1007.87854,45.73412,64,1,Rainy
33,68.25,420,798,1007.91608,44.81752,80,1,Rainy
32,65.1,421,799,1008.46326,44.50342,85,1,Rainy
32,59.1,422,800,1008.49249,39.92932,80,1,Rainy
33,64.62,423,801,1008.5083,39.68502,84,1,Rainy
32,62.81,424,802,1002.45374,39.55278,79,1,Rainy
32,57.95,425,803,1002.39844,38.63369,91,1,Rainy
33,69.64,426,804,1002.40747,90.27671,79,1,Rainy
32,61.23,427,805,1002.38367,90.74081,82,1,Rainy
32,54.53,428,806,1002.3678,90.66524,45,1,Rainy
32,84.55,429,807,1002.31812,90.86509,41,1,Rainy
31,91.55,430,808,1002.32581,90.99849,78,1,Rainy
31,87.03,431,809,1003.56671,91.41545,124,1,Rainy
31,88.63,432,810,1003.54016,91.35103,73,1,Rainy
30,67.26,433,811,1003.51532,80.93363,71,1,Rainy
30,62.54,434,100,1002.98468,81.1566,79,0,Clear
30,62.7,435,101,1002.95538,81.36488,78,0,Clear
30,82.29,436,102,1002.93091,85.81832,57,0,Clear
31,83.26,437,103,1002.90533,86.06422,46,0,Clear
31,80.09,438,104,1002.91498,86.27006,58,0,Clear
31,65.17,439,105,1002.90814,86.48453,83,0,Clear
30,57.53,440,106,1002.89392,86.4034,109,0,Hazy
28,53.92,441,107,1002.91638,86.4612,148,0,Hazy
26,79.87,442,108,1002.94031,86.58035,158,0,Hazy
24,77.04,443,109,1002.88751,86.39174,146,0,Hazy
29,72,444,110,1002.69983,86.19096,133,0,Hazy
29,74.71,445,111,1002.66138,86.63409,122,0,Hazy
30,66.92,446,112,1002.62335,88.21006,126,0,Hazy
30,73.13,447,113,1002.56641,88.53309,131,0,Hazy
32,63.02,448,114,1002.58966,88.85207,124,0,Hazy
31,71.99,449,115,1002.51971,89.33031,106,0,Hazy
32,72.89,450,116,1002.5047,89.13506,95,0,Clear
31,68.72,451,117,1002.50983,89.72235,93,0,Clear
31,75.66,452,118,1002.49268,89.84864,104,0,Hazy
31,68.34,453,119,1002.48389,89.80553,80,0,Clear
29,76.75,454,120,1003.48389,89.94957,92,0,Clear
28,60.29,455,121,1004.48389,90.02311,88,0,Clear
34.72,67.61,,,1016.4,18.76572,50,0,Cloudy
34.9,68.08,,,1014.6,18.81962,78,0,Cloudy
34.87,67.17,,,1013.2,18.80803,45,0,Cloudy
34.81,62.98,,,1011.8,18.65893,43,0,Cloudy
34.78,62.64,,,1012.3,18.36929,72,0,Cloudy
34.8,59.2,,,1014.1,18.19249,46,0,Cloudy
34.81,60.31,,,1013.1,18.15824,74,0,Cloudy
34.82,68.99,,,1012.8,18.06455,55,0,Cloudy
34.81,65.34,,,1015.4,18.21163,72,0,Cloudy
34.8,61.83,,,1017.5,18.4514,51,0,Cloudy
34.8,66,,,1018.3,18.49874,43,0,Cloudy
34.78,65.74,,,1018.9,18.65137,41,0,Cloudy
34.8,61.97,,,1018.9,18.72089,52,0,Cloudy
34.74,59.85,,,1016.5,53.18661,72,0,Cloudy
34.79,65.81,,,1015.5,52.94553,44,0,Cloudy
34.79,69.58,,,1015.2,51.16066,71,0,Cloudy
34.79,75.61,,,1012.4,51.10608,40,0,Cloudy
34.77,75.79,,,1008,50.98734,39,0,Cloudy
34.74,73.93,,,1007.9,36.30126,69,0,Cloudy
34.71,74.3,,,1009.2,37.07531,49,0,Cloudy
34.71,57.27,,,1011.7,36.66053,67,0,Cloudy
34.71,46.36,,,1014,41.96621,48,0,Cloudy
34.71,48.12,,,1013.3,36.63429,48,0,Cloudy
34.69,47.86,,,1011.2,43.11381,45,0,Cloudy
34.33,54.38,,,1013,36.86086,64,0,Cloudy
34.49,51.18,,,1013.3,36.68222,49,0,Cloudy
34.49,56.29,,,1012.3,36.2392,74,0,Cloudy
34.5,62.94,,,1010.4,36.43144,94,0,Cloudy
34.49,51.84,,,1007.7,35.79568,122,0,Cloudy
34.5,69.23,,,1008.2,36.88407,190,0,Cloudy
34.52,73.69,,,1007.5,36.11154,198,0,Cloudy
34.54,60.43,,,1008.4,36.23768,174,0,Cloudy
34.55,56.58,,,1009.1,36.25282,168,0,Cloudy
34.55,83.72,,,1009.1,36.23466,126,0,Cloudy
34.57,89.92,,,1007.8,36.04796,77,0,Cloudy
34.58,84.21,,,1006.5,36.05402,94,0,Cloudy
34.61,81.81,,,1007.9,36.51823,73,0,Cloudy
34.61,69.92,,,1009.9,35.91325,101,0,Cloudy
34.6,52.24,,,1013.4,35.8754,100,0,Cloudy
34.38,56.26,,,1013.9,36.43346,115,0,Cloudy
34.58,54.94,,,1013,36.22154,127,0,Cloudy
34.59,52.22,,,1011.1,36.58585,90,0,Cloudy
34.43,64.82,,,1009.3,36.40066,98,0,Cloudy
33.1,69.39,,,1009.4,36.8003,162,0,Cloudy
33.2,63.57,,,1011.4,36.91939,141,0,Cloudy
33.18,77.15,,,1011.4,37.03141,94,0,Cloudy
33.18,67.14,,,1012.9,36.73672,97,0,Cloudy
33.16,69.91,,,1011.1,36.6908,136,0,Cloudy
33.15,66.33,,,1009.4,36.69232,167,0,Cloudy
33.14,63.61,,,1008.9,36.49401,174,0,Cloudy
33.14,72.03,,,1009.2,36.81796,151,0,Cloudy
33.15,74.93,,,1010,36.72764,121,0,Cloudy
33.1,73.55,,,1009.9,36.83058,78,0,Cloudy
32.9,76.15,,,1008.9,37.01224,79,0,Cloudy
32.89,73.11,,,1007,37.03444,94,0,Cloudy
33.05,74.87,,,1007.2,36.78769,98,0,Cloudy
31.95,76.2,,,1008.6,36.95219,100,0,Cloudy
32.33,73.83,,,1006.9,36.49603,156,0,Cloudy
32.43,76.55,,,1005.3,36.30782,160,0,Cloudy
32.4,64.99,,,1005.8,36.06512,185,0,Cloudy
32.43,74.36,,,1007,36.19782,174,0,Cloudy
32.44,77.63,,,1007.4,36.02122,79,0,Cloudy
32.46,81.54,,,1007.4,36.08126,61,0,Cloudy
32.51,78.07,,,1007.6,36.14585,83,0,Cloudy
32.55,78.02,,,1007.4,36.37291,86,0,Cloudy
32.49,75.25,,,1007.3,36.50864,72,0,Cloudy
32.53,64.41,,,1006.7,36.54699,66,0,Cloudy
32.55,53.54,,,1006.8,36.53236,64,0,Cloudy
32.53,61.87,,,1007.6,36.71957,73,0,Cloudy
32.5,62.28,,,1008.3,33.50323,76,0,Cloudy
32.56,64.51,,,1007.8,33.06135,96,0,Cloudy
31.79,67.49,,,1005.7,32.89691,137,0,Cloudy
31.78,70.72,,,1005.7,32.68405,138,0,Cloudy
31.75,64.16,,,1006.9,32.6326,188,0,Cloudy
31.77,72.16,,,1006.8,32.33752,166,0,Cloudy
31.75,74.93,,,1004.3,32.50196,162,0,Cloudy
31.76,69.8,,,1005.3,32.27801,147,0,Cloudy
31.65,73.2,,,1004,32.32946,138,0,Cloudy
31.62,74.73,,,1003.3,32.60032,194,0,Cloudy
31.48,78.37,,,1004.9,32.29869,114,0,Cloudy
31.52,74.08,,,1004.2,32.03439,77,0,Cloudy
31.39,72.45,,,1003.1,32.10198,79,0,Cloudy
31.44,69.72,,,1005,32.11863,133,0,Cloudy
31.5,71.36,,,1006.9,31.86694,131,0,Cloudy
31.43,73.51,,,1006.3,31.60266,87,0,Cloudy
31.33,72.96,,,1007.2,31.45337,96,0,Cloudy
31.39,72.96,,,1007.5,31.14119,82,0,Cloudy
31.45,71.85,,,1009.3,30.6641,76,0,Cloudy
31.55,66.67,,,1010.3,30.57635,47,0,Cloudy
31.67,69.16,,,1009.3,30.28285,55,0,Cloudy
31.65,71.89,,,1007.8,29.85371,66,0,Cloudy
31.64,72.82,,,1006.9,29.89355,109,0,Cloudy
31.82,72.23,,,1008,29.5804,103,0,Cloudy
31.76,65.32,,,1008.1,29.11902,78,0,Cloudy
31.89,69.17,,,1007.5,28.75345,70,0,Cloudy
32,72.46,,,1006.9,28.79228,110,0,Cloudy
31.97,69.29,,,1007.8,28.34404,147,0,Cloudy
32.07,71.66,,,1008.3,28.19682,177,0,Cloudy
32.14,61.26,,,1007.8,28.03245,168,0,Cloudy
32.04,73.04,,,1005.2,28.02792,163,0,Cloudy
31.89,69.24,,,1003.1,28.14589,108,0,Cloudy
31.89,72.54,,,1001.3,28.20589,82,0,Cloudy
32,69.45,,,1001.9,28.22808,60,0,Cloudy
31.99,71.72,,,1001.2,28.04002,58,0,Cloudy
30.93,72.35,,,1003.2,27.9291,62,0,Cloudy
30.98,63.09,,,1004,27.69264,63,0,Cloudy
31.24,67.03,,,1002.2,50.32745,63,0,Cloudy
31.07,63.15,,,1002.2,50.29966,87,0,Cloudy
31.05,70.62,,,1003.2,50.51692,101,0,Cloudy
31,67.4,,,1004.1,50.34968,98,0,Cloudy
31.02,67.49,,,1003.6,50.40324,77,0,Cloudy
31.47,65.4,,,1003.3,50.20568,74,0,Cloudy
31.45,68.86,,,1003.3,50.10614,65,0,Cloudy
31.55,69.67,,,1002.8,50.22033,59,0,Cloudy
31.6,71.59,,,1001.5,50.34008,59,0,Cloudy
31.54,78.76,,,998.8,50.37848,66,0,Cloudy
31.53,77.43,,,997.5,50.54067,52,0,Cloudy
31.51,80.7,,,1001.2,50.27035,47,0,Cloudy
180,76.28,,,1001.8,50.26227,48,0,Cloudy
24.82,75.31,,,1002.4,50.09857,54,0,Cloudy
24.82,72.78,,,1001.7,50.16829,54,0,Cloudy
24.82,71.61,,,1000,50.05511,47,0,Cloudy
30.85,73.24,,,1001.2,50.07027,44,0,Cloudy
31.48,72.48,,,1003.2,49.86413,45,0,Cloudy
31.63,69.03,,,1003.2,49.80199,51,0,Cloudy
31.65,71.94,,,1002,49.81816,65,0,Cloudy
31.68,80.33,,,1001.3,49.8222,70,0,Cloudy
31.7,76.21,,,999.9,49.72671,86,0,Cloudy
31.72,84.39,,,996.9,49.68932,110,0,Cloudy
31.72,81.05,,,997.4,49.92981,87,0,Cloudy
31.74,73.57,,,999.8,50.09503,103,0,Cloudy
31.76,77.13,,,1002,50.37848,88,0,Cloudy
31.8,76.39,,,1001.4,50.28349,66,0,Cloudy
31.79,76.36,,,1001.4,50.21124,66,0,Cloudy
31.82,72.6,,,1001.5,50.11928,65,0,Cloudy
31.8,76.43,,,1000,49.80452,77,0,Cloudy
31.78,80.19,,,999.2,49.79491,74,0,Cloudy
31.77,88.98,,,1000.8,48.49806,60,0,Cloudy
31.78,78.43,,,1000,48.54302,82,0,Cloudy
31.79,80.69,,,1000.1,48.29801,68,0,Cloudy
31.79,88.73,,,999.7,48.31317,53,0,Cloudy
31.8,86.5,,,998.1,48.48139,78,0,Cloudy
31.81,84.12,,,998.7,48.47179,73,0,Cloudy
31.8,81.37,,,1000,48.4627,68,0,Cloudy
31.83,81.83,,,1000.3,48.40662,65,0,Cloudy
31.84,85.59,,,1000.9,48.30256,67,0,Cloudy
31.84,83.6,,,1000.1,48.26972,67,0,Cloudy
31.85,83.3,,,998,48.10807,70,0,Cloudy
31.86,86.85,,,997.2,48.16667,66,0,Cloudy
31.88,88.86,,,998,48.06614,47,0,Cloudy
31.89,86.51,,,998.9,47.99795,36,0,Cloudy
31.89,87,,,998.7,48.06614,35,0,Cloudy
31.93,83.35,,,999.2,48.22375,35,0,Cloudy
31.93,90.71,,,1000.6,48.27831,42,0,Cloudy
31.93,89.2,,,1001,48.22931,35,0,Cloudy
31.94,88.99,,,1001,48.25002,35,0,Cloudy
32.08,78.46,,,1002.3,48.26619,38,0,Cloudy
32.11,80.09,,,1002.4,48.35106,35,0,Cloudy
32.09,94.16,,,1001.6,48.39702,48,0,Cloudy
32.06,90.13,,,1002,48.33944,48,0,Cloudy
32.08,86.47,,,1001.5,48.43643,48,0,Cloudy
32.09,82.67,,,1001.2,48.47886,54,0,Cloudy
32.11,76.43,,,1000.5,48.45007,48,0,Cloudy
33.45,73.4,,,999.2,48.3066,51,0,Cloudy
33.57,75.6,,,998.5,48.05907,43,0,Cloudy
33.58,78.29,,,998.5,48.17475,37,0,Cloudy
33.62,88.63,,,997.6,48.22527,39,0,Cloudy
33.64,92.81,,,997.7,48.20759,51,0,Cloudy
33.51,89.61,,,1000.1,48.33539,47,0,Cloudy
33.64,94.48,,,999.8,48.04948,101,0,Cloudy
34.53,94.91,,,998.4,48.12373,108,0,Cloudy
33.78,96.01,,,996.8,47.78831,52,0,Cloudy
33.85,89.13,,,998.1,47.46806,61,0,Cloudy
33.41,86.69,,,1000.7,47.29026,58,0,Cloudy
32.61,87.31,,,1003.2,47.16348,58,0,Cloudy
32.38,87.24,,,1004,47.25086,69,0,Cloudy
32.44,80.64,,,1004,47.32663,69,0,Cloudy
32.37,83.12,,,1002.9,47.40644,59,0,Cloudy
32.65,83.38,,,1002.5,47.38876,59,0,Cloudy
32.93,81.21,,,1002.1,47.49281,55,0,Cloudy
33.16,87.28,,,1001,47.33421,51,0,Cloudy
33.36,90.29,,,999.1,47.1655,39,0,Cloudy
33.47,85.55,,,997.9,47.12913,30,0,Cloudy
33.64,88.47,,,998,47.10034,38,0,Cloudy
32.41,88.42,,,1000.7,47.41502,52,0,Cloudy
32.54,88.31,,,1003.2,47.3438,53,0,Cloudy
32.54,84.07,,,1003.4,47.45341,42,0,Cloudy
32.01,86.02,,,1003.5,47.33471,44,0,Cloudy
32.15,83.45,,,1001.8,47.30693,47,0,Cloudy
32.18,84.04,,,1001.6,47.1165,50,0,Cloudy
32.23,92.66,,,1002.8,46.94174,51,0,Cloudy
32.25,91.48,,,1004.6,47.10792,43,0,Cloudy
32.26,90.63,,,1005.5,47.3534,40,0,Cloudy
32.28,81.16,,,1003.8,47.49332,41,0,Cloudy
32.3,80.68,,,1001.6,47.52565,35,0,Cloudy
32.33,83.7,,,999.6,47.41149,30,0,Cloudy
32.33,82.93,,,1000.8,47.38825,26,0,Cloudy
32.14,85.63,,,1003.6,47.55646,26,0,Cloudy
32.29,85.43,,,1003.8,47.40391,30,0,Cloudy
32.3,81.56,,,1003.1,47.38522,31,0,Cloudy
32.16,83.24,,,1002.9,47.52767,43,0,Cloudy
32.29,88.55,,,1003.3,47.77316,56,0,Cloudy
32.15,79.54,,,1002,47.7767,52,0,Cloudy
32.3,78.24,,,1001.1,47.75296,41,0,Cloudy
32.31,78.84,,,999.3,47.82519,43,0,Cloudy
32.3,85.61,,,999.6,48.0323,56,0,Cloudy
32.32,86.53,,,1001.3,48.05149,51,0,Cloudy
19.9,92.01,,,1003.9,47.83479,60,0,Cloudy
20.6,83.89,,,1005,47.84944,52,0,Cloudy
21.1,88.1,,,1004.9,47.86914,55,0,Cloudy
19.9,92.24,,,1004,47.83984,58,0,Cloudy
19.6,90.9,,,1003.5,47.82367,44,0,Cloudy
18.5,79.18,,,1004.4,47.82923,45,0,Cloudy
17.8,77.46,,,1005.1,47.70547,43,0,Cloudy
19.1,84.14,,,1005.2,47.68678,54,0,Cloudy
20,74.42,,,1005.5,47.61455,42,0,Cloudy
19,77.45,,,1005.9,47.63829,43,0,Cloudy
19.3,81.01,,,1006.2,47.8358,39,0,Cloudy
18.2,77.82,,,1004.8,47.88631,41,0,Cloudy
16.8,76.76,,,1006.9,47.90298,36,0,Cloudy
15.7,77.44,,,1007.4,48.07978,39,0,Cloudy
16.3,82.76,,,1007.5,48.23386,41,0,Cloudy
17.1,82.52,,,1007.1,48.39197,48,0,Cloudy
18.5,79.97,,,1006,48.63749,55,0,Cloudy
19.5,76.09,,,1004.5,48.86078,77,0,Cloudy
19.5,72.17,,,1003.4,49.028,93,0,Cloudy
19.6,83.05,,,1002.6,49.223,105,0,Cloudy
19,85.24,,,1002.4,49.48622,103,0,Cloudy
18.8,90.4,,,1002,49.43469,88,0,Cloudy
19.5,87.38,,,1003.6,49.368,66,0,Cloudy
20.6,82.48,,,1005,49.35638,57,0,Cloudy
21,80.4,,,1005.9,49.43873,69,0,Cloudy
22.6,74.02,,,1007.1,49.35386,69,0,Cloudy
21.6,72.69,,,1005.9,46.53817,64,0,Cloudy
20.7,74.53,,,1004.3,46.27806,70,0,Cloudy
19.3,72.27,,,1005.1,46.36898,63,0,Cloudy
20.1,82.56,,,1006.2,46.48413,62,0,Cloudy
21.3,87.46,,,1005.1,46.47858,46,0,Cloudy
21.6,90.87,,,1005.5,46.99326,41,0,Cloudy
20.3,90.16,,,1007.9,46.7993,40,0,Cloudy
19.9,93.37,,,1007.3,47.15944,39,0,Cloudy
21,83.14,,,1006.1,47.5802,58,0,Cloudy
22.4,82.74,,,1006.8,47.71709,44,0,Cloudy
22.6,76.02,,,1007.2,47.88833,50,0,Cloudy
23.2,82.61,,,1007.2,48.0323,54,0,Cloudy
21.9,79.09,,,1007.3,48.33994,61,0,Cloudy
22.3,87.55,,,1006.7,48.3748,58,0,Cloudy
23.5,87.99,,,1004.7,48.55817,53,0,Cloudy
23.2,97.23,,,1000.2,48.80824,47,0,Cloudy
23.3,88.28,,,1004.6,48.8335,44,0,Cloudy
23.4,82.4,,,1005.6,48.67841,47,0,Cloudy
24.7,79.21,,,1005.6,48.76934,41,0,Cloudy
23.7,84.71,,,1004.9,48.72791,39,0,Cloudy
23.2,78.53,,,1004.9,48.93504,36,0,Cloudy
23.6,78,,,1005.3,49.21088,42,0,Cloudy
24.5,74.94,,,1005.4,49.03962,43,0,Cloudy
25,69.61,,,1005.2,49.07599,55,0,Cloudy
26.5,78.78,,,1005.9,49.08155,50,0,Cloudy
26.8,87.18,,,1006.1,49.174,46,0,Cloudy
27.1,94.26,,,1002.7,31.20372,55,0,Cloudy
26.2,92.98,,,1001.8,30.945,52,0,Cloudy
24,78.18,,,1007,30.93592,50,0,Cloudy
22.9,78.6,,,1008.4,30.80279,37,0,Cloudy
23.9,77.04,,,1010.8,55.1811,42,0,Cloudy
24.8,85.08,,,1013.4,55.09416,49,0,Cloudy
25.3,84.47,,,1014.1,55.06484,56,0,Cloudy
25.2,77.43,,,1012.7,55.36409,61,0,Cloudy
26.6,72.59,,,1012.6,82.4099,54,0,Cloudy
28,78.13,,,1013.7,82.3952,55,0,Cloudy
26,82.32,,,1013.6,82.31461,56,0,Cloudy
27.1,82.72,,,1013.4,82.06678,57,0,Cloudy
27.2,77.2,,,1013.6,81.99026,58,0,Cloudy
26.8,74.34,,,1012.1,78.233,59,0,Cloudy
23.3,71.46,,,1011.9,78.48074,60,0,Cloudy
23,69.3,,,1012.5,77.70056,81,0,Cloudy
25.2,72.46,,,1012.5,78.25884,112,0,Cloudy
25,68.39,,,1012.4,77.24261,81,0,Cloudy
24.1,67.69,,,1012.7,77.13218,81,0,Cloudy
23.5,69.14,,,1012.4,76.41896,79,0,Cloudy
23.4,69.44,,,1011.4,75.39633,79,0,Cloudy
24.1,65.26,,,1011.7,75.35683,90,0,Cloudy
24.5,69.05,,,1012.2,74.75211,93,0,Cloudy
26.3,65.22,,,1010.7,74.41634,112,0,Cloudy
27.9,60.44,,,1009.9,74.41735,104,0,Cloudy
26.7,67.5,,,1010.4,74.36469,102,0,Cloudy
22.9,90.13,,,1011.7,74.51408,95,0,Cloudy
24.4,90.16,,,1011.5,74.55105,127,0,Cloudy
26.6,90.17,,,1011.2,74.77642,135,0,Cloudy
28.1,87.2,,,1011.4,74.8063,136,0,Cloudy
29.3,79.44,,,1011.9,74.70096,137,0,Cloudy
29.3,74.34,,,1012.5,75.13043,105,0,Cloudy
28.7,63.59,,,1012.6,75.35835,106,0,Cloudy
29.5,56.3,,,1011.5,74.54092,84,0,Cloudy
29.1,61.95,,,1011.6,74.51155,155,0,Cloudy
29.4,65.17,,,1013.1,73.80965,138,0,Cloudy
29.5,66.88,,,1014.8,73.11489,78,0,Cloudy
30,67.16,,,1015,60.88821,79,0,Cloudy
29.8,69.57,,,1013,60.93879,95,0,Cloudy
29.6,71.68,,,1013.5,60.75671,90,0,Cloudy
30.8,66.73,,,1015.1,60.36323,105,0,Cloudy
29.6,68.39,,,1014.2,59.74927,67,0,Cloudy
29.4,72.98,,,1013.8,59.12523,73,0,Cloudy
29,72.43,,,1014.6,58.26054,79,0,Cloudy
29.8,71.3,,,1014.6,57.87828,89,0,Cloudy
30.2,69.43,,,1013.4,57.4571,95,0,Cloudy
30.6,70.15,,,1012.9,57.01217,89,0,Cloudy
31.3,73.51,,,1012.1,56.51671,94,0,Cloudy
31.4,72.49,,,1012.4,55.58955,103,0,Cloudy
30.5,75.32,,,1012.6,55.32113,101,0,Cloudy
30,87.47,,,1011.2,54.69735,93,0,Cloudy
29.3,92.13,,,1011,54.34909,85,0,Cloudy
29.3,83.73,,,1013,49.87424,106,0,Cloudy
29.1,80.14,,,1014.1,49.44833,101,0,Cloudy
30.3,73.99,,,1014.4,49.09266,89,0,Cloudy
30.1,75,,,1015.5,47.04226,83,0,Cloudy
30.6,71.93,,,1016.1,57.9516,90,0,Cloudy
29.7,67.12,,,1016.9,58.08559,102,0,Cloudy
31.2,66.38,,,1017.8,58.07952,102,0,Cloudy
30.1,78.69,,,1018,58.61197,102,0,Cloudy
29.2,86.65,,,1018.1,58.26408,111,0,Cloudy
30.4,81.01,,,1018.6,58.47949,108,0,Cloudy
31.9,81.5,,,1018,58.37381,102,0,Cloudy
31.9,78.6,,,1016.1,58.39909,93,0,Cloudy
31.1,76.78,,,1014.2,58.42083,87,0,Cloudy
31.5,71.92,,,1014.2,58.59073,87,0,Cloudy
31.4,72.56,,,1014.2,59.0959,66,0,Cloudy
30.5,63.76,,,1015.1,59.29615,63,0,Cloudy
28.1,67.71,,,1015,59.29666,53,0,Cloudy
29.2,71.27,,,1015.2,63.71789,60,0,Cloudy
31.4,71.55,,,1016,62.73394,77,0,Cloudy
31.4,75.38,,,1015.3,62.15677,77,0,Cloudy
31.3,70.02,,,1013.5,61.81129,71,0,Cloudy
31.8,74.36,,,1012.1,62.7476,68,0,Cloudy
31.7,75.35,,,1011.4,62.90594,67,0,Cloudy
31.6,68.78,,,1012.7,62.73192,,0,Cloudy
28.8,74.06,,,1014.8,63.56359,102,0,Cloudy
30.1,74.85,,,1013.2,63.62228,101,0,Cloudy
30.8,65.84,,,1012.5,63.51705,98,0,Cloudy
31.1,66.12,,,1014.2,62.31762,96,0,Cloudy
29.9,74.54,,,1016.3,61.52348,98,0,Cloudy
31.2,69.73,,,1017,61.00808,160,0,Cloudy
32.2,69.5,,,1016.8,61.88058,188,0,Cloudy
29.6,73.55,,,1015.5,62.40413,73,0,Cloudy
31.8,77.78,,,1014.5,59.73157,64,0,Cloudy
31.2,75.61,,,1014.5,59.90604,71,0,Cloudy
32.7,82.13,,,1015.1,59.08781,65,0,Cloudy
32.8,75.21,,,1014.2,58.88705,65,0,Cloudy
32.9,73.3,,,1013.6,58.85267,86,0,Cloudy
32.9,68.36,,,1013.8,58.86329,151,0,Cloudy
32.5,66.63,,,1014.1,58.84357,152,0,Cloudy
32.8,66.54,,,1014.8,59.77961,49,0,Cloudy
32.8,65.76,,,1013.6,60.41228,55,0,Cloudy
31.9,66.97,,,1013.5,60.77188,90,0,Cloudy
31,66.28,,,1012.7,61.09912,78,0,Cloudy
31.2,63.17,,,1011.5,60.2019,85,0,Cloudy
29.3,70.21,,,1009.7,60.035,89,0,Cloudy
29.2,61.1,,,1010.7,60.01326,108,0,Cloudy
29,60.54,,,1011.8,60.00314,130,0,Cloudy
31.4,62.81,,,1013,59.87115,113,0,Cloudy
31.4,64.92,,,1013.8,59.61323,104,0,Cloudy
32.7,63.05,,,1014.4,59.59604,94,0,Cloudy
33.6,63.22,,,1012.7,59.68403,132,0,Cloudy
31.7,63.49,,,1011.6,60.00921,133,0,Cloudy
30.7,66.05,,,1012.1,56.55614,104,0,Cloudy
32,67.51,,,1012.4,56.41358,100,0,Cloudy
31,64.89,,,1013.3,56.08649,105,0,Cloudy
29.5,66.79,,,1012.9,55.72908,85,0,Cloudy
30.7,77.73,,,1015.4,55.4192,95,0,Cloudy
29.2,62.9,,,1014,54.13023,97,0,Cloudy
29.1,53.55,,,1011.9,54.03116,90,0,Cloudy
31.5,53.95,,,1011.4,53.80018,108,0,Cloudy
31.8,62.71,,,1011.5,53.66776,109,0,Cloudy
30.7,57.37,,,1014.8,53.34935,110,0,Cloudy
30.2,50.95,,,1016.8,49.93941,111,0,Cloudy
31.7,53.57,,,1017.8,50.33401,112,0,Cloudy
31.6,59.05,,,1018.3,50.62505,113,0,Cloudy
30.7,58.96,,,1016.9,51.11063,114,0,Cloudy
26.7,60.08,,,1018.3,51.431,123,0,Cloudy
30,55.31,,,1016,51.87164,121,0,Cloudy
29.8,64.88,,,1012.1,52.48766,116,0,Cloudy
28.3,55.27,,,1011.9,54.49314,118,0,Cloudy
28.2,62.33,,,1012.3,54.96425,122,0,Cloudy
28.9,65.6,,,1012,55.42476,109,0,Cloudy
29.5,67.2,,,1010.2,59.46253,126,0,Cloudy
29.5,65.44,,,1009.9,59.89694,142,0,Cloudy
29.2,61.5,,,1010.6,60.06939,110,0,Cloudy
29.9,61.14,,,1012.6,60.39155,104,0,Cloudy
30.5,56.06,,,1011.6,60.5807,147,0,Cloudy
29.8,53.12,,,1010.7,60.88163,91,0,Cloudy
28.8,70.95,,,1011.3,61.44104,76,0,Cloudy
29.3,64.5,,,1011.1,62.44104,89,0,Cloudy
29.2,67.94,,,1010.3,2301.18018,117,0,Cloudy
30,60.36,,,1008.7,2301.18018,82,0,Cloudy
28.3,58.6,,,1006.6,2301.18018,67,0,Cloudy
28.7,60.48,,,1007.8,62.78554,55,0,Cloudy
29.4,62.85,,,1010,63.09867,56,0,Cloudy
30.5,46.95,,,1010.2,63.45128,83,0,Cloudy
30.2,44.01,,,1012.1,63.83931,113,0,Cloudy
27.4,45.5,,,1012.3,63.94201,133,0,Cloudy
28.1,52.89,,,1011.3,64.4525,114,0,Cloudy
28.7,48.65,,,1011.1,64.70649,112,0,Cloudy
29.5,42.86,,,1011.5,65.08749,114,0,Cloudy
30.6,60.79,,,1010.4,65.01057,132,0,Cloudy
31,60.66,,,1009.5,64.99692,129,0,Cloudy
31,47.7,,,1008.7,65.12493,163,0,Cloudy
30.6,71.07,,,1008,65.27976,150,0,Cloudy
28.4,66.25,,,1008.5,65.58083,127,0,Cloudy
28.2,49.62,,,1009.1,65.24181,151,0,Cloudy
28.6,60.05,,,1010.8,65.34503,148,0,Cloudy
27.5,49.33,,,1011.7,65.69417,120,0,Cloudy
26.6,57.61,,,1009.4,65.68709,119,0,Cloudy
26.4,59.5,,,1008.7,65.91226,125,0,Cloudy
27.6,67.16,,,1006.7,66.26446,116,0,Cloudy
29,70.89,,,1007.5,66.44106,112,0,Cloudy
28.5,73.52,,,1010.5,66.79784,108,0,Cloudy
28.8,73.07,,,1012.4,66.95977,109,0,Cloudy
30.6,79.87,,,1010.5,67.10754,110,0,Cloudy
29.5,64.26,,,1008.6,67.61009,116,0,Cloudy
29.9,70.27,,,1008.3,67.68854,125,0,Cloudy
30.9,75.13,,,1007.9,68.18655,121,0,Cloudy
29.7,73.47,,,1007.7,68.39964,126,0,Cloudy
28.6,74.57,,,1008.3,68.68662,144,0,Cloudy
29.1,67.85,,,1010.1,68.78634,93,0,Cloudy
29,66.91,,,1010.5,69.09155,82,0,Cloudy
28.8,63.44,,,1009.2,69.0703,106,0,Cloudy
28.6,66.46,,,1007.6,69.08852,131,0,Cloudy
29.7,65.89,,,1006.2,68.59451,113,0,Cloudy
29.4,71.15,,,1007.6,68.18757,91,0,Cloudy
29.6,77.72,,,1009.8,68.12481,105,0,Cloudy
29.7,68.46,,,1011.1,67.83582,123,0,Cloudy
27.3,70.92,,,1011.1,67.42941,120,0,Cloudy
26.9,72.79,,,1009.6,67.312,113,0,Cloudy
27.4,69.44,,,1009.1,67.62426,105,0,Cloudy
29.3,70.84,,,1008.4,67.92033,117,0,Cloudy
29.4,72.1,,,1008.6,67.81557,107,0,Cloudy
29,66.5,,,1007.3,61.45773,139,0,Cloudy
28.9,56.97,,,1007.7,61.63476,119,0,Cloudy
28.7,65.22,,,1007.9,61.75362,119,0,Cloudy
28.8,68.41,,,1007.9,61.60188,120,0,Cloudy
29.9,77.69,,,1006.7,61.92763,119,0,Cloudy
29.3,74.05,,,1005,62.89987,122,0,Cloudy
28.1,74.77,,,1005.1,63.43003,133,0,Cloudy
29.4,74.75,,,1004.8,45.73412,120,0,Cloudy
30.1,78.2,,,1006.4,44.81752,124,0,Cloudy
30.2,72.78,,,1007.2,44.50342,122,0,Cloudy
28.5,64.97,,,1006.7,39.92932,126,0,Cloudy
28.5,72.73,,,1005.4,39.68502,,0,Cloudy
27.3,67.49,,,1006.8,39.55278,133,0,Cloudy
29.3,61.64,,,1008.5,38.63369,127,0,Cloudy
28.7,63.12,,,1008,90.27671,116,0,Cloudy
27.5,68.01,,,1005.1,90.74081,116,0,Cloudy
27,80.59,,,1005.7,90.66524,107,0,Cloudy
29.7,75.27,,,1007.2,90.86509,147,0,Cloudy
30.4,73.19,,,1007.5,90.99849,102,0,Cloudy
29.9,69.82,,,1008.7,91.41545,98,0,Cloudy
31.4,73.07,,,1007.5,91.35103,117,0,Cloudy
31,73.61,,,1006.7,80.93363,121,0,Cloudy
30.2,74.29,,,1006.3,81.1566,146,0,Cloudy
30.6,77.41,,,1004.2,81.36488,110,0,Cloudy
30.5,74.76,,,1003.6,85.81832,108,0,Cloudy
30.3,74.44,,,1005.1,86.06422,103,0,Cloudy
29.1,77.18,,,1007.6,86.27006,108,0,Cloudy
29.3,74.74,,,1006.2,86.48453,102,0,Cloudy
30.1,78.01,,,1006.6,86.4034,107,0,Cloudy
30.7,84,,,1005.5,86.4612,121,0,Cloudy
31.7,72.18,,,1007.6,86.58035,144,0,Cloudy
29.6,72.76,,,1005.6,86.39174,148,0,Cloudy
28.4,83.51,,,1004.7,86.19096,136,0,Cloudy
27.3,73.31,,,1004.8,86.63409,137,0,Cloudy
28,82.72,,,1003.1,88.21006,124,0,Cloudy
29.6,72.94,,,1003.4,88.53309,139,0,Cloudy
29.9,80.1,,,1004,88.85207,166,0,Cloudy
30.9,72.4,,,1004.3,89.33031,236,0,Cloudy
31.5,83.16,,,1004.6,89.13506,156,0,Cloudy
31.4,83.01,,,1004.8,89.72235,126,0,Cloudy
31.7,76.65,,,1003.6,89.84864,108,0,Cloudy
29.3,77.27,,,1003.3,89.80553,101,0,Cloudy
27.4,76.99,,,1003.4,89.94957,173,0,Cloudy
27.1,73.02,,,1003.6,90.02311,190,0,Cloudy
27.6,74.21,,,1001.3,,178,0,Cloudy
26.1,75.41,,,1000.9,,183,0,Cloudy
29.1,74.84,,,1001.4,,177,0,Cloudy
29,78.24,,,1003.7,,214,0,Cloudy
30.2,88.89,,,1005.8,,221,0,Cloudy
28.1,81.42,,,1004.8,,158,0,Cloudy
28.9,78.36,,,1001.8,,177,0,Cloudy
27.7,80.82,,,1001.7,,255,0,Cloudy
26.6,80.49,,,1003.8,,227,0,Cloudy
24.7,76.82,,,1004.1,,214,0,Cloudy
27.5,77.85,,,1001.2,,137,0,Cloudy
29.2,80.02,,,998.1,,198,0,Cloudy
29.6,85.09,,,995.6,,265,0,Cloudy
28.9,87.28,,,994.1,,228,0,Cloudy
29.7,86.14,,,992.9,,168,0,Cloudy
29.8,84.97,,,993.4,,107,0,Cloudy
30,74.13,,,994.7,,118,0,Cloudy
29.6,68.16,,,996.3,,146,0,Cloudy
29.5,59.44,,,997.7,,158,0,Cloudy
27.4,64.74,,,999.2,,219,0,Cloudy
25.5,74.93,,,999,,196,0,Cloudy
24.6,65.27,,,998,,191,0,Cloudy
26.7,71.26,,,999.2,,166,0,Cloudy
28.3,84.41,,,1001.6,,184,0,Cloudy
29,85.29,,,1002.1,,158,0,Cloudy
26.7,78.94,,,1001.5,,144,0,Cloudy
26.7,87.96,,,1000.9,,141,0,Cloudy
25.8,91.18,,,1000.3,,138,0,Cloudy
26,94.71,,,999,,129,0,Cloudy
25.9,90.09,,,998.8,,122,0,Cloudy
25,86.29,,,998.8,,160,0,Cloudy
23.6,84.87,,,1002.8,,151,0,Cloudy
24.3,80.25,,,1002.7,,175,0,Cloudy
24.7,78.41,,,1002.2,,151,0,Cloudy
25.1,76.87,,,1001.9,,172,0,Cloudy
26.4,79.13,,,1000.9,,159,0,Cloudy
27.3,89.11,,,1000.1,,86,0,Cloudy
26.6,87.82,,,1000,,117,0,Cloudy
25.5,91.92,,,1000.1,,118,0,Cloudy
25.6,83.48,,,998.9,,108,0,Cloudy
25.6,80.53,,,997.8,,106,0,Cloudy
25.2,84.32,,,997.3,,62,0,Cloudy
24.7,88.61,,,998.5,,122,0,Cloudy
25.1,88.25,,,998.7,,67,0,Cloudy
25.2,84.21,,,997.6,,90,0,Cloudy
25,85.44,,,996.6,,169,0,Cloudy
22,85.13,,,997.2,,112,0,Cloudy
22,87.85,,,996.4,,114,0,Cloudy
22.6,87.58,,,995.4,,126,0,Cloudy
25.1,86.69,,,995.1,,129,0,Cloudy
26.4,90.78,,,997.4,,106,0,Cloudy
25.7,84.19,,,997.9,,147,0,Cloudy
23.8,77.51,,,997,,136,0,Cloudy
21,81.3,,,995.2,,127,0,Cloudy
20.1,93.45,,,993.6,,97,0,Cloudy
19.9,94.23,,,995.6,,144,0,Cloudy
20.3,92.8,,,999.2,,115,0,Cloudy
20.2,88.91,,,1000.9,,116,0,Cloudy
20.6,89.87,,,1000.6,,117,0,Cloudy
19.9,94.33,,,1000.7,,118,0,Cloudy
20.2,92.5,,,999.8,,94,0,Cloudy
19.6,91.33,,,999.8,,134,0,Cloudy
20,90.97,,,999.3,,140,0,Cloudy
20.5,88.89,,,998.6,,140,0,Cloudy
20.7,90.7,,,998.5,,106,0,Cloudy
20.5,94.17,,,999.6,,98,0,Cloudy
19.9,90.01,,,1001.1,,128,0,Cloudy
20.1,87.19,,,1000.3,,136,0,Cloudy
21.3,83.65,,,999.9,,142,0,Cloudy
21.9,90.66,,,999.6,,152,0,Cloudy
20.3,91.58,,,997.8,,149,0,Cloudy
22,91.01,,,997.5,,94,0,Cloudy
23.1,86.55,,,1000.3,,95,0,Cloudy
23.4,85.04,,,1002.3,,131,0,Cloudy
,79.41,,,1001.3,,,0,Cloudy
,81.24,,,999,,,0,Cloudy
,,,,997.3,,,0,Cloudy
