MaxTemp,mintemp,Humditiy,WindSpeed,Label
24.79000092,14.72,79,5.8,0
23.57999992,15.72,77,8.1,1
23.85000038,14.73,78,9.2,0
24.68000031,15.73,79,8.1,1
24.63999939,16.73,78,8.1,0
25.37999916,14.7,78,11.4,1
25.46999931,15.7,78,8.1,0
25.68000031,16.7,77,8.1,1
26.17000008,14.72,77,5.8,0
27.64999962,15.72,77,16.1,1
25.51000023,16.72,78,9.2,0
25.52000046,17.72,78,11.4,0
26.46999931,18.72,79,11.4,1
28.09000015,14.6,78,12.8,0
28.36000061,15.6,79,9.2,1
28.70999908,16.6,78,8.1,0
28.88999939,17.6,78,8.1,1
27.02000046,13.6,77,10.3,0
24.56999969,14.6,78,11.4,1
24.72999954,15.6,77,9.2,0
24.15999985,16.6,79,11.4,1
24.29000092,12.67,79,11.4,0
23.72999954,13.67,79,11.4,0
23.61000061,14.67,79,10.3,1
24.06999969,15.67,79,9.2,0
24.11000061,16.67,78,5.8,1
24.65999985,17.67,79,5.8,0
25.55999947,18.67,79,11.4,1
26.36000061,19.67,78,10.3,0
26.86000061,20.67,78,8.1,1
27.37000084,16.55,78,6.9,0
27.35000038,17.55,78,6.9,1
28.45000076,18.55,78,8.1,0
28.98999977,19.55,79,10.3,0
28.32999992,20.55,78,9.2,1
27.07999992,21.55,78,5.8,0
27.45000076,19.56,78,6.9,1
27.98999977,20.56,80,10.3,0
27.72999954,21.56,80,9.2,1
27.94000053,22.56,80,6.9,0
29.26000023,18.69,80,6.9,1
31.62000084,19.69,80,9.2,0
31.95999908,20.69,80,8.1,1
29.70000076,21.69,80,5.8,0
28.70999908,22.69,80,5.8,0
28.78000069,23.69,81,8.1,1
27.51000023,24.69,80,5.8,0
28.11000061,10.33,80,6.9,1
27.26000023,11.33,80,6.9,0
28.09000015,12.33,81,6.9,1
29.61000061,13.33,81,10.3,0
31.02000046,14.33,80,16.1,1
31.39999962,15.33,80,15,0
32.75999832,16.33,80,10.3,1
32.52000046,17.33,81,6.9,0
32.27000046,18.33,81,11.4,0
33.09000015,19.33,80,6.9,1
32.88000107,20.33,80,5.8,0
32.61999893,21.33,80,8.1,1
32.56000137,22.33,80,8.1,0
32.86000061,23.33,80,11.4,1
33.22999954,23.4,80,11.4,0
33.27999878,24.4,80,12.8,1
33.06999969,25.4,80,11.4,0
33.74000168,26.4,80,11.4,1
34.56999969,22.01,80,10.3,0
35.34999847,23.01,80,15,0
35.63999939,24.01,80,10.3,1
36.72000122,25.01,80,16.1,0
35.81999969,18,80,10.3,1
36.61000061,19,80,9.2,0
33.86000061,20,80,12.8,1
34.70000076,21,80,6.9,0
33.18999863,22,81,9.2,1
34.27000046,23,81,6.9,0
34.88000107,17.01,80,12.8,1
34.52000046,18.01,81,15,0
35.31000137,19.01,81,8.1,0
31.29000092,20.01,81,10.3,1
29.54999924,21.01,81,9.2,0
32.38999939,22.01,81,9.2,1
31.68000031,23.01,81,15,0
31.72999954,24.01,81,11.4,1
32.41999817,17.89,81,12.8,0
30.22999954,18.89,81,12.8,1
26.17000008,19.89,81,12.8,0
29.82999992,20.89,82,12.8,1
32.27999878,21.89,82,13.9,0
28.62999916,22.89,82,23,0
26.51000023,23.89,82,19.7,1
27.72999954,24.89,82,18.3,0
29.86000061,10.8,82,18.3,1
31.11000061,11.8,81,19.7,0
32.38000107,12.8,81,16.1,1
33.02000046,13.8,81,18.3,0
33.65999985,14.8,81,10.3,1
35.27999878,15.8,81,16.1,0
34.65000153,16.8,81,13.9,1
35.75999832,17.8,81,12.8,0
34.56999969,18.8,81,13.9,0
31.12000084,19.8,81,10.3,1
32.81000137,20.8,81,11.4,0
33.56999969,10.9,81,15,1
34.50999832,11.9,81,16.1,0
35.86999893,12.9,81,19.7,1
36.54999924,13.9,81,13.9,0
38.25999832,14.9,81,13.9,1
38.02999878,15.9,81,16.1,0
36.93999863,16.9,81,23,1
30.86000061,17.9,80,19.7,0
31.28000069,18.9,81,23,0
34.15000153,19.9,81,19.7,1
35.04999924,20.9,81,19.7,0
34.95999908,11.9,81,21.9,1
36.58000183,12.9,80,16.1,0
37.06000137,13.9,79,13.9,1
37.56999969,14.9,79,17.2,0
36.61000061,15.9,79,17.2,1
34.88000107,16.9,79,16.1,0
33.90999985,17.9,81,20.8,1
32.83000183,18.9,81,21.7,0
32.68000031,19.9,80,11.4,0
32.20999908,20.9,80,15,1
34.68000031,21.9,80,17.2,0
36.95999908,22.9,80,17.2,1
37.63000107,9.8,80,18.3,0
38.31999969,10.8,80,13.9,1
38.40999985,11.8,79,13.9,0
39.16999817,12.8,79,19.7,1
38.52999878,13.8,79,13.9,0
39.02999878,14.8,79,13.9,1
40.16999817,15.8,79,12.8,0
39.47000122,16.8,79,23,0
40.63000107,17.8,79,16.1,1
38.29000092,18.8,79,16.1,0
37.11999893,19.8,79,28.9,1
37.91999817,20.8,79,9.2,0
38.70000076,22.09,78,13.9,1
38.02000046,11.08,79,13.9,0
38.77000046,12.08,79,18.3,1
38.47999954,13.08,79,16.1,0
35.65999985,14.08,79,15,1
33.93000031,15.08,79,13.9,0
32.13000107,16.08,79,17.2,0
32.90000153,17.08,79,16.1,1
34.45000076,18.08,79,15,0
35.29999924,19.08,79,11.4,1
35.04999924,20.08,79,16.1,0
34.38000107,21.08,79,11.4,1
34.84999847,22.08,80,9.2,0
32.86999893,7.11,79,8.1,1
34.49000168,8.11,79,16.1,0
34.43999863,9.11,79,20.8,1
34.15000153,10.11,79,19.7,0
33.25,11.11,79,17.2,0
31.29999924,12.11,79,16.1,1
30.89999962,13.11,79,9.2,0
32.49000168,14.11,79,10.3,1
33.13999939,15.11,79,11.4,0
34.77999878,16.11,79,17.2,1
34.59000015,17.11,79,11.4,0
34.15000153,18.11,79,13.9,1
34.34000015,19.11,79,12.8,0
35.5,20.11,79,15,1
34.54000092,21.11,80,17.2,0
34.52999878,11.09,80,11.4,0
31.47999954,12.09,80,10.3,1
32.58000183,13.09,79,16.1,0
34.25999832,14.09,79,17.2,1
36.38999939,15.09,79,13.9,0
37.72000122,16.09,79,11.4,1
36.22999954,17.09,79,11.4,0
34.20000076,18.09,79,9.2,1
35.5,19.09,79,11.4,0
36.66999817,20.09,79,9.2,1
35.31999969,21.09,79,12.8,0
34.61000061,22.09,79,11.4,0
32.09000015,9.05,79,15,1
32.00999832,10.05,79,12.8,0
32.34000015,11.05,79,13.9,1
32.04999924,12.05,79,12.8,0
33.70000076,13.05,79,11.4,1
33.29000092,14.05,79,9.2,0
33.04999924,15.05,79,13.9,1
31.95999908,16.05,79,11.4,0
31.21999931,17.05,79,8.1,1
30.11000061,18.05,79,11.4,0
29.13999939,19.05,79,11.4,0
30.14999962,20.05,79,12.8,1
31.54999924,21.05,79,13.9,0
32.47000122,22.05,79,16.1,1
32.81999969,23.05,78,9.2,0
32.06999969,8.04,75,6.9,1
30.20000076,9.04,77,12.8,0
32.36999893,10.04,75,13.9,1
34.16999817,11.04,75,10.3,0
33.41999817,12.04,75,11.4,1
32.72999954,13.04,78,11.4,0
32.75,14.04,75,11.4,0
32.47999954,15.04,76,12.8,1
32.06999969,16.04,75,13.9,0
31.48999977,17.04,73,10.3,1
31.59000015,18.04,74,6.9,0
31.76000023,19.04,75,13.9,1
33.24000168,20.04,75,17.2,0
32.31999969,21.04,74,15,1
30.29999924,22.04,73,96.6,0
31.21999931,6.3,75,9.2,1
33.72000122,7.3,74,11.4,0
33.50999832,8.3,77,5.8,0
31.54999924,9.3,76,15,1
31.40999985,10.3,75,8.1,0
31.62999916,11.3,77,13.9,1
31,12.3,77,10.3,0
32.08000183,13.3,78,12.8,1
32.43999863,14.3,78,10.3,0
32.29999924,15.3,76,8.1,1
31.61000061,16.3,75,11.4,0
30.54999924,17.3,76,11.4,1
30.37999916,18.3,77,10.3,0
30.77000046,19.3,76,16.1,0
32.79999924,20.3,76,17.2,1
33.54000092,21.3,75,12.8,0
32.61000061,22.3,74,12.8,1
31.21999931,10.06,74,16.1,0
32.68999863,11.06,74,9.2,1
33.15999985,12.06,75,8.1,0
31.10000038,13.06,75,8.1,1
31.43000031,14.06,75,10.3,0
31.03000069,15.06,75,10.3,1
32.52999878,16.06,75,13.9,0
33.04999924,17.06,75,10.3,0
33.29000092,18.06,75,8.1,1
32.09999847,19.06,75,5.8,0
30.26000023,20.06,75,11.4,1
31.40999985,21.06,75,8.1,0
31.30999947,22.06,76,13.9,1
32.58000183,23.06,77,11.4,0
32.88000107,24.06,75,16.1,1
32.74000168,13.58,75,17.2,0
34.20999908,14.58,75,10.3,1
32.93999863,19.58,76,11.4,0
31.10000038,20.58,76,10.3,0
30.95000076,17.56,76,15,1
31.31999969,18.56,76,9.2,0
31.90999985,19.56,75,11.4,1
32.65000153,20.56,76,10.3,0
33.50999832,21.56,76,10.3,1
32.95000076,22.56,75,11.4,0
31.25,23.56,75,13.3,1
30.70999908,11.69,75,11.4,0
32.04000092,12.59,75,13.9,1
33.20000076,14.69,75,13.9,0
29.19000053,14.39,75,11.4,0
29.39999962,18.59,75,9.2,1
31.34000015,14.58,74,10.3,0
31.45999908,12.25,74,9.2,1
32.34000015,14.56,72,8.1,0
33.33000183,11.36,72,9.2,1
33.34000015,12.96,73,8.1,0
34.11000061,14.78,74,15,1
33.63000107,8.9,72,13.9,0
34.40000153,9.9,73,13.9,1
34.34000015,10.9,74,11.4,0
33.63999939,11.9,75,11.4,0
33.38000107,12.9,76,9.2,1
33.70999908,13.9,77,9.2,0
33.56999969,14.9,78,10.3,1
33.93999863,15.9,79,8.1,0
33.02000046,16.9,80,6.9,1
33.75999832,17.9,81,10.3,0
32.65999985,18.9,82,19.7,1
32.75999832,19.9,69.69,5.8,0
30.18000031,20.9,70.69,11.4,1
29.95000076,21.9,71.69,9.2,0
29.64999962,22.9,72.69,9.2,0
31.36000061,23.9,73.69,6.9,1
30.67000008,7.89,74.69,18.3,0
34.13000107,8.89,75.69,10.3,1
34.31999969,9.89,76.69,9.2,0
32.95999908,10.89,77.69,15,1
32.70000076,11.89,78.69,23,0
32.66999817,12.89,79.69,15,1
29.55999947,13.89,80.69,8.1,0
28.92000008,14.89,81.69,9.2,1
30.44000053,15.89,82.69,10.3,0
31.72999954,16.89,83.69,8.1,0
33.25999832,17.89,84.69,6.9,1
34.04999924,18.89,85.69,5.8,0
32.99000168,19.89,70.68,8.1,1
34.65000153,20.89,71.68,12.8,0
34.72000122,21.89,72.68,13.9,1
34.5,22.89,73.68,16.1,0
34.24000168,23.89,76,15,1
33.84000015,5.96,74,9.2,0
33.61000061,6.96,72,6.9,1
32.90999985,7.96,73,9.2,0
32.84000015,8.96,73,11.4,0
31.98999977,9.96,74,8.1,1
32.45999908,10.96,75,5.8,0
30.59000015,11.96,76,5.8,1
31.18000031,12.96,77,5.8,0
31.68000031,13.96,78,10.3,1
32.11000061,14.96,79,8.1,0
30.04999924,15.96,80,8.1,1
30.12999916,16.96,81,6.9,0
31.06999969,17.96,82,8.1,1
31.71999931,18.96,83,8.1,0
30.45000076,19.96,84,8.1,0
30.97999954,20.96,85,10.3,1
30.97999954,10.45,72,11.4,0
31.37000084,11.45,72,9.2,1
30.97999954,12.45,73,9.2,0
31.26000023,13.45,74,9.2,1
30.07999992,14.45,75,6.9,0
29.54000092,15.46,76,9.2,1
29.38999939,16.46,77,9.2,0
29.56999969,17.46,78,9.2,1
29.85000038,18.47,79,8.1,0
29.89999962,19.47,80,8.1,0
29.06999969,20.47,70,10.3,1
29.54999924,21.45,69,4.7,0
30.02000046,22.45,70,4.7,1
30.38999939,9.8,71,8.1,0
31.02000046,10.8,72,9.2,1
30.65999985,11.8,73,11.4,0
29.39999962,12.8,74,8.1,1
29.04999924,13.8,75,6.9,0
28.30999947,14.8,76,9.2,1
25.65999985,15.8,69,6.9,0
22.95999908,16.8,70,6.9,0
25.72999954,17.8,70,6.9,1
26.72999954,18.8,70,9.2,0
26.17000008,19.8,71,10.3,1
25.87000084,20.8,70,9.2,0
26.71999931,21.8,70,9.2,1
26.23999977,22.8,70,9.2,0
26.40999985,23.8,70,5.8,1
26.78000069,11.09,70,8.1,0
27.60000038,12.09,70,8.1,1
28.61000061,13.09,70,8.1,0
28.12000084,14.09,70,6.9,0
26.97999954,15.09,70,9.2,1
27.56999969,16.09,70,9.2,0
27.01000023,17.09,70,6.9,1
29.26000023,18.09,70,6.9,0
29.13999939,19.09,71,62.2,1
28.70999908,20.09,71,6.9,0
27.87000084,21.09,71,6.9,1
26.05999947,22.09,71,11.4,0
26.87999916,12.3,71,12.8,1
27.03000069,14.52,71,6.9,0
26.62999916,15.52,71,8.1,0
25.97999954,16.52,71,6.9,1
26.12999916,17.52,71,5.8,0
25.63999939,18.52,71,6.9,1
25.01000023,19.52,72,8.1,0
25.71999931,20.52,71,8.1,1
25.45999908,21.52,72,8.1,0
25.95999908,22.52,73,11.4,1
25.69000053,23.52,74,10.3,0
26,24.52,75,9.2,1
25.80999947,14.52,76,8.1,0
25.80999947,5.69,77,8.1,0
25.93000031,6.69,78,9.2,1
25.64999962,7.69,79,6.9,0
25.25,8.69,80,10.3,1
25.42000008,9.69,74,11.4,0
25.29999924,10.69,75,9.2,1
25.13999939,11.69,76,6.9,0
25.19000053,12.69,81,8.1,1
25.43000031,13.69,81,9.2,0
26.76000023,14.69,81,10.3,1
26.59000015,15.69,81,11.4,0
28.28000069,16.69,83,11.4,0
27.64999962,17.69,81,10.3,1
26.79999924,18.69,81,6.9,0
24.71999931,19.69,81,6.9,1
25.04999924,20.69,82,8.1,0
25.76000023,21.69,84,8.1,1
28.30999947,22.69,82,9.2,0
28.55999947,23.69,84,8.1,1
27.36000061,10.4,82,8.1,0
25.32999992,11.4,81,6.9,1
25.39999962,12.4,81,11.4,0
26.81999969,13.41,81,10.3,0
27.01000023,14.41,81,11.4,1
28.07999992,15.41,81,5.8,0
28.34000015,16.41,80,8.1,1
28.69000053,17.42,80,10.3,0
28.84000015,18.42,66,5.8,1
28.18000031,19.42,81,9.2,0
28.01000023,20.42,80,6.9,1
27.70000076,21.43,81,9.2,0
29.06999969,22.43,82,9.2,1
28.95999908,11.2,83,10.3,0
28.20999908,12.2,84,10.3,0
28.88999939,13.2,85,8.1,1
29.51000023,14.21,86,6.9,0
27.68000031,15.21,87,9.2,1
28.62999916,16.21,56,4.7,0
29.37000084,17.21,57,9.2,1
29.47999954,18.23,58,8.1,0
30.13999939,19.23,59,6.9,1
31.51000023,20.23,78,8.1,0
31.06999969,21.23,78,11.4,1
26.52000046,22.24,79,9.2,0
28.12999916,15.21,78,11.4,0
29.51000023,16.21,78,11.4,1
29.72999954,17.22,77,9.2,0
30.97999954,18.22,79,8.1,1
31.59000015,19.22,80,8.1,0
34.06000137,20.22,80,8.1,1
34.20999908,21.58,79,9.2,0
34.43000031,22.58,80,11.4,1
34.61999893,23.58,80,8.1,0
33.90999985,24.58,80,5.8,1
32.66999817,10.85,80,9.2,0
27.75,11.85,80,11.4,0
28.35000038,12.85,79,8.1,1
28.63999939,13.83,79,9.2,0
29.96999931,14.83,79,10.3,1
31.55999947,15.83,79,6.9,0
32.27999878,16.83,79,8.1,1
33.20000076,17.85,79,8.1,0
33.29999924,18.87,78,9.2,1
31.97999954,19.87,78,9.2,0
29.32999992,20.87,79,9.2,1
26.63999939,21.87,78,13.9,0
29.12999916,22.88,79,9.2,0
32.27000046,23.88,79,9.2,1
33.81000137,24.88,78,11.4,0
33.38000107,12.34,78,6.9,1
33.56999969,13.34,77,10.3,0
31.53000069,14.34,77,8.1,1
31.22999954,15.35,78,11.4,0
31.11000061,16.35,77,9.2,1
31.70999908,17.35,77,8.1,0
32.15000153,18.35,77,10.3,1
28.46999931,19.45,77,10.3,0
30.56999969,20.45,77,77.2,0
28.71999931,21.45,78,6.9,1
29.45000076,22.45,79,10.3,0
29.39999962,23.34,79,9.2,1
29.87000084,11.22,79,10.3,0
31.03000069,12.22,79,13.9,1
32.29000092,13.22,78,13.9,0
32.11000061,14.23,78,11.4,1
32.04999924,15.23,78,11.4,0
30.46999931,16.23,78,12.8,1
30.44000053,17.23,78,11.4,0
31.19000053,18.9,78,13.9,0
32.31999969,19.9,78,17.2,1
33.84999847,20.9,78,16.1,0
33.70999908,21.9,77,15,1
33.25999832,10.96,77,20.8,0
32.43999863,11.96,77,11.4,1
32.43000031,12.96,78,8.1,0
28.38999939,13.12,78,11.4,1
29.85000038,14.12,78,15,0
32.33000183,15.12,77,13.9,1
33.75,16.12,77,17.2,0
34.49000168,17.99,77,11.4,0
33.81000137,18.99,77,15,1
34.25999832,19.99,77,11.4,0
33.84999847,20.99,77,13.9,1
33.54000092,21.99,77,16.1,0
34.34999847,22.96,77,17.2,1
35.16999817,15.79,77,13.9,0
34.5,16.79,77,11.4,1
34.29999924,17.79,77,13.9,0
34.36999893,18.78,77,17.2,1
32.77999878,19.79,77,16.1,0
31.89999962,20.79,77,18.3,0
33.00999832,21.79,77,17.2,1
33.27999878,22.79,77,20.8,0
33.40999985,23.79,77,13.9,1
32.90999985,11.45,77,9.2,0
34.24000168,12.45,77,16.1,1
33.97000122,13.45,77,15,0
34.22000122,14.45,77,28.9,1
32.22999954,15.58,77,15,0
30.54999924,16.58,78,11.4,1
32.75,17.58,78,15,0
32.86999893,18.58,78,23,0
35.38000107,19.58,78,11.4,1
36.74000168,20.75,78,18.3,0
35.68999863,21.75,78,10.3,1
35.13000107,22.75,78,13.9,0
34.95999908,23.75,78,18.3,1
34.24000168,24.45,78,18.3,0
31.37000084,11.87,78,20.8,1
33.31999969,12.96,78,18.3,0
34.56999969,13.96,78,17.2,1
33.04999924,14.96,78,11.4,0
33.31000137,15.96,79,30,0
33.88000107,16.96,79,10.3,1
34.56000137,17.96,79,15,0
31.18000031,18.96,78,9.2,1
33.15999985,19.96,78,16.1,0
34.29999924,20.96,77,17.2,1
35.86999893,21.96,77,10.3,0
34.65000153,22.96,77,17.2,1
34.22999954,10.1,77,13.9,0
34.43999863,11.1,77,12.8,1
34.04999924,12.1,77,12.8,0
33.70000076,13.1,77,17.2,0
34.15999985,14.1,77,16.1,1
34.22999954,15.1,77,21.9,0
34.93999863,16.1,77,21.9,1
35.31999969,17.1,77,18.3,0
34.84000015,18.1,77,16.1,1
34.90999985,19.1,77,13.9,0
35.09000015,20.1,11,12.8,1
34.43000031,21.1,77,18.3,0
33.90999985,11.25,77,23,1
36.24000168,12.25,77,11.4,0
37.65999985,13.25,77,10.3,0
37.27999878,14.25,77,13.9,1
34.86000061,15.25,76,11.4,0
31.78000069,16.25,76,9.2,1
34.02999878,17.25,76,13.9,0
34.31000137,18.25,76,16.1,1
36.52000046,19.25,76,8.1,0
36.65000153,20.25,76,13.9,1
37.75,21.25,77,9.2,0
36.65999985,22.25,77,12.8,1
37.34999847,23.25,77,8.1,0
36.68000031,9.65,77,15,0
37.88000107,10.65,77,12.8,1
38.79999924,11.65,77,13.9,0
38.24000168,12.65,77,11.4,1
35.65999985,13.65,78,13.9,0
34.95000076,14.65,98,9.2,1
31.93000031,15.65,80,9.2,0
30.29000092,16.65,73,13.9,1
30.38999939,17.65,73,13.9,0
31.95999908,18.65,73,10.3,1
32.58000183,19.65,73,11.4,0
33.13000107,20.65,73,12.8,0
32.72000122,21.65,73,10.3,1
31.57999992,12.79,73,6.9,0
31.54000092,13.79,73,17.2,1
30.17000008,14.79,73,13.9,0
31.15999985,15.79,73,15,1
35.25999832,16.79,73,13.9,0
34.25,17.79,73,16.1,1
33.29999924,18.79,73,15,0
32.47999954,19.79,72,10.3,1
34.90999985,20.79,72,18.3,0
31.05999947,21.79,72,8.1,0
27.94000053,22.79,72,53.5,1
30.59000015,12.85,72,11.4,0
33.02999878,13.85,72,12.8,1
34.22999954,14.85,72,10.3,0
34.49000168,15.85,72,9.2,1
34.81000137,16.85,72,11.4,0
34.00999832,17.85,72,11.4,1
32.22000122,18.85,72,15,0
34.34000015,19.85,73,12.8,1
34.86999893,20.85,72,12.8,0
32.11999893,21.85,72,13.9,0
32.20000076,22.85,72,11.4,1
31.56999969,14.63,72,10.3,0
31.40999985,15.63,72,9.2,1
32.27000046,16.63,72,13.9,0
31.37000084,17.63,72,15,1
30.60000038,18.63,72,20.8,0
30.70000076,19.63,72,10.4,1
30.54000092,20.63,72,16.1,0
29.64999962,21.63,72,10.3,1
28.10000038,14.64,72,9.2,0
28.42000008,15.64,72,8.1,0
28.82999992,16.64,72,9.2,1
29.22999954,17.64,72,8.1,0
28.86000061,18.64,72,10.3,1
30.60000038,19.64,72,10.3,0
30.62000084,20.64,72,10.3,1
30.69000053,21.64,72,11.4,0
30.26000023,22.64,72,10.3,1
29.37999916,14.68,72,10.3,0
29.32999992,15.68,72,11.4,1
29.44000053,16.68,72,6.9,0
32.00999832,17.68,72,16.1,0
32.88999939,18.68,72,13.9,1
30.54000092,19.68,72,9.2,0
32.63000107,20.68,72,10.3,1
31.53000069,21.68,72,10.3,0
31.97999954,22.68,72,13.9,1
31.43000031,10.59,72,10.3,0
31.10000038,11.59,72,11.4,1
31.54999924,12.59,72,13.9,0
31.72999954,13.59,72,11.4,1
30.76000023,14.59,72,9.2,0
31.62999916,15.59,72,9.2,0
30.45999908,16.59,71,8.1,1
30.04000092,17.59,71,13.9,0
30.36000061,18.59,71,9.2,1
30.87000084,19.59,72,10.3,0
30.89999962,5.69,72,11.4,1
31.88999939,6.69,71,11.4,0
31.65999985,7.69,71,10.3,1
31.48999977,8.69,71,10.3,0
29.57999992,9.69,71,13.9,1
31.53000069,10.69,71,10.3,0
31.84000015,11.69,71,34.4,0
32,12.69,71,13.9,1
31.87000084,13.69,71,9.2,0
31.48999977,14.69,71,11.4,1
31.86000061,15.69,71,11.4,0
31.96999931,16.69,71,9.2,1
31.81999969,17.69,72,8.1,0
31.67000008,18.69,72,11.4,1
31.62999916,19.69,71,17.2,0
31.54000092,20.69,72,13.9,1
32.00999832,21.69,71,12.8,0
32.09999847,12.33,71,11.4,0
31.95999908,13.33,71,65.5,1
31.55999947,14.33,71,9.2,0
31.31999969,15.33,71,8.1,1
31.34000015,16.33,72,8.1,0
31.61000061,17.33,71,10.3,1
31.64999962,18.33,71,9.2,0
31.86000061,19.33,71,5.8,1
32.38999939,20.33,71,9.2,0
32.20000076,21.33,71,8.1,1
32.36999893,22.33,71,8.1,0
32.38000107,23.33,71,9.2,0
32.45999908,10.24,71,13.9,1
32.27999878,11.24,71,9.2,0
31.92000008,12.24,72,6.9,1
31.82999992,13.24,71,8.1,0
31.75,14.24,72,13.9,1
31.80999947,15.24,72,9.2,0
31.87999916,16.24,72,15,1
31.5,17.24,71,6.9,0
31.97999954,18.24,71,11.4,1
32.11000061,19.24,71,8.1,0
32.43999863,20.24,71,8.1,0
30.28000069,12.56,70,8.1,1
31.71999931,13.56,71,8.1,0
32.33000183,14.56,70,8.1,1
32.52000046,15.56,70,8.1,0
32.81999969,16.56,69,8.1,1
32.49000168,17.56,69,4.7,0
31.54999924,18.56,70,6.9,1
28.60000038,19.56,70,9.2,0
29.03000069,20.56,69,11.4,1
27.02000046,21.56,70,11.4,0
28.52000046,22.56,70,8.1,0
30.96999931,9.58,70,10.3,1
30.60000038,10.58,69,6.9,0
30.54000092,11.58,69,6.9,1
30.65999985,12.58,69,8.1,0
30.52000046,13.58,70,5.8,1
32.33000183,14.58,70,8.1,0
33.09999847,15.58,69,6.9,1
33.09000015,16.58,69,5.8,0
32.36000061,17.58,69,8.1,1
32.09000015,18.58,69,8.1,0
31.29000092,19.58,69,6.9,0
30.45000076,20.58,69,5.8,1
31.45000076,21.58,69,6.9,0
31.71999931,8.94,69,5.8,1
30.62000084,9.94,69,6.9,0
31.06999969,10.94,69,6.9,1
31.09000015,11.94,69,8.1,0
31.17000008,12.94,70,8.1,1
31.11000061,13.94,69,11.4,0
31.12000084,14.94,69,6.9,1
31.70999908,15.94,69,5.8,0
32.54999924,16.94,69,4.7,0
31.70999908,17.94,70,6.9,1
30.44000053,18.94,70,10.3,0
29.82999992,19.94,69,8.1,1
30.35000038,20.94,69,5.8,0
30.46999931,21.94,69,8.1,1
29.86000061,22.94,69,4.7,0
28.64999962,23.94,70,9.2,1
27.46999931,7.56,69,11.4,0
27.85000038,8.56,69,8.1,1
28.94000053,9.56,69,6.9,0
29.51000023,10.56,69,4.7,0
29.71999931,11.56,69,5.8,1
29.25,12.56,69,5.8,0
29.19000053,13.56,69,9.2,1
29.78000069,14.56,69,9.2,0
29.01000023,15.56,70,6.9,1
29.45000076,16.56,70,5.8,0
29.32999992,17.56,70,6.9,1
29.75,18.56,70,10.3,0
29.37000084,19.56,70,8.1,1
29.43000031,20.56,70,8.1,0
28.38999939,21.56,70,8.1,0
28.76000023,22.56,70,5.8,1
29.65999985,23.56,70,8.1,0
30.42000008,10.63,69,4.7,1
28.96999931,11.63,69,5.8,0
27.61000061,12.63,69,8.1,1
27.14999962,13.63,69,8.1,0
27.29999924,14.63,69,8.1,1
26.89999962,15.63,69,8.1,0
27.20999908,16.63,70,10.3,1
27.31999969,17.63,70,8.1,0
27.51000023,18.63,69,6.9,0
27.88999939,19.63,69,8.1,1
27.71999931,20.63,69,8.1,0
28.25,21.63,69,8.1,1
28.35000038,22.63,69,9.2,0
28.5,11.65,69,9.2,1
27.87000084,12.65,70,6.9,0
28.02000046,13.65,70,9.2,1
25.87999916,14.65,70,12.8,0
26.30999947,15.65,70,11.4,1
26.37000084,16.65,71,10.3,0
25.94000053,17.65,70,12.8,0
26.11000061,18.65,70,13.9,1
26.38999939,19.65,70,11.4,0
27.57999992,20.65,70,9.2,1
27.62999916,21.65,70,11.4,0
27.40999985,22.65,70,8.1,1
27.55999947,12.56,71,9.2,0
27.98999977,13.56,71,9.2,1
28.55999947,14.56,71,6.9,0
28.62999916,15.56,71,9.2,1
28.18000031,16.56,71,10.3,0
27.01000023,17.56,71,13.9,0
26.96999931,18.56,71,10.3,1
27.04999924,19.56,71,12.8,0
26.77000046,20.56,71,13.9,1
26.32999992,21.56,71,9.2,0
28.93000031,22.56,71,9.2,1
27.20999908,10.23,70,6.9,0
27.18000031,11.23,70,9.2,1
24.75,12.23,70,11.4,0
24.12000084,13.23,70,8.1,1
24.54999924,14.23,71,9.2,0
25.05999947,15.23,71,9.2,0
26.12000084,16.23,72,6.9,1
25.17000008,17.23,71,8.1,0
25.37000084,18.23,70,10.3,1
27.29999924,19.23,70,9.2,0
27.5,20.23,69,8.1,1
26.85000038,21.23,70,5.8,0
27.12000084,12.87,70,10.3,1
27.70999908,13.87,70,11.4,0
26.76000023,14.87,70,6.9,1
23.73999977,15.87,70,6.9,0
23.11000061,16.87,70,8.1,0
21.17000008,17.87,70,8.1,1
22.47999954,18.87,70,5.8,0
25.01000023,19.87,70,5.8,1
23.48999977,20.87,70,5.8,0
22.79000092,21.87,71,6.9,1
21.29999924,22.87,71,9.2,0
22.97999954,13.58,71,10.3,1
22.48999977,14.58,70,12.8,0
23.67000008,15.58,70,9.2,1
25.63999939,16.58,69,13.9,0
26.35000038,17.58,69,10.3,0
27.12999916,18.58,69,10.3,1
26.72999954,19.58,69,5.8,0
26.03000069,20.58,69,8.1,1
21.95000076,21.58,69,10.3,0
24.44000053,22.58,69,8.1,1
25.40999985,10.89,69,11.4,0
26.36000061,11.89,69,6.9,1
28.38999939,12.89,69,6.9,0
28.85000038,13.89,69,12.8,1
27.71999931,14.89,69,12.8,0
27.79000092,15.89,69,13.9,0
27.90999985,16.89,69,12.8,1
27.51000023,17.89,69,11.4,0
29.29000092,18.89,69,10.3,1
30.29999924,19.89,69,6.9,0
30.57999992,20.89,69,10.3,1
30.86000061,15.68,69,11.4,0
31.38999939,16.68,69,9.2,1
32.15000153,17.68,69,9.2,0
32.77999878,18.68,69,9.2,1
33.25999832,19.68,69,8.1,0
33.09000015,20.68,69,6.9,0
30.06999969,21.68,69,6.9,1
30.43000031,22.68,69,12.8,0
32.00999832,13.68,69,9.2,1
33.38000107,14.68,69,25.3,0
33.25,15.68,69,16.1,1
32.97999954,12.96,70,13.9,0
32.29000092,13.96,69,11.4,1
32.77999878,14.96,69,11.4,0
31.79000092,15.98,69,8.1,1
32.11000061,16.98,69,6.9,0
32.68000031,17.98,69,11.4,0
33.65999985,18.96,69,9.2,1
32.90999985,19.96,69,8.1,0
32.45999908,20.96,69,13.9,1
33.54000092,21.96,69,8.1,0
33.47999954,22.96,69,8.1,1
34.18000031,23.96,69,15,0
33.11999893,24.96,69,8.1,1
32.00999832,25.96,69,8.1,0
33.34999847,10.8,69,12.8,1
34.34999847,11.8,69,17.2,0
35.36000061,12.8,69,15,0
35.72999954,13.8,69,11.4,1
35,14.8,69,17.2,0
34.18000031,15.8,69,9.2,1
34.36999893,16.8,69,9.2,0
34.00999832,17.8,75,11.4,1
34.16999817,18.8,73,11.4,0
34.40999985,19.8,73,15.9,1
34.38000107,20.8,73,9.2,0
33.65999985,21.8,73,8.1,1
33.95000076,22.8,73,6.9,0
33.75,4.2,72,19.7,0
33.54999924,5.2,73,9.2,1
33.97000122,6.2,72,8.1,0
34.47999954,7.2,71,15,1
33.65999985,8.2,71,11.4,0
33.84999847,9.2,71,17.2,1
33.77999878,10.2,69,18.3,0
34.40999985,6.1,69,13.9,1
34.25999832,7.1,69,16.1,0
34.13000107,8.1,70,16.1,1
34.06999969,9.1,70,28.9,0
34.00999832,10.1,69,21.9,0
33.70000076,11.1,69,12.8,1
34.86999893,12.1,71,123.3,0
33.90000153,13.1,70,17.2,1
34.66999817,14.1,71,16.1,0
34.43999863,13.8,71,13.9,1
34.77999878,14.8,71,10.3,0
34.83000183,15.8,71,13.9,1
34.86999893,16.8,70,13.9,0
35.11999893,17.8,70,16.1,1
35.24000168,18.8,69,17.2,0
35.59000015,19.8,69,9.2,0
35.38000107,20.8,69,11.4,1
35.38999939,21.8,69,11.4,0
35.27999878,22.8,69,10.3,1
23.8,23.8,69,17.2,0
23.8,23.8,69,9.2,1
23.8,23.8,69,9.2,0
23.8,23.8,69,10.3,1
23.8,23.8,69,13.9,0
23.8,23.8,69,23,1
23.8,23.8,69,16.1,0
23.8,23.8,68,18.3,0
23.8,23.8,68,18.3,1
23.8,23.8,67,18.3,0
23.8,23.8,68,19.7,1
23.8,23.8,69,15,0
23.8,23.8,68,16.1,1
23.8,23.8,69,19.7,0
23.8,23.8,69,13.9,1
23.8,23.8,69,15,0
23.8,23.8,69,12.8,1
23.8,23.8,69,13.9,0
23.8,23.8,70,15,0
23.8,23.8,69,18.3,1
23.8,23.8,69,17.2,0
23.8,23.8,69,17.2,1
23.8,23.8,69,16.1,0
23.8,23.8,69,13.9,1
23.8,23.8,69,15,0
23.8,23.8,69,15,1
23.8,23.8,69,15,0
23.8,23.8,69,15,1
23.8,23.8,69,13.9,0
23.8,23.8,69,16.1,0
23.8,23.8,69,12.8,1
23.8,23.8,69,17.2,0
23.8,23.8,69,17.2,1
23.8,23.4,69,16.1,0
23.8,23.4,69,26.4,1
23.8,23.4,69,13.9,0
23.8,23.4,69,16.1,1
23.8,23.4,70,13.9,0
23,23,77,13.9,1
23,23,77,17.2,0
23,23,76,16.1,0
23.4,23,75,13.9,1
23.4,23,75,18.3,0
23.4,23,74,11.4,1
23.4,23,74,13.9,0
23.4,23,74,13.9,1
23.4,23,75,9.2,0
23.8,23,74,9.2,1
23.8,23,74,9.2,0
23.8,23,73,11.4,1
23.8,23,74,13.9,0
23.8,23,74,13.9,0
23.8,23,75,17.2,1
23.8,23,75,9.2,0
23.8,23,75,9.2,1
23.8,23,75,17.2,0
23.8,23,75,17.2,1
23.8,23,74,11.4,0
24.1,23,75,17.2,1
24.1,23,75,9.3,0
21,21,69,9.2,1
21,21,69,12.8,0
21,21,70,17.2,0
21,21,70,16.1,1
21,21,70,12.8,0
21,21,69,17.2,1
21,21,69,18.3,0
21,21,69,15,1
21,21,69,11.4,0
21,21,69,11.4,1
21,21,69,8.1,0
21,21,68,11.4,1
21,21,69,10.3,0
21,21,69,11.4,0
21,21,69,9.2,1
21,21,68,10.3,0
21,21,70,13.9,1
21,21,70,13.9,0
21,21,69,16.1,1
21,21,69,19.7,0
21.4,21,69,13.9,1
21.4,21,69,17.2,0
21.4,21,69,15,1
21.4,21,67,13.9,0
21.4,21,66,13.9,0
21.4,21,66,10.3,1
21.4,21,68,11.4,0
21.4,21,68,11.4,1
21.4,21,67,10.3,0
21.4,21,66,12.8,1
21.4,21,66,13.9,0
21.4,21,66,15,1
21.4,21,66,16.1,0
21.4,21,67,17.2,1
21.4,21,68,11.4,0
21.4,21,68,10.3,0
21.4,21,67,9.2,1
21.4,21,66,10.3,0
21.4,21,65,13.9,1
21.4,21,64,17.2,0
20.6,20.6,70,13.9,1
20.6,20.6,70,10.3,0
20.6,20.6,70,11.4,1
20.6,20.6,70,11.4,0
20.6,20.6,70,8.1,1
20.6,20.6,70,6.9,0
20.6,20.6,70,9.2,0
20.6,20.6,70,15,1
20.6,20.6,70,16.1,0
21,20.6,69,12.8,1
21,20.6,69,10.3,0
21,20.6,69,6.9,1
21,20.6,69,9.2,0
21,20.6,68,8.1,1
21,20.6,69,11.4,0
21,20.6,70,13.9,1
21,20.6,70,13.9,0
21,20.6,70,9.2,0
21,20.6,70,9.2,1
21,20.6,70,12.8,0
21,20.6,69,16.1,1
21,20.6,70,10.3,0
21,20.6,69,10.3,1
21,20.6,69,10.3,0
21,20.6,69,15,1
21,20.6,69,6.9,0
21,20.6,69,10.3,1
21,20.6,69,12.8,0
21,20.6,69,11.4,0
21,20.6,69,10.3,1
21,20.6,69,9.2,0
21,20.6,69,8.1,1
20.2,20.2,69,9.2,0
20.2,20.2,69,9.2,1
20.2,20.2,69,17.2,0
20.2,20.2,69,10.3,1
20.2,20.2,69,11.4,0
20.6,20.2,69,12.8,1
20.6,20.2,69,12.8,0
20.6,20.2,69,12.8,0
20.6,20.2,69,9.2,1
20.6,20.2,69,13.9,0
20.6,20.2,69,8.1,1
20.6,20.2,69,8.1,0
20.6,20.2,70,13.9,1
20.6,20.2,71.56,15,0
20.6,20.2,72.56,13.9,1
18.2,18.2,73.56,9.2,0
18.2,18.2,74.56,12.8,1
18.2,18.2,75.56,9.2,0
18.6,18.2,76.56,11.4,0
18.6,18.2,77.56,9.2,1
19.6,1000,78.56,13.9,0
20.6,1000,79.56,11.4,1
21.6,1000,80.56,10.3,0
19.4,19.4,68,11.4,1
19.4,19.4,65,12.8,0
19.4,19.4,65,6.9,1
19.4,19.4,65,7.2,0
19.8,19.4,65,6.9,1
19.8,19.4,65,16.1,0
19.8,19.4,64,6.9,0
19.8,19.4,65,10.3,1
19.8,19.4,65,9.2,0
19.8,19.4,64,8.1,1
19.8,19.4,65,12.8,0
19.8,19.4,64,11.4,1
20.2,19.4,64,12.8,0
20.2,19.4,64,10.3,1
20.2,19.4,63,10.3,0
20.2,19.4,63,10.3,1
20.2,19.4,64,8.1,0
20.2,19.4,64,8.1,0
20.2,19.4,63,9.2,1
20.2,19.4,63,6.9,0
20.2,19.4,63,6.9,1
20.2,19.4,63,46.1,0
20.2,19.4,63,6.9,1
20.2,20.2,71,9.2,0
20.2,20.2,71,5.8,1
20.2,20.2,70,5.8,0
20.2,20.2,70,6.9,1
20.3,20.2,70,6.9,0
20.6,20.2,71,8.1,0
20.2,20.2,71,8.1,1
20.2,20.2,71,8.1,0
20.2,20.2,71,9.2,1
20.2,20.2,71,10.3,0
20.2,20.2,71,8.1,1
20.2,20.2,71,8.1,0
20.2,20.2,71,9.2,1
20.6,20.2,71,8.1,0
20.6,20.2,71,8.1,1
20.6,20.2,71,8.1,0
20.6,20.2,71,8.1,0
20.6,20.2,71,9.2,1
20.6,20.2,71,9.2,0
20.6,20.2,71,8.1,1
20.6,20.2,71,8.1,0
20.6,20.2,71,9.2,1
18.2,18.2,72,10.3,0
18.2,18.2,72,9.2,1
18.2,18.2,72,17.2,0
18.2,18.2,71,18.3,1
18.2,18.2,71,9.2,0
18.2,18.2,70,8.1,0
18.2,18.2,72,6.9,1
18.3,18.2,71,6.9,0
18.6,18.2,71,5.8,1
18.6,18.2,70,6.9,0
18.6,18.2,70,8.1,1
18.6,18.2,70,6.9,0
18.6,18.2,66,9.2,1
18.6,18.2,70,5.8,0
19.8,19.8,70,9.2,1
19.8,19.8,70,8.1,0
19.8,19.8,70,4.7,0
19.8,19.8,70,5.8,1
19.8,19.8,70,6.9,0
20.2,19.8,70,5.8,1
20.2,19.8,70,6.9,0
20.2,19.8,70,6.9,1
20.2,19.8,70,5.8,0
20.2,19.8,70,6.9,1
20.2,19.8,70,9.2,0
20.2,19.8,70,9.2,1
20.2,19.8,69,8.1,0
20.2,19.8,69,9.2,0
20.2,19.8,69,8.1,1
20.2,19.8,69,6.9,0
20.2,19.8,69,5.8,1
20.2,19.8,69,8.1,0
20.2,19.8,69,9.2,1
20.2,19.8,69,5.8,0
20.2,19.8,70,5.8,1
20.2,19.8,69,4.7,0
21.8,21.8,73,5.8,1
21.8,21.8,73,5.8,0
21.8,21.8,73,6.9,0
21.8,21.8,73,8.1,1
21.8,21.8,73,8.1,0
21.8,21.8,73,11.4,1
21.8,21.8,73,8.1,0
22.2,21.8,73,6.9,1
22.2,21.8,73,8.1,0
22.2,21.8,73,8.1,1
22.2,21.8,72,9.2,0
22.2,21.8,73,9.2,1
22.2,21.8,73,5.8,0
22.2,21.8,73,9.2,0
21.8,21.8,73,6.9,1
21.8,21.8,74,9.2,0
21.8,21.8,75,9.2,1
21.8,21.8,76,9.2,0
-1000,1000,77,5.8,1
-1000,1000,78,6.9,0
22.2,22.2,76,8.1,1
22.2,22.2,76,12.8,0
22.2,22.2,76,6.9,1
22.2,22.2,75,8.1,0
-1000,1000,76,9.2,0
22.6,22.6,73,9.2,1
22.6,22.6,73,9.2,0
22.6,22.6,73,5.8,1
22.6,22.6,73,11.4,0
22.6,22.6,73,9.2,1
22.6,22.6,73,11.4,0
22.6,22.6,73,8.1,1
22.6,22.6,73,5.8,0
22.7,22.6,72,6.9,1
22.7,22.6,73,5.8,0
22.7,22.6,73,6.9,0
22.7,22.6,73,5.8,1
22.7,22.6,73,9.2,0
22.7,22.6,73,9.2,1
22.7,22.6,72,8.1,0
22.7,22.6,72,5.8,1
22.7,22.6,72,5.8,0
22.7,22.6,72,11.4,1
20.6,20.6,78,8.1,0
26.2,26.2,59,8.1,1
26.2,26.2,59,9.2,0
24.8,24.8,59,5.8,0
24.8,24.8,59,8.1,1
24.5,24.5,59,6.9,0
25.3,25.3,58,11.4,1
26.2,26.2,58,9.2,0
26.2,26.2,58,10.3,1
26.2,26.2,58,9.2,0
22.2,22.2,73,8.1,1
22.2,22.2,73,5.8,0
22.3,22.2,74,9.2,1
22.2,22.2,86,6.9,0
22.2,22.2,87,5.8,0
22.2,22.2,88,10.3,1
22.2,22.2,86,8.1,0
22.2,22.2,85,9.2,1
22.2,22.2,85,10.3,0
22.2,22.2,86,9.2,1
22.6,22.2,86,8.1,0
22.6,22.2,86,11.4,1
22.6,22.2,85,5.8,0
22.6,22.2,85,6.9,1
22.6,22.2,85,6.9,0
22.6,22.6,85,9.2,0
22.6,22.6,85,9.2,1
22.6,22.6,85,4.7,0
22.6,22.6,85,9.2,1
22.6,22.6,84,8.1,0
22.7,22.6,84,10.3,1
23,22.6,83,10.3,0
23,22.6,82,8.1,1
21.8,21.8,88,9.2,0
21.8,21.8,88,8.1,1
21.8,21.8,88,9.2,0
22.2,21.8,88,6.9,0
22.2,21.8,88,5.8,1
22.2,21.8,89,9.2,0
22.2,21.8,88,11.4,1
22.2,21.8,87,11.4,0
22.6,21.8,87,13.9,1
22.6,21.8,88,9.2,0
22.6,21.8,88,8.1,1
22.6,22.6,87,9.2,0
22.6,22.6,86,6.9,1
22.6,22.6,86,9.2,0
22.6,22.6,86,8.1,0
22.6,22.6,86,5.8,1
22.6,22.6,85,18.3,0
22.6,22.6,85,11.4,1
22.6,22.6,86,6.9,0
22.6,22.6,86,5.8,1
22.6,22.6,86,8.1,0
22.6,22.6,86,15,1
22.6,22.6,86,11.4,0
22.6,22.6,85,12.8,1
22.6,22.6,86,12.8,0
22.6,22.6,86,16.1,0
22.6,22.6,85,8.1,1
22.6,22.6,82,6.9,0
22.6,22.6,82,9.2,1
22.6,22.6,84,8.1,0
22.6,22.6,84,8.1,1
22.6,22.6,85,10.3,0
22.6,22.6,85,8.1,1
22.6,22.6,85,9.2,0
22.6,22.6,85,11.4,1
22.6,22.6,85,12.8,0
22.6,22.6,85,69.1,0
22.6,22.6,85,9.2,1
22.6,22.6,85,8.1,0
22.6,22.6,85,9.2,1
22.6,22.6,85,16.1,0
22.6,22.6,85,12.4,1
22.6,22.6,85,10.3,0
22.6,22.6,84,13.9,1
22.6,22.6,84,26.7,0
22.6,22.6,85,9.2,1
22.6,22.6,85,11.4,0
22.6,22.6,84,11.4,0
22.6,22.6,84,13.9,1
22.6,22.6,84,9.2,0
22.6,22.6,82,13.9,1
22.6,22.6,84,19.7,0
22.6,22.6,85,17.2,1
21,21,75,16.1,0
21,21,77,17.2,1
21.1,21,77,10.3,0
21.4,21,77,12.8,1
21.4,21,76,12.8,0
21.4,21,76,11.4,0
21.4,21,76,11.4,1
21.4,21,76,8.1,0
21.4,21,76,10.3,1
21.4,21,76,11.4,0
21.4,21,76,11.4,1
21.4,21,76,15,0
21.4,21,75,6.9,1
21.4,21,75,5.8,0
21.4,21,76,12.8,1
21.8,21,77,15,0
21.8,21,77,17.2,0
21.8,21,76,18.3,1
21.8,21,75,11.4,0
21.8,21,74,9.2,1
21.8,21,74,11.4,0
21.8,21,74,10.3,1
21.8,21,74,8.1,0
21.8,21,74,13.9,1
21.8,21,74,20.8,0
21.8,21,74,17.2,1
21.8,21,74,16.1,0
21.8,21,74,15,0
21.8,21,75,12.8,1
21.8,21,75,11.4,0
21.8,21,74,45.7,1
21.8,21,74,11.4,0
21.8,21,74,4.7,1
21.8,21,74,10.3,0
21.8,21,75,18.3,1
21.8,21,75,23,0
21.8,21,74,21.9,1
21.8,21,74,23,0
21.8,21,74,9.2,0
21.8,21,74,8.1,1
21.8,21,74,10.3,0
21.8,21,74,9,1
21.8,21,74,11.4,0
21.8,21,73,16.1,1
22.2,21,73,10.3,0
22.2,21,74,13.9,1
22.2,21,74,13.9,0
22.2,21,74,11.4,1
22.2,21,74,15,0
22.2,21,74,10.3,0
22.2,21,74,10.3,1
22.2,21,74,11.4,0
22.2,21,74,9.2,1
22.2,21,74,10.3,0
22.2,21,74,6.9,1
22.2,21,74,8.1,0
22.2,21,74,11.4,1
22.2,21,74,9.2,0
22.2,21,74,9.2,1
22.2,21,74,9.2,0
22.2,21,74,11.4,0
22.6,22.6,72,11.4,1
22.6,22.6,73,12.8,0
22.6,22.6,73,12.8,1
22.6,22.6,72,10.3,0
22.6,22.6,72,11.4,1
22.6,22.6,72,15,0
22.6,22.6,72,18.3,1
22.6,22.6,72,15,0
22.6,22.6,72,10.6,1
22.6,22.6,73,8.1,0
22.6,22.6,73,10.3,0
22.6,22.6,72,12.8,1
22.6,22.6,73,11.4,0
22.6,22.6,73,9.2,1
22.6,22.6,73,10.3,0
22.6,22.6,73,9.2,1
22.6,22.6,73,10.3,0
22.6,22.6,73,6.9,1
22.6,22.6,73,11.4,0
22.6,22.6,73,65.2,1
22.6,22.6,73,16.1,0
22.6,22.6,73,13.9,0
22.6,22.6,73,13.9,1
22.6,22.6,73,8.1,0
23,23,74,12.8,1
23,23,74,11.4,0
23,23,74,55.9,1
23,23,74,11.4,0
23,23,73,15,1
23,23,73,18.3,0
23,23,73,13.9,1
23,23,73,10.3,0
23,23,73,6.9,0
23,23,73,6.9,1
23,23,73,9.2,0
23,23,73,10.3,1
23,22.7,73,8.1,0
23,22.7,74,6.9,1
23,22.7,74,8.1,0
23,22.7,73,9.2,1
23,22.6,73,8.1,0
23,22.6,74,9.2,1
23,22.6,74,9.2,0
23,22.6,73,6.9,0
23,22.6,73,6.9,1
23,22.6,73,11.4,0
23,22.6,76,16.7,1
23,22.6,74,9.2,0
23,22.6,73,9.2,1
23,22.6,73,8.1,0
23,22.6,73,9.2,1
23,22.6,73,11.4,0
23,22.6,73,8.1,1
23,22.6,73,11.4,0
23,22.6,73,12.8,0
23,22.6,73,13.9,1
23,22.6,73,15,0
23,22.6,73,11.4,1
23,22.6,73,6.9,0
23,22.6,73,13.9,1
23,22.6,73,15,0
23,22.6,72,13.9,1
23,22.6,72,11.4,0
23,22.6,72,10.3,1
23,22.6,73,8.1,0
23.4,22.6,73,6.9,0
23.4,22.6,73,17.2,1
23.4,22.6,72,13.9,0
23.4,22.6,72,13.9,1
23.4,22.6,73,9.2,0
23.4,22.6,73,11.4,1
23.4,22.6,72,9.2,0
23.4,23.4,72,9.2,1
24.1,24.1,71,11.4,0
24.1,24.1,72,6.3,1
24.1,24.1,72,9.2,0
24.5,24.1,72,6.9,0
24.5,24.1,71,10.3,1
24.6,24.1,71,12.8,0
24.8,24.1,69,13.9,1
24.8,24.1,70,11.4,0
24.8,24.1,69,9.2,1
24.8,24.1,69,10.3,0
24.8,24.1,70,10.3,1
24.8,24.1,70,8.1,0
24.8,24.1,69,8.1,1
24.8,24.1,69,11.4,0
24.8,24.1,69,6.9,0
24.8,24.1,70,12.8,1
24.8,24.1,70,12.8,0
24.8,24.1,69,9.2,1
24.8,24.1,70,6.9,0
24.8,24.1,70,10.3,1
25.3,24.1,70,10.3,0
25.3,24.1,70,9.2,1
25.3,24.1,70,9.2,0
25.3,24.1,69,9.2,1
25.3,24.1,69,11.4,0
25.3,24.1,69,8.1,0
25.3,24.1,70,6.9,1
25.3,24.1,70,4.7,0
25.3,24.1,70,6.9,1
25.3,24.1,71,8.1,0
25.3,24.1,70,9.2,1
25.3,24.1,70,9.2,0
25.3,24.1,69,6.9,1
25.3,24.1,69,9.2,0
25.3,24.1,70,12.8,1
25.3,24.1,69,15,0
25.3,24.1,70,11.4,0
25.3,24.1,69,4.7,1
25.3,24.1,69,5.8,0
25.3,24.1,69,5.8,1
25.3,24.1,69,8.1,0
25.3,24.1,69,6.9,1
25.3,24.1,69,8.1,0
25.8,24.1,69,9.2,1
25.8,24.1,69,9.2,0
25.8,24.1,69,9.2,1
25.8,24.1,69,6.9,0
25.8,24.1,69,6.9,0
25.8,24.1,69,6.9,1
25.8,24.1,69,9.2,0
25.8,24.1,69,11.4,1
25.8,24.1,69,11.4,0
25.8,24.1,69,11.4,1
25.8,24.1,69,9.2,0
25.8,24.1,70,5.8,1
25.8,24.1,69,8.1,0
25.8,24.1,69,6.9,1
25.8,24.1,69,6.9,0
25.8,24.1,70,8.1,0
25.8,24.1,69,10.3,1
25.8,24.1,69,6.9,0
25.8,24.1,69,6.9,1
26.8,1000,70,9.2,0
27.8,1000,71,8.1,1
23,23,77,11.4,0
23.4,23,77,5.8,1
23.4,23,76,6.9,0
23.4,23,75,10.3,1
23.4,23,75,6.9,0
23.4,23,75,8.1,0
23.4,23,75,6.9,1
23.4,23,75,9.2,0
23.4,23,75,11.4,1
23.4,23,75,9.2,0
23.4,23,75,10.3,1
23.4,22.7,75,12.8,0
23.4,22.6,75,9.2,1
23.4,22.6,76,8.1,0
23.4,22.6,76,4.7,1
23.4,22.6,75,8.1,0
23.4,22.6,75,5.8,0
23.4,22.6,75,9.2,1
23.4,22.6,75,11.4,0
23.4,22.6,75,9.2,1
23.4,22.6,75,6.9,0
23.4,22.6,75,8.1,1
23.4,22.6,75,5.8,0
23.4,22.6,75,9.2,1
23.4,22.6,76,10.3,0
23.4,22.6,76,8.1,1
23.4,22.6,76,8.1,0
23.4,22.6,75,6.9,0
23.4,22.6,75,6.9,1
23.4,22.6,76,3.4,0
23.4,22.6,76,4.7,1
23.4,22.6,76,4.6,0
23.4,22.6,75,4.7,1
23.4,22.6,75,5.8,0
23.4,22.6,75,4.7,1
23.4,22.6,75,4.7,0
23.4,22.6,75,5.8,1
23.4,22.6,75,4.7,0
23.4,22.6,75,9.2,0
23.4,22.6,75,9.2,1
23.4,22.6,75,8.1,0
23.4,22.6,76,8.1,1
23.4,22.6,76,9.2,0
23.4,22.6,76,9.2,1
23.4,22.6,75,11.4,0
23.4,22.6,77,4.7,1
23.4,22.6,76,5.8,0
23.4,22.6,77,3.4,1
23.4,22.6,75,3.4,0
23.4,22.6,75,4.7,0
23.4,22.6,74,4.7,1
23.4,22.6,74,3.4,0
23.4,22.6,73,6.9,1
23.4,22.6,74,4.7,0
23.4,22.6,73,4.7,1
23.4,22.6,75,3.4,0
23.8,22.6,74,6.4,1
23.8,22.6,74,8.1,0
23.8,22.6,74,6.9,1
23.8,22.6,74,5.8,0
23.8,22.6,73,4.7,0
23.8,22.6,73,9.2,1
23.8,22.6,73,5.8,0
24.1,22.6,73,5.8,1
24.1,22.6,73,4.7,0
24.1,22.6,73,9.2,1
24.1,22.6,73,4.7,0
24.1,22.6,73,6.9,1
24.1,22.6,73,6.9,0
24.1,22.6,73,6.9,1
24.1,22.6,73,10.3,0
24.1,22.6,73,4.7,0
24.1,22.6,73,4.7,1
24.1,22.6,73,6.9,0
24.1,22.6,73,6.9,1
24.1,22.6,73,3.4,0
24.1,22.6,73,4.7,1
24.1,22.6,73,10.3,0
24.1,22.6,73,5.8,1
24.1,22.6,73,5.8,0
24.1,22.6,73,5.8,1
24.1,22.6,73,3.4,0
24.1,22.6,73,4.7,0
24.1,22.6,73,6.9,1
24.1,22.6,73,10.3,0
24.1,22.6,73,8.1,1
24.1,22.6,73,5.8,0
24.1,22.6,73,6.9,1
24.1,22.6,73,9.2,0
24.1,22.6,73,6.9,1
24.1,22.6,73,6.9,0
24.1,22.6,73,8.1,1
24.1,22.6,72,6.9,0
24.1,22.6,72,5.8,0
24.1,22.6,72,8.1,1
24.1,22.6,72,11.4,0
24.1,22.6,72,9.2,1
24.1,22.6,72,5.8,0
23.4,23.4,77,6.9,1
23.4,23.4,77,5.8,0
23.8,23.4,77,6.9,1
23.8,23.4,77,3.4,0
23.8,23.4,76,5.8,1
23.8,23.4,76,6.9,0
23.8,23.4,77,3.8,0
24.1,23.4,76,13.9,1
24.1,23.4,75,5.8,0
24.1,23.4,75,9.2,1
24.1,23.4,75,9.2,0
24.1,23.4,75,6.9,1
24.1,23.4,75,6.9,0
24.1,23.4,74,9.2,1
24.1,23.4,74,8.1,0
24.1,23.4,74,9.2,1
24.1,23.4,74,8.1,0
24.1,23.4,74,11.4,0
24.1,23.4,74,9.2,1
24.1,23.4,74,9.2,0
24.1,23.4,74,6.9,1
24.1,23.4,74,10.3,0
24.1,23.4,74,8.1,1
24.1,23.4,74,8.1,0
24.1,23.4,75,9.2,1
24.1,23.4,75,5.8,0
24.1,23.4,74,10.3,1
24.1,23.4,74,11.4,0
24.1,23.4,75,9.2,0
24.1,23.4,75,5.8,1
24.1,23.4,75,4.7,0
24.1,23.4,74,20.8,1
24.1,23.4,76,6.9,0
24.1,23.4,76,6.9,1
24.1,23.4,76,11.4,0
24.1,23.4,76,5.8,1
24.1,23.4,76,12.8,0
24.1,23.4,75,10.3,1
24.1,23.4,75,5.8,0
24.1,23.4,74,5.8,0
24.1,23.4,74,6.9,1
24.1,23.4,74,8.1,0
24.1,23.4,74,9.2,1
24.1,23.4,74,10.3,0
24.2,23.4,74,6.9,1
24.5,23.4,74,9.2,0
24.5,23.4,73,9.2,1
24.5,23.4,73,11.4,0
24.5,23.4,74,12.8,1
24.5,23.4,73,9.2,0
24.5,23.4,74,12.8,0
24.5,23.4,74,11.4,1
24.5,23.4,74,9.2,0
24.5,23.4,73,20.8,1
24.5,23.4,73,8.1,0
24.5,23.4,73,13.9,1
24.5,23.4,74,13.9,0
24.5,23.4,75,17.2,1
24.5,23.4,75,16.1,0
24.5,23.4,76,11.4,1
24.5,23.4,75,11.4,0
24.5,23.4,75,9.2,0
24.5,23.4,75,11.4,1
24.5,23.4,75,13.9,0
24.5,23.4,77,11.4,1
24.5,23.4,77,13.9,0
24.5,23.4,76,13.9,1
24.5,23.4,75,13.9,0
24.5,23.4,74,11.4,1
24.5,23.4,75,16.1,0
24.5,23.4,75,16.1,1
24.5,23.4,76,13.9,0
18.6,18.6,74,8.1,0
18.6,18.6,74,10.3,1
18.6,18.6,74,11.4,0
18.6,18.6,73,13.9,1
18.6,18.6,73,11.4,0
18.6,18.6,73,12.8,1
18.6,18.6,73,11.4,0
18.6,18.6,73,17.2,1
18.6,18.6,73,10.3,0
18.6,18.6,73,19.7,1
18.6,18.6,73,16.1,0
18.6,18.6,73,8.1,0
18.6,18.6,73,13.9,1
18.6,18.6,73,6.9,0
18.6,18.6,73,16.1,1
18.6,18.6,73,9.2,0
18.6,18.6,72,23,1
18.6,18.6,72,16.1,0
18.6,18.6,72,13.9,1
18.6,18.6,72,23,0
18.6,18.6,73,17.2,1
18.6,18.6,73,5.8,0
18.6,18.6,73,11.4,0
19,18.6,73,11.4,1
19,18.6,73,11.4,0
19,18.6,73,23,1
19,18.6,73,9.2,0
19.8,19.8,84,10.3,1
19.8,19.8,86,9.2,0
19.8,19.8,86,11.4,1
19.8,19.8,86,9.2,0
19.8,19.8,85,11.4,1
20.2,19.8,85,16.1,0
20.2,19.8,84,23,0
20.2,19.8,84,23,1
20.2,19.8,84,17.2,0
20.2,19.8,85,12.8,1
20.2,19.8,83,17.2,0
20.2,19.8,82,11.4,1
20.2,19.8,82,19.7,0
20.2,19.8,82,16.1,1
20.2,19.8,82,13.9,0
20.2,19.8,82,11.4,1
20.2,19.8,82,23,0
20.2,19.8,82,16.1,0
20.2,19.8,82,17.2,1
20.2,19.8,81,18.3,0
20.2,19.8,81,8.1,1
20.2,19.8,81,9.2,0
20.2,19.8,81,10.3,1
20.2,19.8,81,11.4,0
20.2,19.8,81,12.8,1
20.2,19.8,81,16.1,0
20.2,19.8,80,9.2,1
20.2,19.8,80,11.4,0
20.2,19.8,80,10.3,0
20.2,19.8,81,9.2,1
20.2,19.8,80,9.2,0
20.2,19.8,80,11.4,1
20.2,19.8,81,8.1,0
20.2,19.8,81,8.1,1
20.2,19.8,81,10.3,0
20.2,19.8,81,11.4,1
20.2,19.8,81,12.8,0
20.2,19.8,81,10.3,1
20.2,19.8,81,13.9,0
20.2,19.8,81,13.9,0
20.2,19.8,81,13.9,1
20.2,19.8,82,16.1,0
20.2,19.8,82,10.3,1
20.2,19.8,81,17.2,0
20.2,19.8,81,9.2,1
20.3,19.8,82,6.9,0
20.6,19.8,82,8.1,1
20.6,19.8,82,10.3,0
20.6,19.8,82,9.5,1
20.6,19.8,82,6.9,0
20.6,19.8,82,9.2,0
20.6,19.8,82,9.2,1
20.6,19.8,82,11.4,0
20.6,19.8,81,13.9,1
20.6,19.8,80,15,0
20.6,19.8,80,16.1,1
20.6,19.8,80,10.3,0
20.6,19.8,80,36.8,1
20.6,19.8,80,18.3,0
20.6,19.8,80,15,1
20.6,19.8,80,9.2,0
20.6,19.8,80,11.4,0
20.6,19.8,80,6.9,1
20.6,19.8,79,13.9,0
20.6,19.8,79,11.4,1
20.6,19.8,79,11.4,0
20.6,19.8,79,6.9,1
20.6,19.8,79,13.9,0
20.6,19.8,80,11.4,1
20.6,19.8,80,11.4,0
20.6,19.8,80,17.2,1
20.6,19.8,80,17.2,0
20.6,19.8,80,10.3,0
20.6,19.8,80,11.4,1
20.6,19.8,80,5.8,0
20.6,19.8,79,9.2,1
20.6,19.8,79,6.9,0
20.6,19.8,80,8.1,1
20.6,19.8,79,6.7,0
20.6,19.8,79,9.2,1
20.6,19.8,80,11.4,0
20.6,19.8,80,11.4,1
20.6,19.8,80,11.4,0
20.6,19.8,80,11.4,0
20.6,19.8,79,11.4,1
20.6,19.8,79,5.8,0
20.6,19.8,79,9.2,1
20.6,19.8,79,6.9,0
20.6,19.8,79,9.2,1
20.6,19.8,80,10.3,0
20.6,19.8,80,11.4,1
21.8,21.8,70,17.2,0
21.8,21.8,71,10.3,1
21.8,21.8,71,9.2,0
21.8,21.8,71,13.9,0
21.8,21.8,71,11.4,1
21.8,21.8,71,9.2,0
21.8,21.8,71,11.4,1
21.8,21.8,71,9.2,0
21.8,21.8,71,5.8,1
22.8,1000,72,9.2,0
23.8,22.2,69,13.9,1
23.8,1000,70,16.1,0
24.8,1000,71,10.3,1
25.8,1000,72,11.4,0
26.8,1000,73,5.8,0
27.8,1000,74,8.1,1
28.8,1000,75,6.9,0
29.8,1000,76,8.1,1
30.8,1000,77,16.1,0
31.8,1000,78,12.8,1
32.8,1000,79,11.4,0
33.8,33.8,38,9.2,1
33.8,33.2,37,5.8,0
33.8,28.5,45,11.4,1
33.8,25.8,53,13.9,0
33.8,24.1,58,16.1,0
33.8,23.8,62,11.4,1
33.8,23,63,9.2,0
33.8,23,63,11.4,1
33.8,22.6,65,8.1,0
20.6,20.6,80,4.7,1
20.6,20.6,81,5.8,0
21,20.6,81,13.9,1
21,20.6,81,8.1,0
21,20.6,81,8.1,1
21.8,21.8,71,9.2,0
21.8,21.8,70,6.9,0
22.2,21.8,67,5.8,1
22.3,21.8,69,8.1,0
19.4,19.4,82,13.9,1
19.4,19.4,82,15,0
19.4,19.4,82,16.1,1
19.4,19.4,80,10.3,0
19.4,19.4,82,9.2,1
19.4,19.4,82,10.3,0
19.5,19.4,82,13.9,1
19.8,19.4,82,11.4,0
19.4,19.4,82,9.2,0
19.4,19.4,82,11.4,1
19.4,19.4,82,13.9,0
19.4,19.4,82,6.9,1
19.8,19.4,82,4.7,0
19.8,19.4,82,10.3,1
19.8,19.4,82,9.2,0
20.2,19.4,79,9.2,1
20.2,19.4,76,9.2,0
21.4,21.4,73,7.3,1
21.4,21.4,73,12.8,0
21.4,21.4,73,5.8,0
21.4,21.4,72,11.4,1
21.4,21.4,72,18.3,0
21.4,21.4,72,11.4,1
21.4,21.4,71,8.1,0
21.4,21.4,72,8.1,1
21.8,21.4,72,6.9,0
21.8,21.4,72,5.8,1
21.8,21.4,72,6.9,0
21.8,21.4,72,4.7,1
21.8,21.4,72,5.8,0
21.8,21.4,72,10.3,0
21.8,21.4,71,9.2,1
21.8,21.4,71,11.4,0
21.8,21.4,71,53,1
21.8,21.4,71,9.2,0
21.8,21.4,71,10.3,1
21.8,21.4,71,10.3,0
21.8,21.4,69,11.4,1
22.2,21.4,69,6.9,0
23.2,1000,70,9.2,1
24.2,21.4,70,11.4,0
25.2,1000,71,10.3,0
26.2,1000,72,9.2,1
27.2,27.6,67,8.1,0
28.2,27.6,64,5.8,1
29.2,25.8,60,5.8,0
30.2,25.8,60,6.9,1
31.2,25.8,58,9.2,0
32.2,1000,59,9.2,1
33.2,1000,60,8.1,0
27.1,27.1,58,9.2,1
27.1,27.1,57,11.4,0
27.1,27.1,56,8.1,0
22.2,22.2,70,6.9,1
22.2,22.2,71,4.7,0
22.2,22.2,73,5.8,1
22.2,22.2,73,5.8,0
22.2,22.2,73,8.1,1
22.2,22.2,73,9.2,0
22.2,22.2,73,6.9,1
22.2,22.2,73,8.1,0
22.2,22.2,73,9.2,1
22.2,22.2,73,9.2,0
22.2,22.2,74,11.4,0
22.2,22.2,74,13.9,1
22.2,22.2,73,6.9,0
22.2,22.2,74,5.8,1
22.6,22.2,74,5.8,0
22.6,22.2,74,5.8,1
22.6,22.2,74,9.2,0
22.6,22.2,75,12.8,1
22.6,22.2,74,10.3,0
22.6,22.2,75,9.2,1
22.6,22.2,74,8.1,0
22.6,22.2,75,6.9,0
22.6,22.2,75,6.9,1
22.6,22.2,74,12.8,0
22.6,22.2,74,10.3,1
22.6,22.2,74,9.2,0
22.6,22.2,74,6.9,1
22.6,22.2,74,8.1,0
22.6,22.2,74,8.1,1
22.6,22.2,74,10.3,0
22.6,22.2,74,11.4,1
22.6,22.2,74,8.1,0
22.6,22.2,74,9.2,0
22.6,22.2,74,11.4,1
22.6,22.2,74,6.9,0
22.6,22.2,74,5.8,1
22.6,22.2,74,4.7,0
22.6,22.2,75,4.7,1
22.6,22.2,75,3.4,0
22.6,22.2,75,6.9,1
22.6,22.2,74,6.9,0
22.6,22.2,75,9.2,1
22.6,22.2,75,13.9,0
22.6,22.2,75,11.4,0
22.6,22.2,75,9.2,1
22.6,22.2,75,8.1,0
22.6,22.2,75,6.9,1
22.6,22.2,74,10.3,0
22.6,22.2,74,6.9,1
22.6,22.2,73,6.9,0
22.6,22.2,74,8.1,1
22.6,22.2,74,6.9,0
22.6,22.2,74,6.9,1
22.6,22.2,74,13.9,0
22.6,22.2,74,9.2,0
22.6,22.2,74,10.3,1
22.6,22.2,74,9.2,0
22.6,22.2,74,11.4,1
22.6,22.2,74,15,0
22.6,22.2,75,8.1,1
22.6,22.2,75,6.9,0
22.6,22.2,75,8.1,1
22.6,22.2,75,6.9,0
22.6,22.2,75,6.9,1
22.6,22.2,75,8.1,0
22.6,22.2,74,8.1,0
22.6,22.2,74,5.8,1
23.6,1000,75,6.9,0
21.4,21.4,85,8.1,1
21.4,21.4,86,11.4,0
21.4,21.4,85,12.8,1
21.4,21.4,82,11.4,0
21.4,21,81,6.9,1
21.4,21,81,6.9,0
26.2,26.2,73,9.2,1
26.7,26.2,73,6.9,0
26.7,26.2,74,11.4,0
26.7,26.2,73,12.8,1
26.7,26.2,72,11.4,0
26.7,26.2,72,8.1,1
26.7,26.2,71,6.9,0
26.7,26.2,72,6.9,1
26.7,26.2,72,8.1,0
26.7,26.2,71,5.8,1
27.1,27.1,84,11.4,0
27.1,27.1,85,11.4,1
28.1,1000,86,12.8,0
29.1,1000,87,11.4,0
30.1,1000,88,8.1,1
31.1,1000,89,10.3,0
28.5,28.5,93,8.1,1
28.5,28.5,91,11.4,0
28.5,28,84,9.2,1
28.5,28,81,11.4,0
28.5,27.6,83,6.9,1
28.5,27.6,84,8.1,0
28.5,27.6,84,6.9,1
28.5,27.6,84,11.4,0
28.5,27.6,84,12.8,0
27.6,27.6,84,5.8,1
28,27.6,83,9.2,0
28,27.6,81,10.3,1
28,27.6,81,9.2,0
28,27.6,81,9.2,1
28,27.6,80,6.9,0
28,27.6,80,5.8,1
28,27.6,80,8.1,0
28,27.6,80,9.2,1
29,25.7,81,11.4,0
26.7,26.7,82,9.2,0
26.7,26.7,82,6.9,1
26.7,26.7,82,9.2,0
26.7,26.2,79,12.8,1
27.7,23.8,80,10.3,0
24.8,24.8,75,9.2,1
24.8,24.8,75,9.2,0
25.3,24.8,75,6.9,1
25.3,24.8,75,13.9,0
25.3,24.8,74,11.4,1
25.3,24.8,74,10.3,0
25.3,24.8,73,11.4,0
25.3,24.8,73,17.2,1
25.3,24.8,73,15,0
25.3,24.8,73,12.8,1
25.3,24.8,74,13.9,0
25.3,24.8,74,18.3,1
25.8,24.8,73,17.2,0
25.8,24.8,74,15,1
25.8,24.8,74,11.4,0
25.8,24.8,74,18.3,1
25.8,24.8,74,13.9,0
25.8,24.8,73,16.1,0
25.8,24.8,74,17.2,1
25.8,24.8,73,17.2,0
25.8,24.8,73,18.3,1
25.8,24.8,73,16.1,0
25.8,24.8,73,19.7,1
25.8,24.8,73,17.2,0
25.8,24.8,70,19.7,1
25.8,24.8,69,16.3,0
-1000,1000,70,18.3,1
-1000,1000,71,16.1,0
25.3,25.3,74,18.3,0
25.3,25.3,74,16.1,1
25.3,25.3,73,16.1,0
25.3,25.3,73,16.1,1
25.8,25.3,73,18.3,0
25.8,25.3,73,16.1,1
25.8,25.3,73,17.2,0
25.8,25.3,73,16.1,1
25.8,25.3,73,16.1,0
25.8,25.3,73,19.7,1
25.8,25.3,73,16.1,0
25.8,25.3,73,16.1,0
25.8,25.3,73,16.1,1
25.8,25.3,72,13.9,0
25.8,25.3,73,15,1
25.8,25.3,73,18.3,0
25.8,25.3,73,17.2,1
25.8,25.3,73,17.2,0
25.8,25.3,73,13.9,1
25.8,25.3,73,19.7,0
25.8,25.3,73,16.1,1
25.8,25.3,72,13.9,0
25.8,25.3,72,11.4,0
25.8,25.3,72,13.9,1
26.2,26.2,66,9.2,0
26.2,26.2,68,13.9,1
26.2,26.2,70,8.1,0
26.2,26.2,71,10.3,1
26.2,26.2,66,15,0
27.1,27.1,66,16.1,1
28.1,25.1,67,9.2,0
29.1,26.1,68,11.4,1
27.1,27.1,69,16.1,0
27.1,27.1,70,28.9,0
27.1,26.7,71,23,1
27.1,26.7,72,23,0
27.1,26.7,73,19.7,1
-1000,1000,74,19.7,0
26.7,26.7,70,17.2,1
26.7,26.7,70,20.8,0
26.7,26.7,69,17.2,1
27.6,27.6,70,28.9,0
27.6,27.6,70,13.9,1
27.6,27.6,69,9.2,0
27.6,27.6,69,13.9,0
27.6,27.6,69,15,1
27.6,27.6,69,11.4,0
28,27.6,68,8.1,1
28,27.6,67,16.1,0
28,27.6,67,13.9,1
28,27.6,67,11.4,0
28,27.6,67,10.3,1
28,27.6,66,11.4,0
28,27.6,66,12.8,1
28,27.6,67,12.8,0
28,27.6,67,17.2,0
28,27.6,67,18.3,1
28,27.6,67,17.2,0
28,27.6,67,17.2,1
28,27.6,67,17.2,0
28,27.6,67,16.1,1
28,27.6,67,17.2,0
28,27.6,67,20.8,1
28.4,27.6,67,16.1,0
28.5,27.6,66,17.2,1
28.5,27.6,66,28.9,0
28.5,27.6,66,13.9,0
28.5,27.6,66,16.1,1
28.5,27.6,66,23,0
28.5,27.6,66,17.2,1
28.5,27.6,66,23,0
28,28,78,11.4,1
28,28,78,11.4,0
28,28,78,11.4,1
28,28,78,15,0
28,28,77,11.4,1
28,28,77,9.2,0
28,28,76,9.2,0
28.5,28,76,12.8,1
28.5,28,76,13.9,0
28.5,28,76,13.9,1
28.5,28,76,9.2,0
28.5,28,76,11.4,1
28.5,28,75,8.1,0
28.5,28,75,11.4,1
29.4,29.4,52,12.8,0
29.6,29.4,53,10.3,1
29.8,29.4,46,13.9,0
30.2,29.4,41,11.4,0
26.2,26.2,58,16.1,1
26.2,26.2,59,13.9,0
26.4,26.2,51,11.4,1
26.7,26.2,49,13.9,0
26.7,26.2,49,16.1,1
26.7,26.2,48,13.9,0
26.7,26.2,48,13.9,1
26.7,26.2,48,13.9,0
27.1,26.2,48,13.9,1
27.1,26.2,48,13.9,0
27.1,26.2,48,12.8,0
27.1,26.2,48,12.8,1
27.1,26.2,48,16.1,0
27.1,26.2,48,13.9,1
27.1,26.2,48,11.4,0
27.1,26.2,49,13.9,1
27.1,26.2,49,10.3,0
27.1,26.2,49,11.4,1
27.6,26.2,49,9.2,0
27.6,26.2,49,11.4,1
27.6,26.2,49,9.2,0
27.6,26.2,50,10.3,0
27.6,26.2,48,13.9,1
27.6,26.2,49,11.4,0
27.6,26.2,49,13.9,1
27.6,26.2,49,11.4,0
27.6,26.2,49,5.8,1
27.6,26.2,49,8.1,0
27.6,26.2,49,12.8,1
27.6,26.2,49,11.4,0
27.6,26.2,49,10.3,1
27.7,26.2,49,11.4,0
28,26.2,49,13.9,0
28,26.2,49,11.4,1
28,26.2,49,11.4,0
28,26.2,49,6.9,1
28,26.2,49,16.1,0
29,1000,50,17.2,1
30,1000,51,13.9,0
31,1000,52,9.2,1
32,1000,53,9.2,0
33,1000,54,17.2,1
34,1000,55,18.3,0
35,1000,56,15,0
36,1000,57,11.4,1
37,1000,58,8.1,0
38,1000,59,9.2,1
39,1000,60,11.4,0
40,1000,61,12.8,1
33.3,33.3,47,10.3,0
33.3,33.3,48,11.4,1
33.3,32.8,49,13.9,0
33.3,32.8,49,18.3,1
33.3,32.8,49,10.3,0
33.3,32.8,49,11.4,0
33.3,32.8,48,11.4,1
33.3,32.8,48,12.8,0
33.3,32.8,48,15.5,1
33.3,32.8,49,13.9,0
33.3,32.8,49,17.2,1
33.3,32.8,49,6.9,0
33.3,32.8,49,8.1,1
33.3,32.8,49,10.3,0
33.3,32.8,49,13.9,1
33.3,32.8,48,15,0
33.3,32.8,48,13.9,0
33.3,33.3,49,9.2,1
33.3,33.3,49,13.9,0
33.3,33.3,48,64.4,1
33.3,33.3,48,10.3,0
33.3,33.3,47,6.9,1
33.3,33.3,47,11.4,0
33.3,33.3,48,6.9,1
33.3,33.3,50,10.3,0
33.3,33.3,48,9.2,1
33.3,33.3,48,9.2,0
33.3,33.3,48,11.4,0
33.3,33.3,48,11.4,1
33.3,33.3,48,9.2,0
33.3,33.3,49,8.1,1
33.3,33.3,48,9.2,0
33.3,33.3,48,6.9,1
33.3,33.3,48,8.1,0
33.3,33.3,49,6.9,1
33.3,33.3,49,5.8,0
33.3,33.3,49,16.1,1
33.3,33.3,49,6.9,0
33.3,33.3,49,11.4,0
33.3,33.3,49,15,1
33.3,33.3,49,18.3,0
33.3,33.3,49,9.2,1
33.3,33.3,49,5.8,0
33.3,33.3,49,10.3,1
33.3,33.3,48,13.9,0
33.3,33.3,49,10.3,1
33.3,33.3,49,11.4,0
33.3,33.3,49,13.9,1
33.3,33.3,49,11.4,0
33.3,33.3,49,11.4,0
33.3,33.3,49,8.1,1
33.3,33.3,49,13.9,0
33.3,33.3,49,11.4,1
33.3,33.3,49,11.4,0
33.3,33.3,49,11.4,1
33.3,33.3,49,15,0
33.3,33.3,49,12.8,1
33.3,33.3,49,11.4,0
33.3,33.3,49,9.2,1
33.3,33.3,49,17.2,0
33.3,33.3,49,11.4,0
33.3,33.3,49,5.8,1
33.3,33.3,49,9.2,0
33.3,33.3,49,11.4,1
33.3,33.3,49,9.2,0
33.3,33.3,49,8.1,1
33.3,33.3,48,8.1,0
33.3,33.3,49,11.4,1
33.3,33.3,48,9.2,0
33.3,33.3,48,6.9,1
33.3,33.3,48,9.2,0
33.3,33.3,48,10.3,0
33.3,33.3,48,6.9,1
33.3,33.3,48,5.8,0
33.3,33.3,48,6.9,1
33.3,33.3,48,8.1,0
33.3,33.3,48,11.4,1
33.3,33.3,48,6.9,0
33.3,33.3,48,9.2,1
33.3,33.3,48,10.3,0
33.3,33.3,48,10.3,1
33.3,33.3,48,9.2,0
33.3,33.3,49,8.1,0
33.3,33.3,48,9.2,1
33.3,33.3,48,13.9,0
33.3,33.3,48,11.4,1
33.3,33.3,48,8.1,0
33.3,33.3,48,10.3,1
33.3,33.3,48,9.2,0
33.3,33.3,48,9.2,1
33.3,32.8,49,10.3,0
33.3,32.8,49,10.3,1
33.3,32.8,49,8.1,0
33.3,32.8,49,4.7,0
33.3,32.8,49,9.2,1
33.3,32.8,49,9.2,0
33.3,32.8,49,9.2,1
33.3,32.8,49,32.5,0
33.3,32.8,49,10.3,1
33.3,32.8,49,9.2,0
33.3,32.8,49,9.2,1
33.3,32.8,49,10.3,0
33.3,32.8,49,10.3,1
33.3,32.8,49,9.2,0
33.3,32.8,49,8.1,0
33.3,32.8,49,9.2,1
33.3,32.8,49,11.4,0
33.3,32.8,48,6.9,1
33.3,32.8,49,4.7,0
33.3,32.8,50,6.9,1
33.3,32.8,51,10.3,0
33.3,32.8,52,11.4,1
33.3,32.8,53,13.9,0
33.3,32.8,54,9.2,1
33.3,32.8,55,6.9,0
33.3,32.8,56,9.2,0
33.3,32.8,57,9.2,1
33.3,32.8,58,6.9,0
33.3,32.8,59,6.9,1
33.3,32.8,60,49.6,0
34.3,1000,61,8.1,1
35.3,1000,62,9.2,0
36.3,1000,63,8.1,1
37.3,1000,64,10.3,0
38.3,0,65,9.2,1
39.3,1000,66,6.9,0
40.3,1000,67,5.8,0
41.3,1000,68,6.9,1
42.3,1000,69,7.9,0
33.8,33.8,57,,1
33.8,33.8,57,,0
33.8,33.3,56,,1
33.8,33.3,56,,0
33.8,33.3,56,,1
33.8,32.8,58,,0
33.8,32.8,58,,1
33.8,32.8,58,,0
33.8,32.8,58,,0
33.8,32.8,58,,1
33.8,32.8,58,,0
33.8,32.8,58,,1
33.8,32.8,58,,0
33.8,32.8,58,,1
33.8,32.8,58,,0
33.8,32.8,58,,1
33.8,32.8,58,,0
33.8,32.8,58,,1
33.8,32.8,58,,0
33.8,32.8,58,,0
33.8,32.8,58,,1
33.8,32.8,58,,0
33.8,32.8,58,,1
33.8,32.8,59,,0
33.8,32.8,58,,1
33.8,32.8,59,,0
33.8,32.8,59,,1
33.8,32.8,58,,0
33.8,32.8,57,,1
33.8,32.8,57,,0
33.8,32.8,57,,0
33.8,32.8,57,,1
33.8,32.8,57,,0
33.8,32.8,57,,1
33.8,32.8,57,,0
33.8,32.8,58,,1
33.8,32.8,58,,0
33.8,32.8,58,,1
33.8,32.8,58,,0
33.8,32.8,58,,1
33.8,32.8,58,,0
33.8,32.8,58,,0
33.8,32.8,58,,1
33.8,32.8,58,,0
33.8,32.8,59,,1
33.8,32.8,59,,0
33.8,32.8,59,,1
33.8,32.8,59,,0
33.8,32.8,59,,1
33.8,32.8,59,,0
33.8,32.8,59,,1
33.8,32.8,59,,0
33.8,32.8,59,,0
33.8,32.8,59,,1
33.8,32.8,59,,0
33.8,32.8,59,,1
33.8,32.8,59,,0
33.8,32.8,59,,1
33.8,32.8,59,,0
33.8,32.8,59,,1
33.8,32.8,59,,0
33.8,32.8,59,,1
33.8,32.8,59,,0
33.8,32.8,59,,0
33.8,32.8,59,,1
33.8,32.8,59,,0
33.8,32.8,59,,1
33.8,32.8,59,,0
33.8,32.8,59,,1
33.8,32.8,59,,0
33.8,32.8,59,,1
33.8,32.8,59,,0
33.8,32.8,59,,1
33.8,32.8,59,,0
33.8,32.8,59,,0
33.8,32.8,59,,1
33.8,32.8,59,,0
33.8,32.8,59,,1
33.8,32.8,59,,0
33.8,32.8,59,,1
33.8,32.8,59,,0
33.8,32.8,59,,1
33.8,32.8,60,,0
33.8,32.8,59,,1
33.8,32.8,60,,0
33.8,32.8,61,,0
33.8,32.8,60,,1
34.8,1000,61,,0
35.8,1000,62,,1
36.8,1000,63,,0
37.8,1000,59,,1
38.8,1000,60,,0
39.8,1000,61,,1
28.3,1000,62,,0
29.3,1000,63,,1
30.3,1000,64,,0
31.3,1000,65,,0
32.3,1000,66,,1
33.3,33.3,66,,0
33.3,33.3,61,,1
33.3,32.8,57,,0
33.3,32.8,58,,1
33.3,32.3,58,,0
33.3,32.3,58,,1
33.3,32.3,58,,0
32.3,32.3,59,,1
32.3,32.3,59,,0
32.3,32.3,59,,0
32.3,32.3,59,,1
32.3,32.3,60,,0
32.3,31.8,61,,1
32.3,31.8,60,,0
32.3,31.8,60,,1
32.3,31.8,60,,0
32.3,31.8,61,,1
32.3,31.8,61,,0
32.3,31.8,62,,1
32.3,31.8,62,,0
32.3,31.8,62,,0
32.3,31.8,62,,1
32.3,31.8,62,,0
32.3,31.8,63,,1
32.3,31.8,64,,0
32.3,31.8,64,,1
32.3,31.8,65,,0
29.3,29.3,62,,1
29.3,29.3,63,,0
29.3,29.3,63,,1
29.8,29.3,63,,0
29.8,29.3,62,,0
29.8,29.3,63,,1
29.8,29.3,63,,0
29.8,29.3,63,,1
29.8,29.3,63,,0
29.8,29.3,64,,1
29.8,29.3,63,,0
29.8,29.3,63,,1
29.8,29.3,63,,0
29.8,29.3,62,,1
29.8,29.3,63,,0
29.8,29.3,63,,0
29.8,29.3,63,,1
29.8,29.3,63,,0
29.8,29.3,63,,1
29.8,29.3,63,,0
29.8,29.3,63,,1
29.8,29.3,63,,0
29.8,29.3,63,,1
29.8,29.3,63,,0
29.8,29.8,65,,1
28.9,30.8,66,,0
28.9,31.8,67,,0
28.9,29.8,68,,1
28.9,29.8,69,,0
28.9,29.8,70,,1
28.9,29.8,71,,0
29.3,29.8,72,,1
29.3,29.8,73,,0
29.3,29.8,74,,1
29.3,29.8,75,,0
29.3,28.9,76,,1
29.3,28.9,77,,0
29.3,28.9,78,,0
29.3,28.9,79,,1
29.3,28.9,80,,0
29.3,28.9,81,,1
29.3,29.3,82,,0
29.3,29.3,83,,1
29.3,29.3,84,,0
29.3,29.3,85,,1
29.3,29.3,86,,0
29.3,29.3,87,,1
29.3,29.3,88,,0
29.3,29.3,89,,0
29.3,16.5,90,,1
29.3,17.5,50,,0
29.3,18.5,51,,1
29.3,19.5,52,,0
29.3,20.5,53,,1
29.3,16.5,54,,0
29.3,17.5,55,,1
29.3,18.5,56,,0
29.3,19.5,57,,1
29.3,20.5,58,,0
29.3,21.5,59,,0
29.3,22.5,60,,1
29.3,14.6,61,,0
29.3,15.6,62,,1
29.3,16.6,63,,0
29.3,17.6,64,,1
29.3,18.6,65,,0
29.3,19.6,66,,1
29.3,20.6,67,,0
29.8,21.6,79,,1
29.8,22.6,77,,0
29.8,23.6,78,,0
29.8,24.6,79,,1
29.8,25.6,78,,0
29.8,26.6,78,,1
29.8,27.6,78,,0
29.8,28.6,77,,1
29.8,29.6,77,,0
29.8,30.6,77,,1
29.8,22.5,78,,0
29.8,23.5,78,,1
29.8,24.5,79,,0
29.8,25.5,78,,0
29.8,26.5,79,,1
29.8,27.5,78,,0
29.8,28.5,78,,1
29.8,29.5,77,,0
29.8,30.5,78,,1
29.8,20.5,77,,0
27.1,21.5,79,,1
27.1,22.5,79,,0
27.1,23.5,79,,1
27.1,24.5,79,,0
27.1,25.5,79,,0
27.1,26.5,78,,1
26.7,27.5,79,,0
26.7,28.5,79,,1
27.7,29.5,78,,0
28.7,30.5,78,,1
34.2,31.5,78,,0
34.2,32.5,78,,1
35.2,33.5,78,,0
36.2,34.5,79,,1
37.2,16.6,78,,0
38.2,17.6,78,,0
39.2,18.6,78,,1
33.8,19.6,80,,0
33.8,20.6,80,,1
33.8,21.6,80,,0
33.9,22.6,80,,1
34.2,23.6,80,,0
34.2,24.6,80,,1
34.2,25.6,80,,0
34.2,17.6,80,,1
34.2,18.6,81,,0
34.2,19.6,80,,0
34.2,20.6,80,,1
34.2,21.6,80,,0
34.2,22.6,81,,1
34.2,23.6,81,,0
34.2,24.6,80,,1
34.2,25.6,80,,0
34.2,15.6,80,,1
34.2,16.6,81,,0
34.2,17.6,81,,1
35.2,18.6,80,,0
36.2,19.6,80,,0
34.2,20.6,80,,1
34.2,21.6,80,,0
34.2,22.6,80,,1
34.2,20.6,80,,0
34.2,21.6,80,,1
34.2,22.6,80,,0
34.2,23.6,80,,1
35.2,24.6,80,,0
35.2,25.6,80,,1
35.2,26.6,80,,0
35.2,27.6,80,,0
35.2,28.6,80,,1
36.2,29.6,80,,0
35.6,30.6,80,,1
35.6,31.6,80,,0
35.6,32.6,81,,1
35.6,33.6,81,,0
35.6,34.6,80,,1
20.2,19.4,81,,0
20.2,19.4,81,,1
20.2,19.4,81,,0
20.2,19.4,81,,1
20.2,19.4,81,,0
20.2,19.4,81,,1
20.2,19.4,81,,0
20.2,19.4,81,,1
20.2,19.4,81,,0
20.2,19.4,81,,1
20.2,19.4,82,,0
20.2,20.2,82,,0
20.2,20.2,82,,1
20.2,20.2,82,,0
21.8,20.2,82,,1
21.8,20.2,82,,0
21.8,20.2,81,,1
21.8,20.2,81,,0
21.8,20.2,81,,1
21.8,20.2,81,,0
21.8,20.2,81,,1
22.2,20.2,81,,0
22.2,20.2,81,,0
22.2,20.2,81,,1
22.2,20.2,81,,0
22.2,20.2,81,,1
22.2,20.2,81,,0
22.2,20.2,81,,1
21.8,20.2,81,,0
21.8,20.2,81,,1
21.8,20.2,81,,0
21.8,20.2,81,,1
-1000,20.2,81,,0
-1000,18.2,80,,0
22.2,18.2,81,,1
22.2,18.2,81,,0
22.2,18.2,81,,1
22.2,18.2,81,,0
-1000,18.2,80,,1
22.6,18.2,79,,0
22.6,18.2,79,,1
22.6,18.2,79,,0
22.6,18.2,79,,1
22.6,18.2,81,,0
22.6,18.2,81,,1
22.6,18.2,80,,0
22.6,18.2,80,,1
22.7,19.8,80,,0
22.7,19.8,80,,1
22.7,19.8,80,,0
22.7,19.8,80,,1
22.7,19.8,79,,0
22.7,19.8,79,,0
